[
    {
      "model": "energytransfers.substation",
      "pk": 1,
      "fields": {
        "latitudeSubstation": "3.372908",
        "lengthSubstation": "-76.532479",
        "is_active": true
      }
    },
    {
      "model": "energytransfers.substation",
      "pk": 2,
      "fields": {
        "latitudeSubstation": "3.428119",
        "lengthSubstation": "-76.479726",
        "is_active": true
      }
    },
    {
      "model": "energytransfers.substation",
      "pk": 3,
      "fields": {
        "latitudeSubstation": "3.425783",
        "lengthSubstation": "-76.508505",
        "is_active": true
      }
    },
    {
      "model": "energytransfers.substation",
      "pk": 4,
      "fields": {
        "latitudeSubstation": "3.456173",
        "lengthSubstation": "-76.532861",
        "is_active": true
      }
    },
    {
      "model": "energytransfers.substation",
      "pk": 5,
      "fields": {
        "latitudeSubstation": "3.467536",
        "lengthSubstation": "-76.495797",
        "is_active": true
      }
    },
    {
      "model": "energytransfers.transformator",
      "pk": 1,
      "fields": {
        "latitudeTransformator": "3.395716",
        "lengthTransformator": "-76.54822",
        "is_active": true,
        "substationTransformator": 1
      }
    },
    {
      "model": "energytransfers.transformator",
      "pk": 2,
      "fields": {
        "latitudeTransformator": "3.380439",
        "lengthTransformator": "-76.54449",
        "is_active": true,
        "substationTransformator": 1
      }
    },
    {
      "model": "energytransfers.transformator",
      "pk": 3,
      "fields": {
        "latitudeTransformator": "3.42622",
        "lengthTransformator": "-76.480782",
        "is_active": true,
        "substationTransformator": 2
      }
    },
    {
      "model": "energytransfers.transformator",
      "pk": 4,
      "fields": {
        "latitudeTransformator": "3.418405",
        "lengthTransformator": "-76.471679",
        "is_active": true,
        "substationTransformator": 2
      }
    },
    {
      "model": "energytransfers.transformator",
      "pk": 5,
      "fields": {
        "latitudeTransformator": "3.427807",
        "lengthTransformator": "-76.50048",
        "is_active": true,
        "substationTransformator": 3
      }
    },
    {
      "model": "energytransfers.transformator",
      "pk": 6,
      "fields": {
        "latitudeTransformator": "3.433637",
        "lengthTransformator": "-76.504623",
        "is_active": true,
        "substationTransformator": 3
      }
    },
    {
      "model": "energytransfers.transformator",
      "pk": 7,
      "fields": {
        "latitudeTransformator": "3.44834",
        "lengthTransformator": "-76.538648",
        "is_active": true,
        "substationTransformator": 4
      }
    },
    {
      "model": "energytransfers.transformator",
      "pk": 8,
      "fields": {
        "latitudeTransformator": "3.448628",
        "lengthTransformator": "-76.523636",
        "is_active": true,
        "substationTransformator": 4
      }
    },
    {
      "model": "energytransfers.transformator",
      "pk": 9,
      "fields": {
        "latitudeTransformator": "3.465657",
        "lengthTransformator": "-76.500669",
        "is_active": true,
        "substationTransformator": 5
      }
    },
    {
      "model": "energytransfers.transformator",
      "pk": 10,
      "fields": {
        "latitudeTransformator": "3.484713",
        "lengthTransformator": "-76.497644",
        "is_active": true,
        "substationTransformator": 5
      }
    },
    {
      "model": "energytransfers.counter",
      "pk": 1,
      "fields": {
        "latitudeCounter": "3.429708",
        "lengthCounter": "-76.501172",
        "value": 800,
        "is_active": true,
        "addressCounter": "Cra. 28c #50-2 a 50-178",
        "stratum": 3,
        "transformatorCounter": 1
      }
    },
    {
      "model": "energytransfers.counter",
      "pk": 2,
      "fields": {
        "latitudeCounter": "3.429556",
        "lengthCounter": "-76.504896",
        "value": 850,
        "is_active": true,
        "addressCounter": "Tv. 33g #28e-2 a 28e-64",
        "stratum": 3,
        "transformatorCounter": 1
      }
    },
    {
      "model": "energytransfers.counter",
      "pk": 3,
      "fields": {
        "latitudeCounter": "3.428764",
        "lengthCounter": "-76.506723",
        "value": 870,
        "is_active": true,
        "addressCounter": "Dg. 28d #29-2 a 29-96",
        "stratum": 3,
        "transformatorCounter": 1
      }
    },
    {
      "model": "energytransfers.counter",
      "pk": 4,
      "fields": {
        "latitudeCounter": "3.430769",
        "lengthCounter": "-76.508757",
        "value": 950,
        "is_active": true,
        "addressCounter": "Tv. 28a #27a-89 a 27a-1",
        "stratum": 3,
        "transformatorCounter": 1
      }
    },
    {
      "model": "energytransfers.counter",
      "pk": 5,
      "fields": {
        "latitudeCounter": "3.43748",
        "lengthCounter": "-76.508385",
        "value": 768,
        "is_active": true,
        "addressCounter": "Cl. 33f #23-12 a 23-64",
        "stratum": 3,
        "transformatorCounter": 1
      }
    },
    {
      "model": "energytransfers.counter",
      "pk": 6,
      "fields": {
        "latitudeCounter": "3.470128",
        "lengthCounter": "-76.490096",
        "value": 790,
        "is_active": true,
        "addressCounter": "Cl. 64a #2d-39 a 2d-1",
        "stratum": 3,
        "transformatorCounter": 2
      }
    },
    {
      "model": "energytransfers.counter",
      "pk": 7,
      "fields": {
        "latitudeCounter": "3.462938",
        "lengthCounter": "-76.504564",
        "value": 800,
        "is_active": true,
        "addressCounter": "Cl. 46 #4b-8 a 4b-28",
        "stratum": 3,
        "transformatorCounter": 2
      }
    },
    {
      "model": "energytransfers.counter",
      "pk": 8,
      "fields": {
        "latitudeCounter": "3.459106",
        "lengthCounter": "-76.487694",
        "value": 941,
        "is_active": true,
        "addressCounter": "Cra. 7f #64-65 a 64-1",
        "stratum": 3,
        "transformatorCounter": 2
      }
    },
    {
      "model": "energytransfers.counter",
      "pk": 9,
      "fields": {
        "latitudeCounter": "3.475513",
        "lengthCounter": "-76.50132",
        "value": 874,
        "is_active": true,
        "addressCounter": "Cra. 1B #5450",
        "stratum": 3,
        "transformatorCounter": 2
      }
    },
    {
      "model": "energytransfers.counter",
      "pk": 10,
      "fields": {
        "latitudeCounter": "3.471357",
        "lengthCounter": "-76.498292",
        "value": 1024,
        "is_active": true,
        "addressCounter": "Cra. 1d 2 #56-94",
        "stratum": 3,
        "transformatorCounter": 2
      }
    },
    {
      "model": "energytransfers.history",
      "pk": 1,
      "fields": {
        "current": 400,
        "consumption": 17,
        "registryHistory": "2020-04-30",
        "counter": 1
      }
    },
    {
      "model": "energytransfers.history",
      "pk": 2,
      "fields": {
        "current": 400,
        "consumption": 48,
        "registryHistory": "2020-05-13",
        "counter": 1
      }
    },
    {
      "model": "energytransfers.history",
      "pk": 3,
      "fields": {
        "current": 400,
        "consumption": 500,
        "registryHistory": "2020-04-30",
        "counter": 2
      }
    },
    {
      "model": "energytransfers.history",
      "pk": 4,
      "fields": {
        "current": 400,
        "consumption": 30,
        "registryHistory": "2020-05-13",
        "counter": 2
      }
    },
    {
      "model": "energytransfers.history",
      "pk": 5,
      "fields": {
        "current": 400,
        "consumption": 38,
        "registryHistory": "2020-04-30",
        "counter": 3
      }
    },
    {
      "model": "energytransfers.history",
      "pk": 6,
      "fields": {
        "current": 400,
        "consumption": 28,
        "registryHistory": "2020-05-13",
        "counter": 3
      }
    },
    {
      "model": "energytransfers.history",
      "pk": 7,
      "fields": {
        "current": 400,
        "consumption": 11,
        "registryHistory": "2020-04-30",
        "counter": 4
      }
    },
    {
      "model": "energytransfers.history",
      "pk": 8,
      "fields": {
        "current": 400,
        "consumption": 23,
        "registryHistory": "2020-05-13",
        "counter": 4
      }
    },
    {
      "model": "energytransfers.history",
      "pk": 9,
      "fields": {
        "current": 400,
        "consumption": 31,
        "registryHistory": "2020-04-30",
        "counter": 5
      }
    },
    {
      "model": "energytransfers.history",
      "pk": 10,
      "fields": {
        "current": 400,
        "consumption": 18,
        "registryHistory": "2020-05-13",
        "counter": 5
      }
    },
    {
      "model": "energytransfers.history",
      "pk": 11,
      "fields": {
        "current": 400,
        "consumption": 11,
        "registryHistory": "2020-04-30",
        "counter": 6
      }
    },
    {
      "model": "energytransfers.history",
      "pk": 12,
      "fields": {
        "current": 400,
        "consumption": 17,
        "registryHistory": "2020-05-13",
        "counter": 6
      }
    },
    {
      "model": "energytransfers.history",
      "pk": 13,
      "fields": {
        "current": 400,
        "consumption": 14,
        "registryHistory": "2020-04-30",
        "counter": 7
      }
    },
    {
      "model": "energytransfers.history",
      "pk": 14,
      "fields": {
        "current": 400,
        "consumption": 22,
        "registryHistory": "2020-05-13",
        "counter": 7
      }
    },
    {
      "model": "energytransfers.history",
      "pk": 15,
      "fields": {
        "current": 400,
        "consumption": 23,
        "registryHistory": "2020-04-30",
        "counter": 8
      }
    },
    {
      "model": "energytransfers.history",
      "pk": 16,
      "fields": {
        "current": 400,
        "consumption": 29,
        "registryHistory": "2020-05-13",
        "counter": 8
      }
    },
    {
      "model": "energytransfers.history",
      "pk": 17,
      "fields": {
        "current": 400,
        "consumption": 23,
        "registryHistory": "2020-04-30",
        "counter": 9
      }
    },
    {
      "model": "energytransfers.history",
      "pk": 18,
      "fields": {
        "current": 400,
        "consumption": 46,
        "registryHistory": "2020-05-13",
        "counter": 9
      }
    },
    {
      "model": "energytransfers.history",
      "pk": 19,
      "fields": {
        "current": 400,
        "consumption": 34,
        "registryHistory": "2020-04-30",
        "counter": 10
      }
    },
    {
      "model": "energytransfers.history",
      "pk": 20,
      "fields": {
        "current": 400,
        "consumption": 34,
        "registryHistory": "2020-05-13",
        "counter": 10
      }
    },
    {
      "model": "contract.contract",
      "pk": 20200515,
      "fields": {
        "client": 1,
        "counter": 1
      }
    },
    {
      "model": "contract.contract",
      "pk": 20200516,
      "fields": {
        "client": 2,
        "counter": 2
      }
    },
    {
      "model": "contract.contract",
      "pk": 20200517,
      "fields": {
        "client": 3,
        "counter": 3
      }
    },
    {
      "model": "contract.contract",
      "pk": 20200518,
      "fields": {
        "client": 4,
        "counter": 4
      }
    },
    {
      "model": "contract.contract",
      "pk": 20200519,
      "fields": {
        "client": 5,
        "counter": 5
      }
    },
    {
      "model": "contract.contract",
      "pk": 20200520,
      "fields": {
        "client": 6,
        "counter": 6
      }
    },
    {
      "model": "contract.contract",
      "pk": 20200521,
      "fields": {
        "client": 7,
        "counter": 7
      }
    },
    {
      "model": "contract.contract",
      "pk": 20200522,
      "fields": {
        "client": 8,
        "counter": 8
      }
    },
    {
      "model": "contract.contract",
      "pk": 20200523,
      "fields": {
        "client": 9,
        "counter": 9
      }
    },
    {
      "model": "contract.contract",
      "pk": 20200524,
      "fields": {
        "client": 10,
        "counter": 10
      }
    },
    {
      "model": "contract.invoice",
      "pk": 1,
      "fields": {
        "billingDate": "2020-04-30",
        "deadDatePay": "2020-05-29",
        "counter": 1,
        "address": "Cra. 1B #5450",
        "stratum": 3,
        "currentRecord": 400,
        "pastRecord": 300,
        "basicTake": 50,
        "remainder": 0,
        "unitaryValue": 589,
        "interestMora": 0,
        "totalMora": 0.0,
        "overdue": 0.0,
        "intakes": "05-13,04-41",
        "referencecodeInvoice": "20200430(175915326153)3640602",
        "total": 242415.0,
        "stateInvoice": true,
        "contract": 20200515
      }
    },
    {
      "model": "contract.invoice",
      "pk": 2,
      "fields": {
        "billingDate": "2020-04-30",
        "deadDatePay": "2020-05-29",
        "counter": 1,
        "address": "Cra. 1B #5450",
        "stratum": 3,
        "currentRecord": 400,
        "pastRecord": 300,
        "basicTake": 50,
        "remainder": 0,
        "unitaryValue": 589,
        "interestMora": 0,
        "totalMora": 0.0,
        "overdue": 0.0,
        "intakes": "05-13,04-41",
        "referencecodeInvoice": "20200430(175915326153)7909492",
        "total": 191451.0,
        "stateInvoice": true,
        "contract": 20200516
      }
    },
    {
      "model": "contract.invoice",
      "pk": 3,
      "fields": {
        "billingDate": "2020-04-30",
        "deadDatePay": "2020-05-29",
        "counter": 1,
        "address": "Cra. 1B #5450",
        "stratum": 3,
        "currentRecord": 400,
        "pastRecord": 300,
        "basicTake": 50,
        "remainder": 0,
        "unitaryValue": 589,
        "interestMora": 0,
        "totalMora": 0.0,
        "overdue": 0.0,
        "intakes": "05-13,04-41",
        "referencecodeInvoice": "20200430(175915326153)4358456",
        "total": 188156.0,
        "stateInvoice": true,
        "contract": 20200517
      }
    },
    {
      "model": "contract.invoice",
      "pk": 4,
      "fields": {
        "billingDate": "2020-04-30",
        "deadDatePay": "2020-05-29",
        "counter": 1,
        "address": "Cra. 1B #5450",
        "stratum": 3,
        "currentRecord": 400,
        "pastRecord": 300,
        "basicTake": 50,
        "remainder": 0,
        "unitaryValue": 589,
        "interestMora": 0,
        "totalMora": 0.0,
        "overdue": 0.0,
        "intakes": "05-13,04-41",
        "referencecodeInvoice": "20200430(175915326153)1265373",
        "total": 191966.0,
        "stateInvoice": true,
        "contract": 20200518
      }
    },
    {
      "model": "contract.invoice",
      "pk": 5,
      "fields": {
        "billingDate": "2020-04-30",
        "deadDatePay": "2020-05-29",
        "counter": 1,
        "address": "Cra. 1B #5450",
        "stratum": 3,
        "currentRecord": 400,
        "pastRecord": 300,
        "basicTake": 50,
        "remainder": 0,
        "unitaryValue": 589,
        "interestMora": 0,
        "totalMora": 0.0,
        "overdue": 0.0,
        "intakes": "05-13,04-41",
        "referencecodeInvoice": "20200430(175915326153)8206428",
        "total": 296296.0,
        "stateInvoice": true,
        "contract": 20200519
      }
    },
    {
      "model": "contract.invoice",
      "pk": 6,
      "fields": {
        "billingDate": "2020-04-30",
        "deadDatePay": "2020-05-29",
        "counter": 1,
        "address": "Cra. 1B #5450",
        "stratum": 3,
        "currentRecord": 400,
        "pastRecord": 300,
        "basicTake": 50,
        "remainder": 0,
        "unitaryValue": 589,
        "interestMora": 0,
        "totalMora": 0.0,
        "overdue": 0.0,
        "intakes": "05-13,04-41",
        "referencecodeInvoice": "20200430(175915326153)5512995",
        "total": 191488.0,
        "stateInvoice": true,
        "contract": 20200520
      }
    },
    {
      "model": "contract.invoice",
      "pk": 7,
      "fields": {
        "billingDate": "2020-04-30",
        "deadDatePay": "2020-05-29",
        "counter": 1,
        "address": "Cra. 1B #5450",
        "stratum": 3,
        "currentRecord": 400,
        "pastRecord": 300,
        "basicTake": 50,
        "remainder": 0,
        "unitaryValue": 589,
        "interestMora": 0,
        "totalMora": 0.0,
        "overdue": 0.0,
        "intakes": "05-13,04-41",
        "referencecodeInvoice": "20200430(175915326153)5236504",
        "total": 220974.0,
        "stateInvoice": true,
        "contract": 20200521
      }
    },
    {
      "model": "contract.invoice",
      "pk": 8,
      "fields": {
        "billingDate": "2020-04-30",
        "deadDatePay": "2020-05-29",
        "counter": 1,
        "address": "Cra. 1B #5450",
        "stratum": 3,
        "currentRecord": 400,
        "pastRecord": 300,
        "basicTake": 50,
        "remainder": 0,
        "unitaryValue": 589,
        "interestMora": 0,
        "totalMora": 0.0,
        "overdue": 0.0,
        "intakes": "05-13,04-41",
        "referencecodeInvoice": "20200430(175915326153)6388472",
        "total": 271617.0,
        "stateInvoice": true,
        "contract": 20200522
      }
    },
    {
      "model": "contract.invoice",
      "pk": 9,
      "fields": {
        "billingDate": "2020-04-30",
        "deadDatePay": "2020-05-29",
        "counter": 1,
        "address": "Cra. 1B #5450",
        "stratum": 3,
        "currentRecord": 400,
        "pastRecord": 300,
        "basicTake": 50,
        "remainder": 0,
        "unitaryValue": 589,
        "interestMora": 0,
        "totalMora": 0.0,
        "overdue": 0.0,
        "intakes": "05-13,04-41",
        "referencecodeInvoice": "20200430(175915326153)6282820",
        "total": 238093.0,
        "stateInvoice": true,
        "contract": 20200523
      }
    },
    {
      "model": "contract.invoice",
      "pk": 10,
      "fields": {
        "billingDate": "2020-04-30",
        "deadDatePay": "2020-05-29",
        "counter": 1,
        "address": "Cra. 1B #5450",
        "stratum": 3,
        "currentRecord": 400,
        "pastRecord": 300,
        "basicTake": 50,
        "remainder": 0,
        "unitaryValue": 589,
        "interestMora": 0,
        "totalMora": 0.0,
        "overdue": 0.0,
        "intakes": "05-13,04-41",
        "referencecodeInvoice": "20200430(175915326153)9669528",
        "total": 152680.0,
        "stateInvoice": true,
        "contract": 20200524
      }
    },
    {
      "model": "contract.invoice",
      "pk": 11,
      "fields": {
        "billingDate": "2020-05-12",
        "deadDatePay": "2020-05-29",
        "counter": 1,
        "address": "Cra. 1B #5450",
        "stratum": 3,
        "currentRecord": 200,
        "pastRecord": 100,
        "basicTake": 80,
        "remainder": 0,
        "unitaryValue": 589,
        "interestMora": 0,
        "totalMora": 0.0,
        "overdue": 0.0,
        "intakes": "05-20,05-13,04-41",
        "referencecodeInvoice": "20200430(175915326153)3640000",
        "total": 100000.0,
        "stateInvoice": false,
        "contract": 20200515
      }
    },
    {
      "model": "payments.payment",
      "pk": 1,
      "fields": {
        "valuePayment": 242415,
        "datePayment": "2020-05-01T01:53:37.426Z",
        "facturaPayment": 1
      }
    },
    {
      "model": "payments.payment",
      "pk": 2,
      "fields": {
        "valuePayment": 191451,
        "datePayment": "2020-05-01T01:53:37.426Z",
        "facturaPayment": 2
      }
    },
    {
      "model": "payments.payment",
      "pk": 3,
      "fields": {
        "valuePayment": 188156,
        "datePayment": "2020-05-01T01:53:37.426Z",
        "facturaPayment": 3
      }
    },
    {
      "model": "payments.payment",
      "pk": 4,
      "fields": {
        "valuePayment": 191966,
        "datePayment": "2020-05-01T01:53:37.426Z",
        "facturaPayment": 4
      }
    },
    {
      "model": "payments.payment",
      "pk": 5,
      "fields": {
        "valuePayment": 296296,
        "datePayment": "2020-05-01T01:53:37.426Z",
        "facturaPayment": 5
      }
    },
    {
      "model": "payments.payment",
      "pk": 6,
      "fields": {
        "valuePayment": 191488,
        "datePayment": "2020-05-01T01:53:37.426Z",
        "facturaPayment": 6
      }
    },
    {
      "model": "payments.payment",
      "pk": 7,
      "fields": {
        "valuePayment": 220974,
        "datePayment": "2020-05-01T01:53:37.426Z",
        "facturaPayment": 7
      }
    },
    {
      "model": "payments.payment",
      "pk": 8,
      "fields": {
        "valuePayment": 271617,
        "datePayment": "2020-05-01T01:53:37.426Z",
        "facturaPayment": 8
      }
    },
    {
      "model": "payments.payment",
      "pk": 9,
      "fields": {
        "valuePayment": 238093,
        "datePayment": "2020-05-01T01:53:37.426Z",
        "facturaPayment": 9
      }
    },
    {
      "model": "payments.payment",
      "pk": 10,
      "fields": {
        "valuePayment": 152680,
        "datePayment": "2020-05-01T01:53:37.426Z",
        "facturaPayment": 10
      }
    },
    {
      "model": "auth.permission",
      "pk": 1,
      "fields": {
        "name": "Can add log entry",
        "content_type": 1,
        "codename": "add_logentry"
      }
    },
    {
      "model": "auth.permission",
      "pk": 2,
      "fields": {
        "name": "Can change log entry",
        "content_type": 1,
        "codename": "change_logentry"
      }
    },
    {
      "model": "auth.permission",
      "pk": 3,
      "fields": {
        "name": "Can delete log entry",
        "content_type": 1,
        "codename": "delete_logentry"
      }
    },
    {
      "model": "auth.permission",
      "pk": 4,
      "fields": {
        "name": "Can view log entry",
        "content_type": 1,
        "codename": "view_logentry"
      }
    },
    {
      "model": "auth.permission",
      "pk": 5,
      "fields": {
        "name": "Can add permission",
        "content_type": 2,
        "codename": "add_permission"
      }
    },
    {
      "model": "auth.permission",
      "pk": 6,
      "fields": {
        "name": "Can change permission",
        "content_type": 2,
        "codename": "change_permission"
      }
    },
    {
      "model": "auth.permission",
      "pk": 7,
      "fields": {
        "name": "Can delete permission",
        "content_type": 2,
        "codename": "delete_permission"
      }
    },
    {
      "model": "auth.permission",
      "pk": 8,
      "fields": {
        "name": "Can view permission",
        "content_type": 2,
        "codename": "view_permission"
      }
    },
    {
      "model": "auth.permission",
      "pk": 9,
      "fields": {
        "name": "Can add group",
        "content_type": 3,
        "codename": "add_group"
      }
    },
    {
      "model": "auth.permission",
      "pk": 10,
      "fields": {
        "name": "Can change group",
        "content_type": 3,
        "codename": "change_group"
      }
    },
    {
      "model": "auth.permission",
      "pk": 11,
      "fields": {
        "name": "Can delete group",
        "content_type": 3,
        "codename": "delete_group"
      }
    },
    {
      "model": "auth.permission",
      "pk": 12,
      "fields": {
        "name": "Can view group",
        "content_type": 3,
        "codename": "view_group"
      }
    },
    {
      "model": "auth.permission",
      "pk": 13,
      "fields": {
        "name": "Can add content type",
        "content_type": 4,
        "codename": "add_contenttype"
      }
    },
    {
      "model": "auth.permission",
      "pk": 14,
      "fields": {
        "name": "Can change content type",
        "content_type": 4,
        "codename": "change_contenttype"
      }
    },
    {
      "model": "auth.permission",
      "pk": 15,
      "fields": {
        "name": "Can delete content type",
        "content_type": 4,
        "codename": "delete_contenttype"
      }
    },
    {
      "model": "auth.permission",
      "pk": 16,
      "fields": {
        "name": "Can view content type",
        "content_type": 4,
        "codename": "view_contenttype"
      }
    },
    {
      "model": "auth.permission",
      "pk": 17,
      "fields": {
        "name": "Can add session",
        "content_type": 5,
        "codename": "add_session"
      }
    },
    {
      "model": "auth.permission",
      "pk": 18,
      "fields": {
        "name": "Can change session",
        "content_type": 5,
        "codename": "change_session"
      }
    },
    {
      "model": "auth.permission",
      "pk": 19,
      "fields": {
        "name": "Can delete session",
        "content_type": 5,
        "codename": "delete_session"
      }
    },
    {
      "model": "auth.permission",
      "pk": 20,
      "fields": {
        "name": "Can view session",
        "content_type": 5,
        "codename": "view_session"
      }
    },
    {
      "model": "auth.permission",
      "pk": 21,
      "fields": {
        "name": "Can add user",
        "content_type": 6,
        "codename": "add_customuser"
      }
    },
    {
      "model": "auth.permission",
      "pk": 22,
      "fields": {
        "name": "Can change user",
        "content_type": 6,
        "codename": "change_customuser"
      }
    },
    {
      "model": "auth.permission",
      "pk": 23,
      "fields": {
        "name": "Can delete user",
        "content_type": 6,
        "codename": "delete_customuser"
      }
    },
    {
      "model": "auth.permission",
      "pk": 24,
      "fields": {
        "name": "Can view user",
        "content_type": 6,
        "codename": "view_customuser"
      }
    },
    {
      "model": "auth.permission",
      "pk": 25,
      "fields": {
        "name": "Can add worker",
        "content_type": 7,
        "codename": "add_worker"
      }
    },
    {
      "model": "auth.permission",
      "pk": 26,
      "fields": {
        "name": "Can change worker",
        "content_type": 7,
        "codename": "change_worker"
      }
    },
    {
      "model": "auth.permission",
      "pk": 27,
      "fields": {
        "name": "Can delete worker",
        "content_type": 7,
        "codename": "delete_worker"
      }
    },
    {
      "model": "auth.permission",
      "pk": 28,
      "fields": {
        "name": "Can view worker",
        "content_type": 7,
        "codename": "view_worker"
      }
    },
    {
      "model": "auth.permission",
      "pk": 29,
      "fields": {
        "name": "Can add client",
        "content_type": 8,
        "codename": "add_client"
      }
    },
    {
      "model": "auth.permission",
      "pk": 30,
      "fields": {
        "name": "Can change client",
        "content_type": 8,
        "codename": "change_client"
      }
    },
    {
      "model": "auth.permission",
      "pk": 31,
      "fields": {
        "name": "Can delete client",
        "content_type": 8,
        "codename": "delete_client"
      }
    },
    {
      "model": "auth.permission",
      "pk": 32,
      "fields": {
        "name": "Can view client",
        "content_type": 8,
        "codename": "view_client"
      }
    },
    {
      "model": "auth.permission",
      "pk": 33,
      "fields": {
        "name": "Can add Token",
        "content_type": 9,
        "codename": "add_token"
      }
    },
    {
      "model": "auth.permission",
      "pk": 34,
      "fields": {
        "name": "Can change Token",
        "content_type": 9,
        "codename": "change_token"
      }
    },
    {
      "model": "auth.permission",
      "pk": 35,
      "fields": {
        "name": "Can delete Token",
        "content_type": 9,
        "codename": "delete_token"
      }
    },
    {
      "model": "auth.permission",
      "pk": 36,
      "fields": {
        "name": "Can view Token",
        "content_type": 9,
        "codename": "view_token"
      }
    },
    {
      "model": "auth.permission",
      "pk": 37,
      "fields": {
        "name": "Can add counter",
        "content_type": 10,
        "codename": "add_counter"
      }
    },
    {
      "model": "auth.permission",
      "pk": 38,
      "fields": {
        "name": "Can change counter",
        "content_type": 10,
        "codename": "change_counter"
      }
    },
    {
      "model": "auth.permission",
      "pk": 39,
      "fields": {
        "name": "Can delete counter",
        "content_type": 10,
        "codename": "delete_counter"
      }
    },
    {
      "model": "auth.permission",
      "pk": 40,
      "fields": {
        "name": "Can view counter",
        "content_type": 10,
        "codename": "view_counter"
      }
    },
    {
      "model": "auth.permission",
      "pk": 41,
      "fields": {
        "name": "Can add substation",
        "content_type": 11,
        "codename": "add_substation"
      }
    },
    {
      "model": "auth.permission",
      "pk": 42,
      "fields": {
        "name": "Can change substation",
        "content_type": 11,
        "codename": "change_substation"
      }
    },
    {
      "model": "auth.permission",
      "pk": 43,
      "fields": {
        "name": "Can delete substation",
        "content_type": 11,
        "codename": "delete_substation"
      }
    },
    {
      "model": "auth.permission",
      "pk": 44,
      "fields": {
        "name": "Can view substation",
        "content_type": 11,
        "codename": "view_substation"
      }
    },
    {
      "model": "auth.permission",
      "pk": 45,
      "fields": {
        "name": "Can add transformator",
        "content_type": 12,
        "codename": "add_transformator"
      }
    },
    {
      "model": "auth.permission",
      "pk": 46,
      "fields": {
        "name": "Can change transformator",
        "content_type": 12,
        "codename": "change_transformator"
      }
    },
    {
      "model": "auth.permission",
      "pk": 47,
      "fields": {
        "name": "Can delete transformator",
        "content_type": 12,
        "codename": "delete_transformator"
      }
    },
    {
      "model": "auth.permission",
      "pk": 48,
      "fields": {
        "name": "Can view transformator",
        "content_type": 12,
        "codename": "view_transformator"
      }
    },
    {
      "model": "auth.permission",
      "pk": 49,
      "fields": {
        "name": "Can add history",
        "content_type": 13,
        "codename": "add_history"
      }
    },
    {
      "model": "auth.permission",
      "pk": 50,
      "fields": {
        "name": "Can change history",
        "content_type": 13,
        "codename": "change_history"
      }
    },
    {
      "model": "auth.permission",
      "pk": 51,
      "fields": {
        "name": "Can delete history",
        "content_type": 13,
        "codename": "delete_history"
      }
    },
    {
      "model": "auth.permission",
      "pk": 52,
      "fields": {
        "name": "Can view history",
        "content_type": 13,
        "codename": "view_history"
      }
    },
    {
      "model": "auth.permission",
      "pk": 53,
      "fields": {
        "name": "Can add contract",
        "content_type": 14,
        "codename": "add_contract"
      }
    },
    {
      "model": "auth.permission",
      "pk": 54,
      "fields": {
        "name": "Can change contract",
        "content_type": 14,
        "codename": "change_contract"
      }
    },
    {
      "model": "auth.permission",
      "pk": 55,
      "fields": {
        "name": "Can delete contract",
        "content_type": 14,
        "codename": "delete_contract"
      }
    },
    {
      "model": "auth.permission",
      "pk": 56,
      "fields": {
        "name": "Can view contract",
        "content_type": 14,
        "codename": "view_contract"
      }
    },
    {
      "model": "auth.permission",
      "pk": 57,
      "fields": {
        "name": "Can add invoice",
        "content_type": 15,
        "codename": "add_invoice"
      }
    },
    {
      "model": "auth.permission",
      "pk": 58,
      "fields": {
        "name": "Can change invoice",
        "content_type": 15,
        "codename": "change_invoice"
      }
    },
    {
      "model": "auth.permission",
      "pk": 59,
      "fields": {
        "name": "Can delete invoice",
        "content_type": 15,
        "codename": "delete_invoice"
      }
    },
    {
      "model": "auth.permission",
      "pk": 60,
      "fields": {
        "name": "Can view invoice",
        "content_type": 15,
        "codename": "view_invoice"
      }
    },
    {
      "model": "auth.permission",
      "pk": 61,
      "fields": {
        "name": "Can add payment",
        "content_type": 16,
        "codename": "add_payment"
      }
    },
    {
      "model": "auth.permission",
      "pk": 62,
      "fields": {
        "name": "Can change payment",
        "content_type": 16,
        "codename": "change_payment"
      }
    },
    {
      "model": "auth.permission",
      "pk": 63,
      "fields": {
        "name": "Can delete payment",
        "content_type": 16,
        "codename": "delete_payment"
      }
    },
    {
      "model": "auth.permission",
      "pk": 64,
      "fields": {
        "name": "Can view payment",
        "content_type": 16,
        "codename": "view_payment"
      }
    },
    {
      "model": "auth.permission",
      "pk": 65,
      "fields": {
        "name": "Can add direct payment",
        "content_type": 17,
        "codename": "add_directpayment"
      }
    },
    {
      "model": "auth.permission",
      "pk": 66,
      "fields": {
        "name": "Can change direct payment",
        "content_type": 17,
        "codename": "change_directpayment"
      }
    },
    {
      "model": "auth.permission",
      "pk": 67,
      "fields": {
        "name": "Can delete direct payment",
        "content_type": 17,
        "codename": "delete_directpayment"
      }
    },
    {
      "model": "auth.permission",
      "pk": 68,
      "fields": {
        "name": "Can view direct payment",
        "content_type": 17,
        "codename": "view_directpayment"
      }
    },
    {
      "model": "auth.permission",
      "pk": 69,
      "fields": {
        "name": "Can add banck payment",
        "content_type": 18,
        "codename": "add_banckpayment"
      }
    },
    {
      "model": "auth.permission",
      "pk": 70,
      "fields": {
        "name": "Can change banck payment",
        "content_type": 18,
        "codename": "change_banckpayment"
      }
    },
    {
      "model": "auth.permission",
      "pk": 71,
      "fields": {
        "name": "Can delete banck payment",
        "content_type": 18,
        "codename": "delete_banckpayment"
      }
    },
    {
      "model": "auth.permission",
      "pk": 72,
      "fields": {
        "name": "Can view banck payment",
        "content_type": 18,
        "codename": "view_banckpayment"
      }
    },
    {
      "model": "auth.permission",
      "pk": 73,
      "fields": {
        "name": "Can add banck",
        "content_type": 19,
        "codename": "add_banck"
      }
    },
    {
      "model": "auth.permission",
      "pk": 74,
      "fields": {
        "name": "Can change banck",
        "content_type": 19,
        "codename": "change_banck"
      }
    },
    {
      "model": "auth.permission",
      "pk": 75,
      "fields": {
        "name": "Can delete banck",
        "content_type": 19,
        "codename": "delete_banck"
      }
    },
    {
      "model": "auth.permission",
      "pk": 76,
      "fields": {
        "name": "Can view banck",
        "content_type": 19,
        "codename": "view_banck"
      }
    },
    {
      "model": "auth.permission",
      "pk": 77,
      "fields": {
        "name": "Can add commercial",
        "content_type": 20,
        "codename": "add_commercial"
      }
    },
    {
      "model": "auth.permission",
      "pk": 78,
      "fields": {
        "name": "Can change commercial",
        "content_type": 20,
        "codename": "change_commercial"
      }
    },
    {
      "model": "auth.permission",
      "pk": 79,
      "fields": {
        "name": "Can delete commercial",
        "content_type": 20,
        "codename": "delete_commercial"
      }
    },
    {
      "model": "auth.permission",
      "pk": 80,
      "fields": {
        "name": "Can view commercial",
        "content_type": 20,
        "codename": "view_commercial"
      }
    },
    {
      "model": "auth.permission",
      "pk": 81,
      "fields": {
        "name": "Can add commercial invoice",
        "content_type": 21,
        "codename": "add_commercialinvoice"
      }
    },
    {
      "model": "auth.permission",
      "pk": 82,
      "fields": {
        "name": "Can change commercial invoice",
        "content_type": 21,
        "codename": "change_commercialinvoice"
      }
    },
    {
      "model": "auth.permission",
      "pk": 83,
      "fields": {
        "name": "Can delete commercial invoice",
        "content_type": 21,
        "codename": "delete_commercialinvoice"
      }
    },
    {
      "model": "auth.permission",
      "pk": 84,
      "fields": {
        "name": "Can view commercial invoice",
        "content_type": 21,
        "codename": "view_commercialinvoice"
      }
    },
    {
      "model": "users.customuser",
      "pk": 1,
      "fields": {
        "password": "pbkdf2_sha256$180000$JT8e0Cd32oKW$7Zei9Q+gAB7fEK+6iJRYdHxZnCoaCJKvCsXHBxEACqY=",
        "last_login": null,
        "date_joined": "2020-05-14T20:45:51.410Z",
        "id_user": "1045127441",
        "name": "Cecilia Urquijo Barma",
        "email": "Cecilia@hotmail.com",
        "phone": "4982762",
        "address": "Diagonal 50B # 94 - 134",
        "neighborhood": "El bronx",
        "is_active": true,
        "date_of_birth": "2020-05-14",
        "is_staff": false,
        "is_superuser": false,
        "groups": [],
        "user_permissions": []
      }
    },
    {
      "model": "users.customuser",
      "pk": 2,
      "fields": {
        "password": "pbkdf2_sha256$180000$xVVnACoVA4xP$PzEDus/RK8E8elJY4OhoEFoaRy4LYsX28yEWxiBsYYY=",
        "last_login": null,
        "date_joined": "2020-05-14T20:45:51.413Z",
        "id_user": "619535150",
        "name": "Te\u00f3filo Egusquiza Madariaga",
        "email": "Teofilo@gmail.com",
        "phone": "3889018",
        "address": "Carrera 42E # 5 - 79",
        "neighborhood": "Calipso",
        "is_active": true,
        "date_of_birth": "2020-05-14",
        "is_staff": false,
        "is_superuser": false,
        "groups": [],
        "user_permissions": []
      }
    },
    {
      "model": "users.customuser",
      "pk": 3,
      "fields": {
        "password": "pbkdf2_sha256$180000$JZpJqgQWZ6i1$8LYs7c5KiLtZsojQEeW8rraAWeCC6Xy6O0nIY2iWcwQ=",
        "last_login": null,
        "date_joined": "2020-05-14T20:45:51.414Z",
        "id_user": "833527840",
        "name": "Pancracio Ispuzua Chave",
        "email": "Pancracio@yahoo.com",
        "phone": "3075028",
        "address": "Calle 11E # 46 - 158",
        "neighborhood": "Calipso",
        "is_active": true,
        "date_of_birth": "2020-05-14",
        "is_staff": false,
        "is_superuser": false,
        "groups": [],
        "user_permissions": []
      }
    },
    {
      "model": "users.customuser",
      "pk": 4,
      "fields": {
        "password": "pbkdf2_sha256$180000$X2NP4z8Gs61E$i2E/7s07vXzb1FOmbWO7i2kpSo8ogmoQY+FmPWnZ3Y8=",
        "last_login": null,
        "date_joined": "2020-05-14T20:45:51.415Z",
        "id_user": "409524924",
        "name": "Celeste Ganzo Vicente",
        "email": "Celeste@hotmail.com",
        "phone": "4463194",
        "address": "Calle 1E # 46 - 81",
        "neighborhood": "El vallado",
        "is_active": true,
        "date_of_birth": "2020-05-14",
        "is_staff": false,
        "is_superuser": false,
        "groups": [],
        "user_permissions": []
      }
    },
    {
      "model": "users.customuser",
      "pk": 5,
      "fields": {
        "password": "pbkdf2_sha256$180000$785FgGhNFUNj$cWqQjmGi1JG+l9GlnU24NCzgQ9AbrG48Yk7mqy68eac=",
        "last_login": null,
        "date_joined": "2020-05-14T20:45:51.416Z",
        "id_user": "112176100",
        "name": "Luis Valino Vango",
        "email": "Luis@gmail.com",
        "phone": "3491339",
        "address": "Avenida 44A # 58 - 68",
        "neighborhood": "Calima",
        "is_active": true,
        "date_of_birth": "2020-05-14",
        "is_staff": false,
        "is_superuser": false,
        "groups": [],
        "user_permissions": []
      }
    },
    {
      "model": "users.customuser",
      "pk": 6,
      "fields": {
        "password": "pbkdf2_sha256$180000$nQqYkCL16TlV$Yx1s9PPIJaAw3mpcaMARHFGQflxbS2l1OvjVBZ9GZYQ=",
        "last_login": null,
        "date_joined": "2020-05-14T20:45:51.417Z",
        "id_user": "855593141",
        "name": "Florencia Cucho Ahedo",
        "email": "Florencia@gmail.com",
        "phone": "3390809",
        "address": "Diagonal 97C # 55 - 151",
        "neighborhood": "Mojica",
        "is_active": true,
        "date_of_birth": "2020-05-14",
        "is_staff": false,
        "is_superuser": false,
        "groups": [],
        "user_permissions": []
      }
    },
    {
      "model": "users.customuser",
      "pk": 7,
      "fields": {
        "password": "pbkdf2_sha256$180000$HAci4sLddIOb$tRh7FNhU4RMm7+zEbv9TMDYxnZg8JWjTuYkZCUUeIOI=",
        "last_login": null,
        "date_joined": "2020-05-14T20:45:51.418Z",
        "id_user": "474771475",
        "name": "Mariano Mogrovejo Gante",
        "email": "Mariano@hotmail.com",
        "phone": "4732153",
        "address": "Avenida 73A # 74 - 137",
        "neighborhood": "Calima",
        "is_active": true,
        "date_of_birth": "2020-05-14",
        "is_staff": false,
        "is_superuser": false,
        "groups": [],
        "user_permissions": []
      }
    },
    {
      "model": "users.customuser",
      "pk": 8,
      "fields": {
        "password": "pbkdf2_sha256$180000$tEfN4rWn6ALR$z7+LC1frcHXVJwjHFgPmez+n66NciNpvq7V48QTuKgs=",
        "last_login": null,
        "date_joined": "2020-05-14T20:45:51.418Z",
        "id_user": "483180644",
        "name": "Ang\u00e9lica Ter Tosantos",
        "email": "Angelica@yahoo.com",
        "phone": "4926252",
        "address": "Diagonal 91E # 29 - 150",
        "neighborhood": "Sindical",
        "is_active": true,
        "date_of_birth": "2020-05-14",
        "is_staff": false,
        "is_superuser": false,
        "groups": [],
        "user_permissions": []
      }
    },
    {
      "model": "users.customuser",
      "pk": 9,
      "fields": {
        "password": "pbkdf2_sha256$180000$hXwsmbu4J0PY$kBBrjb0k5Gh+g8dKsb/G7SYbrshqY7THNRafhPMRKks=",
        "last_login": null,
        "date_joined": "2020-05-14T20:45:51.419Z",
        "id_user": "657697767",
        "name": "Antonio Incera Fontoria",
        "email": "Antonio@yahoo.com",
        "phone": "3342966",
        "address": "Transversal 66A # 39 - 21",
        "neighborhood": "El bronx",
        "is_active": true,
        "date_of_birth": "2020-05-14",
        "is_staff": false,
        "is_superuser": false,
        "groups": [],
        "user_permissions": []
      }
    },
    {
      "model": "users.customuser",
      "pk": 10,
      "fields": {
        "password": "pbkdf2_sha256$180000$qYTpkl46UFIs$bOTbNV3+q9d5BPCX33eVcGyhM1Eaw1hwAVB2Jt+Ur3Q=",
        "last_login": null,
        "date_joined": "2020-05-14T20:45:51.420Z",
        "id_user": "1072186755",
        "name": "Lupita Soret Garmendia",
        "email": "Lupita@yahoo.com",
        "phone": "3906026",
        "address": "Calle 2C # 33 - 43",
        "neighborhood": "Manuela Beltran",
        "is_active": true,
        "date_of_birth": "2020-05-14",
        "is_staff": false,
        "is_superuser": false,
        "groups": [],
        "user_permissions": []
      }
    },
    {
      "model": "users.customuser",
      "pk": 11,
      "fields": {
        "password": "pbkdf2_sha256$180000$W4DSmgbKj7dK$s6p1mSZZ7bhhcbaKuQxpXLN8QP03eGULkW9/Rd+819w=",
        "last_login": null,
        "date_joined": "2020-05-14T20:45:51.421Z",
        "id_user": "1144189914",
        "name": "Esneider Manzano",
        "email": "esneider@gmail.com",
        "phone": "4455971",
        "address": "cra28 C # 54-123",
        "neighborhood": "sindical",
        "is_active": true,
        "date_of_birth": "2020-05-14",
        "is_staff": true,
        "is_superuser": false,
        "groups": [],
        "user_permissions": []
      }
    },
    {
      "model": "users.customuser",
      "pk": 12,
      "fields": {
        "password": "pbkdf2_sha256$180000$W4DSmgbKj7dK$s6p1mSZZ7bhhcbaKuQxpXLN8QP03eGULkW9/Rd+819w=",
        "last_login": null,
        "date_joined": "2020-05-14T20:45:51.422Z",
        "id_user": "1144189915",
        "name": "Luis de Huevosalva",
        "email": "luis@gmail.com",
        "phone": "4455972",
        "address": "cra28 C # 54-124",
        "neighborhood": "sindical",
        "is_active": true,
        "date_of_birth": "2020-05-14",
        "is_staff": true,
        "is_superuser": false,
        "groups": [],
        "user_permissions": []
      }
    },
    {
      "model": "users.customuser",
      "pk": 13,
      "fields": {
        "password": "pbkdf2_sha256$180000$W4DSmgbKj7dK$s6p1mSZZ7bhhcbaKuQxpXLN8QP03eGULkW9/Rd+819w=",
        "last_login": null,
        "date_joined": "2020-05-14T20:45:51.422Z",
        "id_user": "1144189910",
        "name": "Taborda",
        "email": "taborda@gmail.com",
        "phone": "4455970",
        "address": "cra28 C # 54-127",
        "neighborhood": "sindical",
        "is_active": true,
        "date_of_birth": "2020-05-14",
        "is_staff": true,
        "is_superuser": false,
        "groups": [],
        "user_permissions": []
      }
    },
    {
      "model": "users.client",
      "pk": 1,
      "fields": {
        "user": 1,
        "type_client": 1,
        "interes_mora": 0.0
      }
    },
    {
      "model": "users.client",
      "pk": 2,
      "fields": {
        "user": 2,
        "type_client": 1,
        "interes_mora": 0.0
      }
    },
    {
      "model": "users.client",
      "pk": 3,
      "fields": {
        "user": 3,
        "type_client": 1,
        "interes_mora": 0.0
      }
    },
    {
      "model": "users.client",
      "pk": 4,
      "fields": {
        "user": 4,
        "type_client": 1,
        "interes_mora": 0.0
      }
    },
    {
      "model": "users.client",
      "pk": 5,
      "fields": {
        "user": 5,
        "type_client": 1,
        "interes_mora": 0.0
      }
    },
    {
      "model": "users.client",
      "pk": 6,
      "fields": {
        "user": 6,
        "type_client": 1,
        "interes_mora": 0.0
      }
    },
    {
      "model": "users.client",
      "pk": 7,
      "fields": {
        "user": 7,
        "type_client": 1,
        "interes_mora": 0.0
      }
    },
    {
      "model": "users.client",
      "pk": 8,
      "fields": {
        "user": 8,
        "type_client": 1,
        "interes_mora": 0.0
      }
    },
    {
      "model": "users.client",
      "pk": 9,
      "fields": {
        "user": 9,
        "type_client": 1,
        "interes_mora": 0.0
      }
    },
    {
      "model": "users.client",
      "pk": 10,
      "fields": {
        "user": 10,
        "type_client": 1,
        "interes_mora": 0.0
      }
    },
    {
      "model": "users.worker",
      "pk": 1,
      "fields": {
        "user": 11,
        "user_type": 1
      }
    },
    {
      "model": "users.worker",
      "pk": 2,
      "fields": {
        "user": 12,
        "user_type": 2
      }
    },
    {
      "model": "users.worker",
      "pk": 3,
      "fields": {
        "user": 13,
        "user_type": 3
      }
    }
    ]
    