[
    {
      "model": "users.CustomUser",
      "pk": 1,
      "fields": {
        "id_user": "886918851",
        "name": "Cecilia Urquijo Barma",
        "email": "Cecilia@hotmail.com",
        "password": "pbkdf2_sha256$180000$rxSmZsNwfTUb$+3Qsy5a8KGKYZHLcCuoN7nBh6TZrmbmcX3kSK5pcB3E=",
        "phone": "3680440",
        "address": "Carrera 30D # 49 - 159",
        "neighborhood": "Mojica",
        "is_active": true,
        "is_staff": false,
        "is_superuser": false
      }
    },
    {
      "model": "users.CustomUser",
      "pk": 2,
      "fields": {
        "id_user": "1003836204",
        "name": "Teófilo Egusquiza Madariaga",
        "email": "Teofilo@hotmail.com",
        "password": "pbkdf2_sha256$180000$fGsInmwaXXpG$HT16NTWX1t2kBT167GrbPz6TjsL/xFQ8D6upPPMsjLE=",
        "phone": "3516458",
        "address": "Calle 87A # 66 - 96",
        "neighborhood": "Llano verde",
        "is_active": true,
        "is_staff": false,
        "is_superuser": false
      }
    },
    {
      "model": "users.CustomUser",
      "pk": 3,
      "fields": {
        "id_user": "677130114",
        "name": "Pancracio Ispuzua Chave",
        "email": "Pancracio@gmail.com",
        "password": "pbkdf2_sha256$180000$jrdhDbfaPKeF$Jex7ATYLFngViMXxFxoZIEtguwivM/Oevbq3psOjsH4=",
        "phone": "4010903",
        "address": "Diagonal 85B # 32 - 100",
        "neighborhood": "Calima",
        "is_active": true,
        "is_staff": false,
        "is_superuser": false
      }
    },
    {
      "model": "users.CustomUser",
      "pk": 4,
      "fields": {
        "id_user": "501441659",
        "name": "Celeste Ganzo Vicente",
        "email": "Celeste@gmail.com",
        "password": "pbkdf2_sha256$180000$ElTNAKAJ5f8q$ZPMYgi5pxN9YivZidQQnzSUyg/EOeAhrEpSa+ILy18g=",
        "phone": "3504809",
        "address": "Avenida 14C # 78 - 82",
        "neighborhood": "Llano verde",
        "is_active": true,
        "is_staff": false,
        "is_superuser": false
      }
    },
    {
      "model": "users.CustomUser",
      "pk": 5,
      "fields": {
        "id_user": "620844522",
        "name": "Luis Valino Vango",
        "email": "Luis@hotmail.com",
        "password": "pbkdf2_sha256$180000$ZAsGzaQMGePi$wohylqFP6hgac3ewONyGRb7FJPJRkGzLc8uPIR4E3xo=",
        "phone": "3685553",
        "address": "Calle 81E # 94 - 156",
        "neighborhood": "Potrero Grande",
        "is_active": true,
        "is_staff": false,
        "is_superuser": false
      }
    },
    {
      "model": "users.CustomUser",
      "pk": 6,
      "fields": {
        "id_user": "564483695",
        "name": "Florencia Cucho Ahedo",
        "email": "Florencia@gmail.com",
        "password": "pbkdf2_sha256$180000$s3X700v3ClSl$os7UJlkPs1Os3fLnLxD0BH+D057eP9C+bRotcYU3+Wg=",
        "phone": "3642426",
        "address": "Carrera 51A # 96 - 63",
        "neighborhood": "Marroquin",
        "is_active": true,
        "is_staff": false,
        "is_superuser": false
      }
    },
    {
      "model": "users.CustomUser",
      "pk": 7,
      "fields": {
        "id_user": "433892738",
        "name": "Mariano Mogrovejo Gante",
        "email": "Mariano@hotmail.com",
        "password": "pbkdf2_sha256$180000$ExOwAj2TqtSl$jF8guq5X+v4DLMqxYIOymYPRgaioB3XUBGb6op9/2bs=",
        "phone": "4757998",
        "address": "Calle 1C # 99 - 163",
        "neighborhood": "Potrero Grande",
        "is_active": true,
        "is_staff": false,
        "is_superuser": false
      }
    },
    {
      "model": "users.CustomUser",
      "pk": 8,
      "fields": {
        "id_user": "306887980",
        "name": "Angélica Ter Tosantos",
        "email": "Angelica@gmail.com",
        "password": "pbkdf2_sha256$180000$UfXRGl8NZrar$3PU+nMc50LjHhA3khDue78cu1QSU/xcJka82MFL3Jqo=",
        "phone": "3473910",
        "address": "Avenida 49D # 55 - 28",
        "neighborhood": "Eduardo Santos",
        "is_active": true,
        "is_staff": false,
        "is_superuser": false
      }
    },
    {
      "model": "users.CustomUser",
      "pk": 9,
      "fields": {
        "id_user": "683933429",
        "name": "Antonio Incera Fontoria",
        "email": "Antonio@gmail.com",
        "password": "pbkdf2_sha256$180000$ynCKLVjRPpg0$xtb61F6+VJgX5lgleq/BgYbjJXGmWgRCOPAXamzwX1U=",
        "phone": "3260036",
        "address": "Avenida 20D # 55 - 130",
        "neighborhood": "Marroquin",
        "is_active": true,
        "is_staff": false,
        "is_superuser": false
      }
    },
    {
      "model": "users.CustomUser",
      "pk": 10,
      "fields": {
        "id_user": "626443087",
        "name": "Lupita Soret Garmendia",
        "email": "Lupita@hotmail.com",
        "password": "pbkdf2_sha256$180000$76WiTbPVDWq6$exPhj8CDjIzSK1Wrp3/ZYyHwtavboMnHJ//Aa8WkNlg=",
        "phone": "3433384",
        "address": "Carrera 71E # 66 - 104",
        "neighborhood": "Calima",
        "is_active": true,
        "is_staff": false,
        "is_superuser": false
      }
    },
    {
      "model": "users.CustomUser",
      "pk": 11,
      "fields": {
        "id_user": "1144189914",
        "name": "Esneider Manzano",
        "email": "esneider@gmail.com",
        "password": "pbkdf2_sha256$180000$W4DSmgbKj7dK$s6p1mSZZ7bhhcbaKuQxpXLN8QP03eGULkW9/Rd+819w=",
        "phone": "4455971",
        "address": "cra28 C # 54-123",
        "neighborhood": "sindical",
        "is_active": true,
        "is_staff": true,
        "is_superuser": false
      }
    },
    {
      "model": "users.CustomUser",
      "pk": 12,
      "fields": {
        "id_user": "1144189915",
        "name": "Luis de Huevosalva",
        "email": "luis@gmail.com",
        "password": "pbkdf2_sha256$180000$W4DSmgbKj7dK$s6p1mSZZ7bhhcbaKuQxpXLN8QP03eGULkW9/Rd+819w=",
        "phone": "4455972",
        "address": "cra28 C # 54-124",
        "neighborhood": "sindical",
        "is_active": true,
        "is_staff": true,
        "is_superuser": false
      }
    },
    {
      "model": "users.CustomUser",
      "pk": 13,
      "fields": {
        "id_user": "1144189910",
        "name": "Taborda",
        "email": "taborda@gmail.com",
        "password": "pbkdf2_sha256$180000$W4DSmgbKj7dK$s6p1mSZZ7bhhcbaKuQxpXLN8QP03eGULkW9/Rd+819w=",
        "phone": "4455970",
        "address": "cra28 C # 54-127",
        "neighborhood": "sindical",
        "is_active": true,
        "is_staff": true,
        "is_superuser": false
      }
    },
    {
      "model": "users.Worker",
      "pk": 1,
      "fields": {
        "user": 11,
        "user_type": 1
      }
    },
    {
      "model": "users.Worker",
      "pk": 2,
      "fields": {
        "user": 12,
        "user_type": 2
      }
    },
    {
      "model": "users.Worker",
      "pk": 3,
      "fields": {
        "user": 13,
        "user_type": 3
      }
    },
    {
      "model": "users.Client",
      "pk": 1,
      "fields": {
        "user": 1,
        "type_client": 1
      }
    },
    {
      "model": "users.Client",
      "pk": 2,
      "fields": {
        "user": 2,
        "type_client": 1
      }
    },
    {
      "model": "users.Client",
      "pk": 3,
      "fields": {
        "user": 3,
        "type_client": 1
      }
    },
    {
      "model": "users.Client",
      "pk": 4,
      "fields": {
        "user": 4,
        "type_client": 1
      }
    },
    {
      "model": "users.Client",
      "pk": 5,
      "fields": {
        "user": 5,
        "type_client": 1
      }
    },
    {
      "model": "users.Client",
      "pk": 6,
      "fields": {
        "user": 6,
        "type_client": 1
      }
    },
    {
      "model": "users.Client",
      "pk": 7,
      "fields": {
        "user": 7,
        "type_client": 1
      }
    },
    {
      "model": "users.Client",
      "pk": 8,
      "fields": {
        "user": 8,
        "type_client": 1
      }
    },
    {
      "model": "users.Client",
      "pk": 9,
      "fields": {
        "user": 9,
        "type_client": 1
      }
    },
    {
      "model": "users.Client",
      "pk": 10,
      "fields": {
        "user": 10,
        "type_client": 1
      }
    },
    {
      "model": "energytransfers.substation",
      "pk": 1,
      "fields": {
        "latitudeSubstation": "3.372908",
        "lengthSubstation": "-76.532479",
        "is_active": true
      }
    },
    {
      "model": "energytransfers.substation",
      "pk": 2,
      "fields": {
        "latitudeSubstation": "3.428119",
        "lengthSubstation": "-76.479726",
        "is_active": true
      }
    },
    {
      "model": "energytransfers.substation",
      "pk": 3,
      "fields": {
        "latitudeSubstation": "3.425783",
        "lengthSubstation": "-76.508505",
        "is_active": true
      }
    },
    {
      "model": "energytransfers.substation",
      "pk": 4,
      "fields": {
        "latitudeSubstation": "3.456173",
        "lengthSubstation": "-76.532861",
        "is_active": true
      }
    },
    {
      "model": "energytransfers.substation",
      "pk": 5,
      "fields": {
        "latitudeSubstation": "3.467536",
        "lengthSubstation": "-76.495797",
        "is_active": true
      }
    },
    {
      "model": "energytransfers.transformator",
      "pk": 1,
      "fields": {
        "latitudeTransformator": "3.395716",
        "lengthTransformator": "-76.54822",
        "is_active": true,
        "substationTransformator": 1
      }
    },
    {
      "model": "energytransfers.transformator",
      "pk": 2,
      "fields": {
        "latitudeTransformator": "3.380439",
        "lengthTransformator": "-76.54449",
        "is_active": true,
        "substationTransformator": 1
      }
    },
    {
      "model": "energytransfers.transformator",
      "pk": 3,
      "fields": {
        "latitudeTransformator": "3.42622",
        "lengthTransformator": "-76.480782",
        "is_active": true,
        "substationTransformator": 2
      }
    },
    {
      "model": "energytransfers.transformator",
      "pk": 4,
      "fields": {
        "latitudeTransformator": "3.418405",
        "lengthTransformator": "-76.471679",
        "is_active": true,
        "substationTransformator": 2
      }
    },
    {
      "model": "energytransfers.transformator",
      "pk": 5,
      "fields": {
        "latitudeTransformator": "3.427807",
        "lengthTransformator": "-76.50048",
        "is_active": true,
        "substationTransformator": 3
      }
    },
    {
      "model": "energytransfers.transformator",
      "pk": 6,
      "fields": {
        "latitudeTransformator": "3.433637",
        "lengthTransformator": "-76.504623",
        "is_active": true,
        "substationTransformator": 3
      }
    },
    {
      "model": "energytransfers.transformator",
      "pk": 7,
      "fields": {
        "latitudeTransformator": "3.44834",
        "lengthTransformator": "-76.538648",
        "is_active": true,
        "substationTransformator": 4
      }
    },
    {
      "model": "energytransfers.transformator",
      "pk": 8,
      "fields": {
        "latitudeTransformator": "3.448628",
        "lengthTransformator": "-76.523636",
        "is_active": true,
        "substationTransformator": 4
      }
    },
    {
      "model": "energytransfers.transformator",
      "pk": 9,
      "fields": {
        "latitudeTransformator": "3.465657",
        "lengthTransformator": "-76.500669",
        "is_active": true,
        "substationTransformator": 5
      }
    },
    {
      "model": "energytransfers.transformator",
      "pk": 10,
      "fields": {
        "latitudeTransformator": "3.484713",
        "lengthTransformator": "-76.497644",
        "is_active": true,
        "substationTransformator": 5
      }
    },
    {
      "model": "energytransfers.counter",
      "pk": 1,
      "fields": {
        "latitudeCounter": "3.4613754609402134",
        "lengthCounter": "-76.50162220001222",
        "value": 1510,
        "is_active": true,
        "addressCounter": "Carrera 5 # 14-4",
        "stratum": 1,
        "transformatorCounter": 9
      }
    },
    {
      "model": "energytransfers.counter",
      "pk": 2,
      "fields": {
        "latitudeCounter": "3.463560148219834",
        "lengthCounter": "-76.49715900421144",
        "value": 1838,
        "is_active": true,
        "addressCounter": "Carrera 5 con calle 56",
        "stratum": 3,
        "transformatorCounter": 9
      }
    },
    {
      "model": "energytransfers.counter",
      "pk": 3,
      "fields": {
        "latitudeCounter": "3.468572058805507",
        "lengthCounter": "-76.50488376617432",
        "value": 1167,
        "is_active": true,
        "addressCounter": "Carrera 2 # 45",
        "stratum": 2,
        "transformatorCounter": 9
      }
    },
    {
      "model": "energytransfers.counter",
      "pk": 4,
      "fields": {
        "latitudeCounter": "3.4810374646865485",
        "lengthCounter": "-76.49346828460695",
        "value": 1142,
        "is_active": true,
        "addressCounter": "Calle 66A #43",
        "stratum": 6,
        "transformatorCounter": 10
      }
    },
    {
      "model": "energytransfers.counter",
      "pk": 5,
      "fields": {
        "latitudeCounter": "3.488105405079248",
        "lengthCounter": "-76.49904727935792",
        "value": 1812,
        "is_active": true,
        "addressCounter": "Calle 71 #42",
        "stratum": 4,
        "transformatorCounter": 10
      }
    },
    {
      "model": "energytransfers.counter",
      "pk": 6,
      "fields": {
        "latitudeCounter": "3.4357371374880414",
        "lengthCounter": "-76.5101408958435",
        "value": 1123,
        "is_active": true,
        "addressCounter": "Carrera 24 #4B",
        "stratum": 4,
        "transformatorCounter": 6
      }
    },
    {
      "model": "energytransfers.counter",
      "pk": 7,
      "fields": {
        "latitudeCounter": "3.437086540149677",
        "lengthCounter": "-76.504282951355",
        "value": 1124,
        "is_active": true,
        "addressCounter": "Carrera 24C #10",
        "stratum": 3,
        "transformatorCounter": 6
      }
    },
    {
      "model": "energytransfers.counter",
      "pk": 8,
      "fields": {
        "latitudeCounter": "3.4278120357529867",
        "lengthCounter": "-76.4970088005066",
        "value": 1062,
        "is_active": true,
        "addressCounter": "Carrera 28B #9",
        "stratum": 3,
        "transformatorCounter": 5
      }
    },
    {
      "model": "energytransfers.counter",
      "pk": 9,
      "fields": {
        "latitudeCounter": "3.4380932361303143",
        "lengthCounter": "-76.49919748306276",
        "value": 1781,
        "is_active": true,
        "addressCounter": "Carrera 25 #33-17",
        "stratum": 5,
        "transformatorCounter": 6
      }
    },
    {
      "model": "energytransfers.counter",
      "pk": 10,
      "fields": {
        "latitudeCounter": "3.4223072642741497",
        "lengthCounter": "-76.50091409683229",
        "value": 1201,
        "is_active": false,
        "addressCounter": "Carrera 29A #12-89",
        "stratum": 4,
        "transformatorCounter": 5
      }
    },
    {
      "model": "energytransfers.history",
      "pk": 1,
      "fields": {
        "current": 226,
        "consumption": 226,
        "registryHistory": "2019-12-31",
        "counter": 1
      }
    },
    {
      "model": "energytransfers.history",
      "pk": 2,
      "fields": {
        "current": 528,
        "consumption": 302,
        "registryHistory": "2020-01-31",
        "counter": 1
      }
    },
    {
      "model": "energytransfers.history",
      "pk": 3,
      "fields": {
        "current": 890,
        "consumption": 362,
        "registryHistory": "2020-02-29",
        "counter": 1
      }
    },
    {
      "model": "energytransfers.history",
      "pk": 4,
      "fields": {
        "current": 1176,
        "consumption": 286,
        "registryHistory": "2020-03-31",
        "counter": 1
      }
    },
    {
      "model": "energytransfers.history",
      "pk": 5,
      "fields": {
        "current": 1508,
        "consumption": 332,
        "registryHistory": "2020-04-30",
        "counter": 1
      }
    },
    {
      "model": "energytransfers.history",
      "pk": 6,
      "fields": {
        "current": 441,
        "consumption": 441,
        "registryHistory": "2019-12-31",
        "counter": 2
      }
    },
    {
      "model": "energytransfers.history",
      "pk": 7,
      "fields": {
        "current": 716,
        "consumption": 275,
        "registryHistory": "2020-01-31",
        "counter": 2
      }
    },
    {
      "model": "energytransfers.history",
      "pk": 8,
      "fields": {
        "current": 1028,
        "consumption": 312,
        "registryHistory": "2020-02-29",
        "counter": 2
      }
    },
    {
      "model": "energytransfers.history",
      "pk": 9,
      "fields": {
        "current": 1358,
        "consumption": 330,
        "registryHistory": "2020-03-31",
        "counter": 2
      }
    },
    {
      "model": "energytransfers.history",
      "pk": 10,
      "fields": {
        "current": 1835,
        "consumption": 477,
        "registryHistory": "2020-04-30",
        "counter": 2
      }
    },
    {
      "model": "energytransfers.history",
      "pk": 11,
      "fields": {
        "current": 280,
        "consumption": 280,
        "registryHistory": "2019-12-31",
        "counter": 3
      }
    },
    {
      "model": "energytransfers.history",
      "pk": 12,
      "fields": {
        "current": 513,
        "consumption": 233,
        "registryHistory": "2020-01-31",
        "counter": 3
      }
    },
    {
      "model": "energytransfers.history",
      "pk": 13,
      "fields": {
        "current": 734,
        "consumption": 221,
        "registryHistory": "2020-02-29",
        "counter": 3
      }
    },
    {
      "model": "energytransfers.history",
      "pk": 14,
      "fields": {
        "current": 909,
        "consumption": 175,
        "registryHistory": "2020-03-31",
        "counter": 3
      }
    },
    {
      "model": "energytransfers.history",
      "pk": 15,
      "fields": {
        "current": 1165,
        "consumption": 256,
        "registryHistory": "2020-04-30",
        "counter": 3
      }
    },
    {
      "model": "energytransfers.history",
      "pk": 16,
      "fields": {
        "current": 205,
        "consumption": 205,
        "registryHistory": "2019-12-31",
        "counter": 4
      }
    },
    {
      "model": "energytransfers.history",
      "pk": 17,
      "fields": {
        "current": 501,
        "consumption": 296,
        "registryHistory": "2020-01-31",
        "counter": 4
      }
    },
    {
      "model": "energytransfers.history",
      "pk": 18,
      "fields": {
        "current": 672,
        "consumption": 171,
        "registryHistory": "2020-02-29",
        "counter": 4
      }
    },
    {
      "model": "energytransfers.history",
      "pk": 19,
      "fields": {
        "current": 866,
        "consumption": 194,
        "registryHistory": "2020-03-31",
        "counter": 4
      }
    },
    {
      "model": "energytransfers.history",
      "pk": 20,
      "fields": {
        "current": 1140,
        "consumption": 274,
        "registryHistory": "2020-04-30",
        "counter": 4
      }
    },
    {
      "model": "energytransfers.history",
      "pk": 21,
      "fields": {
        "current": 271,
        "consumption": 271,
        "registryHistory": "2019-12-31",
        "counter": 5
      }
    },
    {
      "model": "energytransfers.history",
      "pk": 22,
      "fields": {
        "current": 633,
        "consumption": 362,
        "registryHistory": "2020-01-31",
        "counter": 5
      }
    },
    {
      "model": "energytransfers.history",
      "pk": 23,
      "fields": {
        "current": 1031,
        "consumption": 398,
        "registryHistory": "2020-02-29",
        "counter": 5
      }
    },
    {
      "model": "energytransfers.history",
      "pk": 24,
      "fields": {
        "current": 1465,
        "consumption": 434,
        "registryHistory": "2020-03-31",
        "counter": 5
      }
    },
    {
      "model": "energytransfers.history",
      "pk": 25,
      "fields": {
        "current": 1809,
        "consumption": 344,
        "registryHistory": "2020-04-30",
        "counter": 5
      }
    },
    {
      "model": "energytransfers.history",
      "pk": 26,
      "fields": {
        "current": 269,
        "consumption": 269,
        "registryHistory": "2019-12-31",
        "counter": 6
      }
    },
    {
      "model": "energytransfers.history",
      "pk": 27,
      "fields": {
        "current": 560,
        "consumption": 291,
        "registryHistory": "2020-01-31",
        "counter": 6
      }
    },
    {
      "model": "energytransfers.history",
      "pk": 28,
      "fields": {
        "current": 750,
        "consumption": 190,
        "registryHistory": "2020-02-29",
        "counter": 6
      }
    },
    {
      "model": "energytransfers.history",
      "pk": 29,
      "fields": {
        "current": 952,
        "consumption": 202,
        "registryHistory": "2020-03-31",
        "counter": 6
      }
    },
    {
      "model": "energytransfers.history",
      "pk": 30,
      "fields": {
        "current": 1120,
        "consumption": 168,
        "registryHistory": "2020-04-30",
        "counter": 6
      }
    },
    {
      "model": "energytransfers.history",
      "pk": 31,
      "fields": {
        "current": 168,
        "consumption": 168,
        "registryHistory": "2019-12-31",
        "counter": 7
      }
    },
    {
      "model": "energytransfers.history",
      "pk": 32,
      "fields": {
        "current": 392,
        "consumption": 224,
        "registryHistory": "2020-01-31",
        "counter": 7
      }
    },
    {
      "model": "energytransfers.history",
      "pk": 33,
      "fields": {
        "current": 605,
        "consumption": 213,
        "registryHistory": "2020-02-29",
        "counter": 7
      }
    },
    {
      "model": "energytransfers.history",
      "pk": 34,
      "fields": {
        "current": 874,
        "consumption": 269,
        "registryHistory": "2020-03-31",
        "counter": 7
      }
    },
    {
      "model": "energytransfers.history",
      "pk": 35,
      "fields": {
        "current": 1121,
        "consumption": 247,
        "registryHistory": "2020-04-30",
        "counter": 7
      }
    },
    {
      "model": "energytransfers.history",
      "pk": 36,
      "fields": {
        "current": 276,
        "consumption": 276,
        "registryHistory": "2019-12-31",
        "counter": 8
      }
    },
    {
      "model": "energytransfers.history",
      "pk": 37,
      "fields": {
        "current": 456,
        "consumption": 180,
        "registryHistory": "2020-01-31",
        "counter": 8
      }
    },
    {
      "model": "energytransfers.history",
      "pk": 38,
      "fields": {
        "current": 647,
        "consumption": 191,
        "registryHistory": "2020-02-29",
        "counter": 8
      }
    },
    {
      "model": "energytransfers.history",
      "pk": 39,
      "fields": {
        "current": 901,
        "consumption": 254,
        "registryHistory": "2020-03-31",
        "counter": 8
      }
    },
    {
      "model": "energytransfers.history",
      "pk": 40,
      "fields": {
        "current": 1060,
        "consumption": 159,
        "registryHistory": "2020-04-30",
        "counter": 8
      }
    },
    {
      "model": "energytransfers.history",
      "pk": 41,
      "fields": {
        "current": 356,
        "consumption": 356,
        "registryHistory": "2019-12-31",
        "counter": 9
      }
    },
    {
      "model": "energytransfers.history",
      "pk": 42,
      "fields": {
        "current": 694,
        "consumption": 338,
        "registryHistory": "2020-01-31",
        "counter": 9
      }
    },
    {
      "model": "energytransfers.history",
      "pk": 43,
      "fields": {
        "current": 1085,
        "consumption": 391,
        "registryHistory": "2020-02-29",
        "counter": 9
      }
    },
    {
      "model": "energytransfers.history",
      "pk": 44,
      "fields": {
        "current": 1352,
        "consumption": 267,
        "registryHistory": "2020-03-31",
        "counter": 9
      }
    },
    {
      "model": "energytransfers.history",
      "pk": 45,
      "fields": {
        "current": 1779,
        "consumption": 427,
        "registryHistory": "2020-04-30",
        "counter": 9
      }
    },
    {
      "model": "energytransfers.history",
      "pk": 46,
      "fields": {
        "current": 312,
        "consumption": 312,
        "registryHistory": "2019-12-31",
        "counter": 10
      }
    },
    {
      "model": "energytransfers.history",
      "pk": 47,
      "fields": {
        "current": 516,
        "consumption": 204,
        "registryHistory": "2020-01-31",
        "counter": 10
      }
    },
    {
      "model": "energytransfers.history",
      "pk": 48,
      "fields": {
        "current": 804,
        "consumption": 288,
        "registryHistory": "2020-02-29",
        "counter": 10
      }
    },
    {
      "model": "energytransfers.history",
      "pk": 49,
      "fields": {
        "current": 1020,
        "consumption": 216,
        "registryHistory": "2020-03-31",
        "counter": 10
      }
    },
    {
      "model": "energytransfers.history",
      "pk": 50,
      "fields": {
        "current": 1200,
        "consumption": 180,
        "registryHistory": "2020-04-30",
        "counter": 10
      }
    },
    {
      "model": "contract.contract",
      "pk": 20200515,
      "fields": {
        "interes_mora": 0,
        "client": 1,
        "counter": 1
      }
    },
    {
      "model": "contract.contract",
      "pk": 20200516,
      "fields": {
        "interes_mora": 0,
        "client": 2,
        "counter": 2
      }
    },
    {
      "model": "contract.contract",
      "pk": 20200517,
      "fields": {
        "interes_mora": 0,
        "client": 3,
        "counter": 3
      }
    },
    {
      "model": "contract.contract",
      "pk": 20200518,
      "fields": {
        "interes_mora": 0,
        "client": 4,
        "counter": 4
      }
    },
    {
      "model": "contract.contract",
      "pk": 20200519,
      "fields": {
        "interes_mora": 0,
        "client": 5,
        "counter": 5
      }
    },
    {
      "model": "contract.contract",
      "pk": 20200520,
      "fields": {
        "interes_mora": 0,
        "client": 6,
        "counter": 6
      }
    },
    {
      "model": "contract.contract",
      "pk": 20200521,
      "fields": {
        "interes_mora": 0.19,
        "client": 7,
        "counter": 7
      }
    },
    {
      "model": "contract.contract",
      "pk": 20200522,
      "fields": {
        "interes_mora": 0.2,
        "client": 8,
        "counter": 8
      }
    },
    {
      "model": "contract.contract",
      "pk": 20200523,
      "fields": {
        "interes_mora": 0,
        "client": 9,
        "counter": 9
      }
    },
    {
      "model": "contract.contract",
      "pk": 20200524,
      "fields": {
        "interes_mora": 0.3,
        "client": 10,
        "counter": 10
      }
    },
    {
      "model": "contract.Invoice",
      "pk": 2001,
      "fields": {
        "billingDate": "2019-12-31",
        "deadDatePay": "2020-01-10",
        "counter": 1,
        "address": "Carrera 5 # 14-4",
        "stratum": 1,
        "currentRecord": 226,
        "pastRecord": 0,
        "basicTake": 173,
        "remainder": 53,
        "unitaryValue": 589,
        "interestMora": 0,
        "totalMora": 0.0,
        "overdue": 0.0,
        "intakes": "12-226",
        "referencecodeInvoice": "202004301759794261536441572",
        "total": 71975.8,
        "stateInvoice": true,
        "is_active": false,
        "contract": 20200515
      }
    },
    {
      "model": "contract.Invoice",
      "pk": 2002,
      "fields": {
        "billingDate": "2020-01-31",
        "deadDatePay": "2020-02-10",
        "counter": 1,
        "address": "Carrera 5 # 14-4",
        "stratum": 1,
        "currentRecord": 528,
        "pastRecord": 226,
        "basicTake": 173,
        "remainder": 129,
        "unitaryValue": 589,
        "interestMora": 0,
        "totalMora": 0.0,
        "overdue": 0.0,
        "intakes": "1-302,12-226",
        "referencecodeInvoice": "202004301759244261533800963",
        "total": 116739.79999999999,
        "stateInvoice": true,
        "is_active": false,
        "contract": 20200515
      }
    },
    {
      "model": "contract.Invoice",
      "pk": 2003,
      "fields": {
        "billingDate": "2020-02-29",
        "deadDatePay": "2020-03-10",
        "counter": 1,
        "address": "Carrera 5 # 14-4",
        "stratum": 1,
        "currentRecord": 890,
        "pastRecord": 528,
        "basicTake": 173,
        "remainder": 189,
        "unitaryValue": 589,
        "interestMora": 0,
        "totalMora": 0.0,
        "overdue": 0.0,
        "intakes": "2-362,1-302,12-226",
        "referencecodeInvoice": "202004301759193261536940622",
        "total": 152079.8,
        "stateInvoice": true,
        "is_active": false,
        "contract": 20200515
      }
    },
    {
      "model": "contract.Invoice",
      "pk": 2004,
      "fields": {
        "billingDate": "2020-03-31",
        "deadDatePay": "2020-04-10",
        "counter": 1,
        "address": "Carrera 5 # 14-4",
        "stratum": 1,
        "currentRecord": 1176,
        "pastRecord": 890,
        "basicTake": 173,
        "remainder": 113,
        "unitaryValue": 589,
        "interestMora": 0,
        "totalMora": 0.0,
        "overdue": 0.0,
        "intakes": "3-286,2-362,1-302,12-226",
        "referencecodeInvoice": "202004301759570261535826855",
        "total": 107315.79999999999,
        "stateInvoice": true,
        "is_active": false,
        "contract": 20200515
      }
    },
    {
      "model": "contract.Invoice",
      "pk": 2005,
      "fields": {
        "billingDate": "2020-04-30",
        "deadDatePay": "2020-05-10",
        "counter": 1,
        "address": "Carrera 5 # 14-4",
        "stratum": 1,
        "currentRecord": 1508,
        "pastRecord": 1176,
        "basicTake": 173,
        "remainder": 159,
        "unitaryValue": 589,
        "interestMora": 0,
        "totalMora": 0.0,
        "overdue": 0.0,
        "intakes": "4-332,3-286,2-362,1-302,12-226",
        "referencecodeInvoice": "202004301759254261538553173",
        "total": 134409.8,
        "stateInvoice": true,
        "is_active": true,
        "contract": 20200515
      }
    },
    {
      "model": "contract.Invoice",
      "pk": 2006,
      "fields": {
        "billingDate": "2019-12-31",
        "deadDatePay": "2020-01-10",
        "counter": 2,
        "address": "Carrera 5 con calle 56",
        "stratum": 3,
        "currentRecord": 441,
        "pastRecord": 0,
        "basicTake": 173,
        "remainder": 268,
        "unitaryValue": 589,
        "interestMora": 0,
        "totalMora": 0.0,
        "overdue": 0.0,
        "intakes": "12-441",
        "referencecodeInvoice": "202004301759738261531766674",
        "total": 244464.44999999998,
        "stateInvoice": true,
        "is_active": false,
        "contract": 20200516
      }
    },
    {
      "model": "contract.Invoice",
      "pk": 2007,
      "fields": {
        "billingDate": "2020-01-31",
        "deadDatePay": "2020-02-10",
        "counter": 2,
        "address": "Carrera 5 con calle 56",
        "stratum": 3,
        "currentRecord": 716,
        "pastRecord": 441,
        "basicTake": 173,
        "remainder": 102,
        "unitaryValue": 589,
        "interestMora": 0,
        "totalMora": 0.0,
        "overdue": 0.0,
        "intakes": "1-275,12-441",
        "referencecodeInvoice": "202004301759849261533102211",
        "total": 146690.44999999998,
        "stateInvoice": true,
        "is_active": false,
        "contract": 20200516
      }
    },
    {
      "model": "contract.Invoice",
      "pk": 2008,
      "fields": {
        "billingDate": "2020-02-29",
        "deadDatePay": "2020-03-10",
        "counter": 2,
        "address": "Carrera 5 con calle 56",
        "stratum": 3,
        "currentRecord": 1028,
        "pastRecord": 716,
        "basicTake": 173,
        "remainder": 139,
        "unitaryValue": 589,
        "interestMora": 0,
        "totalMora": 0.0,
        "overdue": 0.0,
        "intakes": "2-312,1-275,12-441",
        "referencecodeInvoice": "202004301759916261534714161",
        "total": 168483.44999999998,
        "stateInvoice": true,
        "is_active": false,
        "contract": 20200516
      }
    },
    {
      "model": "contract.Invoice",
      "pk": 2009,
      "fields": {
        "billingDate": "2020-03-31",
        "deadDatePay": "2020-04-10",
        "counter": 2,
        "address": "Carrera 5 con calle 56",
        "stratum": 3,
        "currentRecord": 1358,
        "pastRecord": 1028,
        "basicTake": 173,
        "remainder": 157,
        "unitaryValue": 589,
        "interestMora": 0,
        "totalMora": 0.0,
        "overdue": 0.0,
        "intakes": "3-330,2-312,1-275,12-441",
        "referencecodeInvoice": "202004301759992261533618136",
        "total": 179085.44999999998,
        "stateInvoice": true,
        "is_active": false,
        "contract": 20200516
      }
    },
    {
      "model": "contract.Invoice",
      "pk": 2010,
      "fields": {
        "billingDate": "2020-04-30",
        "deadDatePay": "2020-05-10",
        "counter": 2,
        "address": "Carrera 5 con calle 56",
        "stratum": 3,
        "currentRecord": 1835,
        "pastRecord": 1358,
        "basicTake": 173,
        "remainder": 304,
        "unitaryValue": 589,
        "interestMora": 0,
        "totalMora": 0.0,
        "overdue": 0.0,
        "intakes": "4-477,3-330,2-312,1-275,12-441",
        "referencecodeInvoice": "202004301759325261538331433",
        "total": 265668.44999999995,
        "stateInvoice": true,
        "is_active": true,
        "contract": 20200516
      }
    },
    {
      "model": "contract.Invoice",
      "pk": 2011,
      "fields": {
        "billingDate": "2019-12-31",
        "deadDatePay": "2020-01-10",
        "counter": 3,
        "address": "Carrera 2 # 45",
        "stratum": 2,
        "currentRecord": 280,
        "pastRecord": 0,
        "basicTake": 173,
        "remainder": 107,
        "unitaryValue": 589,
        "interestMora": 0,
        "totalMora": 0.0,
        "overdue": 0.0,
        "intakes": "12-280",
        "referencecodeInvoice": "202004301759185261536586552",
        "total": 113971.5,
        "stateInvoice": true,
        "is_active": false,
        "contract": 20200517
      }
    },
    {
      "model": "contract.Invoice",
      "pk": 2012,
      "fields": {
        "billingDate": "2020-01-31",
        "deadDatePay": "2020-02-10",
        "counter": 3,
        "address": "Carrera 2 # 45",
        "stratum": 2,
        "currentRecord": 513,
        "pastRecord": 280,
        "basicTake": 173,
        "remainder": 60,
        "unitaryValue": 589,
        "interestMora": 0,
        "totalMora": 0.0,
        "overdue": 0.0,
        "intakes": "1-233,12-280",
        "referencecodeInvoice": "202004301759381261535764220",
        "total": 86288.5,
        "stateInvoice": true,
        "is_active": false,
        "contract": 20200517
      }
    },
    {
      "model": "contract.Invoice",
      "pk": 2013,
      "fields": {
        "billingDate": "2020-02-29",
        "deadDatePay": "2020-03-10",
        "counter": 3,
        "address": "Carrera 2 # 45",
        "stratum": 2,
        "currentRecord": 734,
        "pastRecord": 513,
        "basicTake": 173,
        "remainder": 48,
        "unitaryValue": 589,
        "interestMora": 0,
        "totalMora": 0.0,
        "overdue": 0.0,
        "intakes": "2-221,1-233,12-280",
        "referencecodeInvoice": "202004301759812261534107195",
        "total": 79220.5,
        "stateInvoice": true,
        "is_active": false,
        "contract": 20200517
      }
    },
    {
      "model": "contract.Invoice",
      "pk": 2014,
      "fields": {
        "billingDate": "2020-03-31",
        "deadDatePay": "2020-04-10",
        "counter": 3,
        "address": "Carrera 2 # 45",
        "stratum": 2,
        "currentRecord": 909,
        "pastRecord": 734,
        "basicTake": 173,
        "remainder": 2,
        "unitaryValue": 589,
        "interestMora": 0,
        "totalMora": 0.0,
        "overdue": 0.0,
        "intakes": "3-175,2-221,1-233,12-280",
        "referencecodeInvoice": "202004301759879261533839743",
        "total": 52126.5,
        "stateInvoice": true,
        "is_active": false,
        "contract": 20200517
      }
    },
    {
      "model": "contract.Invoice",
      "pk": 2015,
      "fields": {
        "billingDate": "2020-04-30",
        "deadDatePay": "2020-05-10",
        "counter": 3,
        "address": "Carrera 2 # 45",
        "stratum": 2,
        "currentRecord": 1165,
        "pastRecord": 909,
        "basicTake": 173,
        "remainder": 83,
        "unitaryValue": 589,
        "interestMora": 0,
        "totalMora": 0.0,
        "overdue": 0.0,
        "intakes": "4-256,3-175,2-221,1-233,12-280",
        "referencecodeInvoice": "202004301759494261533698211",
        "total": 99835.5,
        "stateInvoice": true,
        "is_active": true,
        "contract": 20200517
      }
    },
    {
      "model": "contract.Invoice",
      "pk": 2016,
      "fields": {
        "billingDate": "2019-12-31",
        "deadDatePay": "2020-01-10",
        "counter": 4,
        "address": "Calle 66A #43",
        "stratum": 6,
        "currentRecord": 205,
        "pastRecord": 0,
        "basicTake": 173,
        "remainder": 32,
        "unitaryValue": 589,
        "interestMora": 0,
        "totalMora": 0.0,
        "overdue": 0.0,
        "intakes": "12-205",
        "referencecodeInvoice": "202004301759254261535290464",
        "total": 120745,
        "stateInvoice": true,
        "is_active": false,
        "contract": 20200518
      }
    },
    {
      "model": "contract.Invoice",
      "pk": 2017,
      "fields": {
        "billingDate": "2020-01-31",
        "deadDatePay": "2020-02-10",
        "counter": 4,
        "address": "Calle 66A #43",
        "stratum": 6,
        "currentRecord": 501,
        "pastRecord": 205,
        "basicTake": 173,
        "remainder": 123,
        "unitaryValue": 589,
        "interestMora": 0,
        "totalMora": 0.0,
        "overdue": 0.0,
        "intakes": "1-296,12-205",
        "referencecodeInvoice": "202004301759604261534171243",
        "total": 174344,
        "stateInvoice": true,
        "is_active": false,
        "contract": 20200518
      }
    },
    {
      "model": "contract.Invoice",
      "pk": 2018,
      "fields": {
        "billingDate": "2020-02-29",
        "deadDatePay": "2020-03-10",
        "counter": 4,
        "address": "Calle 66A #43",
        "stratum": 6,
        "currentRecord": 672,
        "pastRecord": 501,
        "basicTake": 171,
        "remainder": 0,
        "unitaryValue": 589,
        "interestMora": 0,
        "totalMora": 0.0,
        "overdue": 0.0,
        "intakes": "2-171,1-296,12-205",
        "referencecodeInvoice": "202004301759921261535885934",
        "total": 100719,
        "stateInvoice": true,
        "is_active": false,
        "contract": 20200518
      }
    },
    {
      "model": "contract.Invoice",
      "pk": 2019,
      "fields": {
        "billingDate": "2020-03-31",
        "deadDatePay": "2020-04-10",
        "counter": 4,
        "address": "Calle 66A #43",
        "stratum": 6,
        "currentRecord": 866,
        "pastRecord": 672,
        "basicTake": 173,
        "remainder": 21,
        "unitaryValue": 589,
        "interestMora": 0,
        "totalMora": 0.0,
        "overdue": 0.0,
        "intakes": "3-194,2-171,1-296,12-205",
        "referencecodeInvoice": "202004301759131261535649718",
        "total": 114266,
        "stateInvoice": true,
        "is_active": false,
        "contract": 20200518
      }
    },
    {
      "model": "contract.Invoice",
      "pk": 2020,
      "fields": {
        "billingDate": "2020-04-30",
        "deadDatePay": "2020-05-10",
        "counter": 4,
        "address": "Calle 66A #43",
        "stratum": 6,
        "currentRecord": 1140,
        "pastRecord": 866,
        "basicTake": 173,
        "remainder": 101,
        "unitaryValue": 589,
        "interestMora": 0,
        "totalMora": 0.0,
        "overdue": 0.0,
        "intakes": "4-274,3-194,2-171,1-296,12-205",
        "referencecodeInvoice": "202004301759622261532303285",
        "total": 161386,
        "stateInvoice": true,
        "is_active": true,
        "contract": 20200518
      }
    },
    {
      "model": "contract.Invoice",
      "pk": 2021,
      "fields": {
        "billingDate": "2019-12-31",
        "deadDatePay": "2020-01-10",
        "counter": 5,
        "address": "Calle 71 #42",
        "stratum": 4,
        "currentRecord": 271,
        "pastRecord": 0,
        "basicTake": 173,
        "remainder": 98,
        "unitaryValue": 589,
        "interestMora": 0,
        "totalMora": 0.0,
        "overdue": 0.0,
        "intakes": "12-271",
        "referencecodeInvoice": "202004301759240261536520944",
        "total": 159619,
        "stateInvoice": true,
        "is_active": false,
        "contract": 20200519
      }
    },
    {
      "model": "contract.Invoice",
      "pk": 2022,
      "fields": {
        "billingDate": "2020-01-31",
        "deadDatePay": "2020-02-10",
        "counter": 5,
        "address": "Calle 71 #42",
        "stratum": 4,
        "currentRecord": 633,
        "pastRecord": 271,
        "basicTake": 173,
        "remainder": 189,
        "unitaryValue": 589,
        "interestMora": 0,
        "totalMora": 0.0,
        "overdue": 0.0,
        "intakes": "1-362,12-271",
        "referencecodeInvoice": "202004301759731261532027473",
        "total": 213218,
        "stateInvoice": true,
        "is_active": false,
        "contract": 20200519
      }
    },
    {
      "model": "contract.Invoice",
      "pk": 2023,
      "fields": {
        "billingDate": "2020-02-29",
        "deadDatePay": "2020-03-10",
        "counter": 5,
        "address": "Calle 71 #42",
        "stratum": 4,
        "currentRecord": 1031,
        "pastRecord": 633,
        "basicTake": 173,
        "remainder": 225,
        "unitaryValue": 589,
        "interestMora": 0,
        "totalMora": 0.0,
        "overdue": 0.0,
        "intakes": "2-398,1-362,12-271",
        "referencecodeInvoice": "202004301759941261538256809",
        "total": 234422,
        "stateInvoice": true,
        "is_active": false,
        "contract": 20200519
      }
    },
    {
      "model": "contract.Invoice",
      "pk": 2024,
      "fields": {
        "billingDate": "2020-03-31",
        "deadDatePay": "2020-04-10",
        "counter": 5,
        "address": "Calle 71 #42",
        "stratum": 4,
        "currentRecord": 1465,
        "pastRecord": 1031,
        "basicTake": 173,
        "remainder": 261,
        "unitaryValue": 589,
        "interestMora": 0,
        "totalMora": 0.0,
        "overdue": 0.0,
        "intakes": "3-434,2-398,1-362,12-271",
        "referencecodeInvoice": "202004301759870261533522178",
        "total": 255626,
        "stateInvoice": true,
        "is_active": false,
        "contract": 20200519
      }
    },
    {
      "model": "contract.Invoice",
      "pk": 2025,
      "fields": {
        "billingDate": "2020-04-30",
        "deadDatePay": "2020-05-10",
        "counter": 5,
        "address": "Calle 71 #42",
        "stratum": 4,
        "currentRecord": 1809,
        "pastRecord": 1465,
        "basicTake": 173,
        "remainder": 171,
        "unitaryValue": 589,
        "interestMora": 0,
        "totalMora": 0.0,
        "overdue": 0.0,
        "intakes": "4-344,3-434,2-398,1-362,12-271",
        "referencecodeInvoice": "202004301759244261534349312",
        "total": 202616,
        "stateInvoice": true,
        "is_active": true,
        "contract": 20200519
      }
    },
    {
      "model": "contract.Invoice",
      "pk": 2026,
      "fields": {
        "billingDate": "2019-12-31",
        "deadDatePay": "2020-01-10",
        "counter": 6,
        "address": "Carrera 24 #4B",
        "stratum": 4,
        "currentRecord": 269,
        "pastRecord": 0,
        "basicTake": 173,
        "remainder": 96,
        "unitaryValue": 589,
        "interestMora": 0,
        "totalMora": 0.0,
        "overdue": 0.0,
        "intakes": "12-269",
        "referencecodeInvoice": "202004301759303261537902298",
        "total": 158441,
        "stateInvoice": true,
        "is_active": false,
        "contract": 20200520
      }
    },
    {
      "model": "contract.Invoice",
      "pk": 2027,
      "fields": {
        "billingDate": "2020-01-31",
        "deadDatePay": "2020-02-10",
        "counter": 6,
        "address": "Carrera 24 #4B",
        "stratum": 4,
        "currentRecord": 560,
        "pastRecord": 269,
        "basicTake": 173,
        "remainder": 118,
        "unitaryValue": 589,
        "interestMora": 0,
        "totalMora": 0.0,
        "overdue": 0.0,
        "intakes": "1-291,12-269",
        "referencecodeInvoice": "202004301759631261535785745",
        "total": 171399,
        "stateInvoice": true,
        "is_active": false,
        "contract": 20200520
      }
    },
    {
      "model": "contract.Invoice",
      "pk": 2028,
      "fields": {
        "billingDate": "2020-02-29",
        "deadDatePay": "2020-03-10",
        "counter": 6,
        "address": "Carrera 24 #4B",
        "stratum": 4,
        "currentRecord": 750,
        "pastRecord": 560,
        "basicTake": 173,
        "remainder": 17,
        "unitaryValue": 589,
        "interestMora": 0,
        "totalMora": 0.0,
        "overdue": 0.0,
        "intakes": "2-190,1-291,12-269",
        "referencecodeInvoice": "202004301759365261534770189",
        "total": 111910,
        "stateInvoice": true,
        "is_active": false,
        "contract": 20200520
      }
    },
    {
      "model": "contract.Invoice",
      "pk": 2029,
      "fields": {
        "billingDate": "2020-03-31",
        "deadDatePay": "2020-04-10",
        "counter": 6,
        "address": "Carrera 24 #4B",
        "stratum": 4,
        "currentRecord": 952,
        "pastRecord": 750,
        "basicTake": 173,
        "remainder": 29,
        "unitaryValue": 589,
        "interestMora": 0,
        "totalMora": 0.0,
        "overdue": 0.0,
        "intakes": "3-202,2-190,1-291,12-269",
        "referencecodeInvoice": "202004301759692261537478907",
        "total": 118978,
        "stateInvoice": true,
        "is_active": false,
        "contract": 20200520
      }
    },
    {
      "model": "contract.Invoice",
      "pk": 2030,
      "fields": {
        "billingDate": "2020-04-30",
        "deadDatePay": "2020-05-10",
        "counter": 6,
        "address": "Carrera 24 #4B",
        "stratum": 4,
        "currentRecord": 1120,
        "pastRecord": 952,
        "basicTake": 168,
        "remainder": 0,
        "unitaryValue": 589,
        "interestMora": 0,
        "totalMora": 0.0,
        "overdue": 0.0,
        "intakes": "4-168,3-202,2-190,1-291,12-269",
        "referencecodeInvoice": "202004301759623261535175738",
        "total": 98952,
        "stateInvoice": true,
        "is_active": true,
        "contract": 20200520
      }
    },
    {
      "model": "contract.Invoice",
      "pk": 2031,
      "fields": {
        "billingDate": "2019-12-31",
        "deadDatePay": "2020-01-10",
        "counter": 7,
        "address": "Carrera 24C #10",
        "stratum": 3,
        "currentRecord": 168,
        "pastRecord": 0,
        "basicTake": 168,
        "remainder": 0,
        "unitaryValue": 589,
        "interestMora": 0,
        "totalMora": 0.0,
        "overdue": 0.0,
        "intakes": "12-168",
        "referencecodeInvoice": "202004301759615261532856954",
        "total": 84109.2,
        "stateInvoice": true,
        "is_active": false,
        "contract": 20200521
      }
    },
    {
      "model": "contract.Invoice",
      "pk": 2032,
      "fields": {
        "billingDate": "2020-01-31",
        "deadDatePay": "2020-02-10",
        "counter": 7,
        "address": "Carrera 24C #10",
        "stratum": 3,
        "currentRecord": 392,
        "pastRecord": 168,
        "basicTake": 173,
        "remainder": 51,
        "unitaryValue": 589,
        "interestMora": 0,
        "totalMora": 0.0,
        "overdue": 0.0,
        "intakes": "1-224,12-168",
        "referencecodeInvoice": "202004301759282261533189158",
        "total": 116651.45,
        "stateInvoice": true,
        "is_active": false,
        "contract": 20200521
      }
    },
    {
      "model": "contract.Invoice",
      "pk": 2033,
      "fields": {
        "billingDate": "2020-02-29",
        "deadDatePay": "2020-03-10",
        "counter": 7,
        "address": "Carrera 24C #10",
        "stratum": 3,
        "currentRecord": 605,
        "pastRecord": 392,
        "basicTake": 173,
        "remainder": 40,
        "unitaryValue": 589,
        "interestMora": 0,
        "totalMora": 0.0,
        "overdue": 0.0,
        "intakes": "2-213,1-224,12-168",
        "referencecodeInvoice": "202004301759790261532052802",
        "total": 110172.45,
        "stateInvoice": true,
        "is_active": false,
        "contract": 20200521
      }
    },
    {
      "model": "contract.Invoice",
      "pk": 2034,
      "fields": {
        "billingDate": "2020-03-31",
        "deadDatePay": "2020-04-10",
        "counter": 7,
        "address": "Carrera 24C #10",
        "stratum": 3,
        "currentRecord": 874,
        "pastRecord": 605,
        "basicTake": 173,
        "remainder": 96,
        "unitaryValue": 589,
        "interestMora": 0,
        "totalMora": 0.0,
        "overdue": 0.0,
        "intakes": "3-269,2-213,1-224,12-168",
        "referencecodeInvoice": "202004301759579261536436416",
        "total": 143156.44999999998,
        "stateInvoice": true,
        "is_active": false,
        "contract": 20200521
      }
    },
    {
      "model": "contract.Invoice",
      "pk": 2035,
      "fields": {
        "billingDate": "2020-04-30",
        "deadDatePay": "2020-05-10",
        "counter": 7,
        "address": "Carrera 24C #10",
        "stratum": 3,
        "currentRecord": 1121,
        "pastRecord": 874,
        "basicTake": 173,
        "remainder": 74,
        "unitaryValue": 589,
        "interestMora": 0,
        "totalMora": 0.0,
        "overdue": 0.0,
        "intakes": "4-247,3-269,2-213,1-224,12-168",
        "referencecodeInvoice": "202004301759337261532816921",
        "total": 130198.45,
        "stateInvoice": true,
        "is_active": true,
        "contract": 20200521
      }
    },
    {
      "model": "contract.Invoice",
      "pk": 2036,
      "fields": {
        "billingDate": "2019-12-31",
        "deadDatePay": "2020-01-10",
        "counter": 8,
        "address": "Carrera 28B #9",
        "stratum": 3,
        "currentRecord": 276,
        "pastRecord": 0,
        "basicTake": 173,
        "remainder": 103,
        "unitaryValue": 589,
        "interestMora": 0,
        "totalMora": 0.0,
        "overdue": 0.0,
        "intakes": "12-276",
        "referencecodeInvoice": "202004301759947261535512479",
        "total": 147279.44999999998,
        "stateInvoice": true,
        "is_active": false,
        "contract": 20200522
      }
    },
    {
      "model": "contract.Invoice",
      "pk": 2037,
      "fields": {
        "billingDate": "2020-01-31",
        "deadDatePay": "2020-02-10",
        "counter": 8,
        "address": "Carrera 28B #9",
        "stratum": 3,
        "currentRecord": 456,
        "pastRecord": 276,
        "basicTake": 173,
        "remainder": 7,
        "unitaryValue": 589,
        "interestMora": 0,
        "totalMora": 0.0,
        "overdue": 0.0,
        "intakes": "1-180,12-276",
        "referencecodeInvoice": "202004301759145261533416417",
        "total": 90735.45,
        "stateInvoice": true,
        "is_active": false,
        "contract": 20200522
      }
    },
    {
      "model": "contract.Invoice",
      "pk": 2038,
      "fields": {
        "billingDate": "2020-02-29",
        "deadDatePay": "2020-03-10",
        "counter": 8,
        "address": "Carrera 28B #9",
        "stratum": 3,
        "currentRecord": 647,
        "pastRecord": 456,
        "basicTake": 173,
        "remainder": 18,
        "unitaryValue": 589,
        "interestMora": 0,
        "totalMora": 0.0,
        "overdue": 0.0,
        "intakes": "2-191,1-180,12-276",
        "referencecodeInvoice": "202004301759964261539239256",
        "total": 97214.45,
        "stateInvoice": true,
        "is_active": false,
        "contract": 20200522
      }
    },
    {
      "model": "contract.Invoice",
      "pk": 2039,
      "fields": {
        "billingDate": "2020-03-31",
        "deadDatePay": "2020-04-10",
        "counter": 8,
        "address": "Carrera 28B #9",
        "stratum": 3,
        "currentRecord": 901,
        "pastRecord": 647,
        "basicTake": 173,
        "remainder": 81,
        "unitaryValue": 589,
        "interestMora": 0,
        "totalMora": 0.0,
        "overdue": 0.0,
        "intakes": "3-254,2-191,1-180,12-276",
        "referencecodeInvoice": "202004301759324261537824408",
        "total": 134321.44999999998,
        "stateInvoice": true,
        "is_active": false,
        "contract": 20200522
      }
    },
    {
      "model": "contract.Invoice",
      "pk": 2040,
      "fields": {
        "billingDate": "2020-04-30",
        "deadDatePay": "2020-05-10",
        "counter": 8,
        "address": "Carrera 28B #9",
        "stratum": 3,
        "currentRecord": 1060,
        "pastRecord": 901,
        "basicTake": 159,
        "remainder": 0,
        "unitaryValue": 589,
        "interestMora": 0,
        "totalMora": 0.0,
        "overdue": 0.0,
        "intakes": "4-159,3-254,2-191,1-180,12-276",
        "referencecodeInvoice": "202004301759129261533068503",
        "total": 79603.35,
        "stateInvoice": true,
        "is_active": true,
        "contract": 20200522
      }
    },
    {
      "model": "contract.Invoice",
      "pk": 2041,
      "fields": {
        "billingDate": "2019-12-31",
        "deadDatePay": "2020-01-10",
        "counter": 9,
        "address": "Carrera 25 #33-17",
        "stratum": 5,
        "currentRecord": 356,
        "pastRecord": 0,
        "basicTake": 173,
        "remainder": 183,
        "unitaryValue": 589,
        "interestMora": 0,
        "totalMora": 0.0,
        "overdue": 0.0,
        "intakes": "12-356",
        "referencecodeInvoice": "202004301759858261539920243",
        "total": 209684,
        "stateInvoice": true,
        "is_active": false,
        "contract": 20200523
      }
    },
    {
      "model": "contract.Invoice",
      "pk": 2042,
      "fields": {
        "billingDate": "2020-01-31",
        "deadDatePay": "2020-02-10",
        "counter": 9,
        "address": "Carrera 25 #33-17",
        "stratum": 5,
        "currentRecord": 694,
        "pastRecord": 356,
        "basicTake": 173,
        "remainder": 165,
        "unitaryValue": 589,
        "interestMora": 0,
        "totalMora": 0.0,
        "overdue": 0.0,
        "intakes": "1-338,12-356",
        "referencecodeInvoice": "202004301759831261534172550",
        "total": 199082,
        "stateInvoice": true,
        "is_active": false,
        "contract": 20200523
      }
    },
    {
      "model": "contract.Invoice",
      "pk": 2043,
      "fields": {
        "billingDate": "2020-02-29",
        "deadDatePay": "2020-03-10",
        "counter": 9,
        "address": "Carrera 25 #33-17",
        "stratum": 5,
        "currentRecord": 1085,
        "pastRecord": 694,
        "basicTake": 173,
        "remainder": 218,
        "unitaryValue": 589,
        "interestMora": 0,
        "totalMora": 0.0,
        "overdue": 0.0,
        "intakes": "2-391,1-338,12-356",
        "referencecodeInvoice": "202004301759218261539357164",
        "total": 230299,
        "stateInvoice": true,
        "is_active": false,
        "contract": 20200523
      }
    },
    {
      "model": "contract.Invoice",
      "pk": 2044,
      "fields": {
        "billingDate": "2020-03-31",
        "deadDatePay": "2020-04-10",
        "counter": 9,
        "address": "Carrera 25 #33-17",
        "stratum": 5,
        "currentRecord": 1352,
        "pastRecord": 1085,
        "basicTake": 173,
        "remainder": 94,
        "unitaryValue": 589,
        "interestMora": 0,
        "totalMora": 0.0,
        "overdue": 0.0,
        "intakes": "3-267,2-391,1-338,12-356",
        "referencecodeInvoice": "202004301759880261534246320",
        "total": 157263,
        "stateInvoice": true,
        "is_active": false,
        "contract": 20200523
      }
    },
    {
      "model": "contract.Invoice",
      "pk": 2045,
      "fields": {
        "billingDate": "2020-04-30",
        "deadDatePay": "2020-05-10",
        "counter": 9,
        "address": "Carrera 25 #33-17",
        "stratum": 5,
        "currentRecord": 1779,
        "pastRecord": 1352,
        "basicTake": 173,
        "remainder": 254,
        "unitaryValue": 589,
        "interestMora": 0,
        "totalMora": 0.0,
        "overdue": 0.0,
        "intakes": "4-427,3-267,2-391,1-338,12-356",
        "referencecodeInvoice": "202004301759197261535132412",
        "total": 251503,
        "stateInvoice": false,
        "is_active": true,
        "contract": 20200523
      }
    },
    {
      "model": "contract.Invoice",
      "pk": 2046,
      "fields": {
        "billingDate": "2019-12-31",
        "deadDatePay": "2020-01-10",
        "counter": 10,
        "address": "Carrera 29A #12-89",
        "stratum": 4,
        "currentRecord": 312,
        "pastRecord": 0,
        "basicTake": 173,
        "remainder": 139,
        "unitaryValue": 589,
        "interestMora": 0,
        "totalMora": 0.0,
        "overdue": 0.0,
        "intakes": "12-312",
        "referencecodeInvoice": "202004301759742261538626018",
        "total": 183768,
        "stateInvoice": true,
        "is_active": false,
        "contract": 20200524
      }
    },
    {
      "model": "contract.Invoice",
      "pk": 2047,
      "fields": {
        "billingDate": "2020-01-31",
        "deadDatePay": "2020-02-10",
        "counter": 10,
        "address": "Carrera 29A #12-89",
        "stratum": 4,
        "currentRecord": 516,
        "pastRecord": 312,
        "basicTake": 173,
        "remainder": 31,
        "unitaryValue": 589,
        "interestMora": 0,
        "totalMora": 0.0,
        "overdue": 0.0,
        "intakes": "1-204,12-312",
        "referencecodeInvoice": "202004301759829261531384850",
        "total": 120156,
        "stateInvoice": true,
        "is_active": false,
        "contract": 20200524
      }
    },
    {
      "model": "contract.Invoice",
      "pk": 2048,
      "fields": {
        "billingDate": "2020-02-29",
        "deadDatePay": "2020-03-10",
        "counter": 10,
        "address": "Carrera 29A #12-89",
        "stratum": 4,
        "currentRecord": 804,
        "pastRecord": 516,
        "basicTake": 173,
        "remainder": 115,
        "unitaryValue": 589,
        "interestMora": 0,
        "totalMora": 0.0,
        "overdue": 0.0,
        "intakes": "2-288,1-204,12-312",
        "referencecodeInvoice": "202004301759360261538615061",
        "total": 169632,
        "stateInvoice": false,
        "is_active": false,
        "contract": 20200524
      }
    },
    {
      "model": "contract.Invoice",
      "pk": 2049,
      "fields": {
        "billingDate": "2020-03-31",
        "deadDatePay": "2020-04-10",
        "counter": 10,
        "address": "Carrera 29A #12-89",
        "stratum": 4,
        "currentRecord": 1020,
        "pastRecord": 804,
        "basicTake": 173,
        "remainder": 43,
        "unitaryValue": 589,
        "interestMora": 0,
        "totalMora": 0.0,
        "overdue": 169632,
        "intakes": "3-216,2-288,1-204,12-312",
        "referencecodeInvoice": "202004301759613261536754783",
        "total": 296856,
        "stateInvoice": false,
        "is_active": false,
        "contract": 20200524
      }
    },
    {
      "model": "contract.Invoice",
      "pk": 2050,
      "fields": {
        "billingDate": "2020-04-30",
        "deadDatePay": "2020-05-10",
        "counter": 10,
        "address": "Carrera 29A #12-89",
        "stratum": 4,
        "currentRecord": 1200,
        "pastRecord": 1020,
        "basicTake": 173,
        "remainder": 7,
        "unitaryValue": 589,
        "interestMora": 0.3,
        "totalMora": 139946.4,
        "overdue": 466488,
        "intakes": "4-180,3-216,2-288,1-204,12-312",
        "referencecodeInvoice": "202004301759628261538645965",
        "total": 712454.4,
        "stateInvoice": false,
        "is_active": true,
        "contract": 20200524
      }
    },
    {
      "model": "payments.payment",
      "pk": 40051,
      "fields": {
        "valuePayment": 71975.8,
        "datePayment": "2020-01-05 00:00:00",
        "facturaPayment": 2001
      }
    },
    {
      "model": "payments.payment",
      "pk": 40052,
      "fields": {
        "valuePayment": 116739.79999999999,
        "datePayment": "2020-02-06 00:00:00",
        "facturaPayment": 2002
      }
    },
    {
      "model": "payments.payment",
      "pk": 40053,
      "fields": {
        "valuePayment": 152079.8,
        "datePayment": "2020-03-03 00:00:00",
        "facturaPayment": 2003
      }
    },
    {
      "model": "payments.payment",
      "pk": 40054,
      "fields": {
        "valuePayment": 107315.79999999999,
        "datePayment": "2020-04-02 00:00:00",
        "facturaPayment": 2004
      }
    },
    {
      "model": "payments.payment",
      "pk": 40055,
      "fields": {
        "valuePayment": 134409.8,
        "datePayment": "2020-05-03 00:00:00",
        "facturaPayment": 2005
      }
    },
    {
      "model": "payments.payment",
      "pk": 40056,
      "fields": {
        "valuePayment": 244464.44999999998,
        "datePayment": "2020-01-08 00:00:00",
        "facturaPayment": 2006
      }
    },
    {
      "model": "payments.payment",
      "pk": 40057,
      "fields": {
        "valuePayment": 146690.44999999998,
        "datePayment": "2020-02-04 00:00:00",
        "facturaPayment": 2007
      }
    },
    {
      "model": "payments.payment",
      "pk": 40058,
      "fields": {
        "valuePayment": 168483.44999999998,
        "datePayment": "2020-03-07 00:00:00",
        "facturaPayment": 2008
      }
    },
    {
      "model": "payments.payment",
      "pk": 40059,
      "fields": {
        "valuePayment": 179085.44999999998,
        "datePayment": "2020-04-02 00:00:00",
        "facturaPayment": 2009
      }
    },
    {
      "model": "payments.payment",
      "pk": 40060,
      "fields": {
        "valuePayment": 265668.44999999995,
        "datePayment": "2020-05-08 00:00:00",
        "facturaPayment": 2010
      }
    },
    {
      "model": "payments.payment",
      "pk": 40061,
      "fields": {
        "valuePayment": 113971.5,
        "datePayment": "2020-01-07 00:00:00",
        "facturaPayment": 2011
      }
    },
    {
      "model": "payments.payment",
      "pk": 40062,
      "fields": {
        "valuePayment": 86288.5,
        "datePayment": "2020-02-08 00:00:00",
        "facturaPayment": 2012
      }
    },
    {
      "model": "payments.payment",
      "pk": 40063,
      "fields": {
        "valuePayment": 79220.5,
        "datePayment": "2020-03-08 00:00:00",
        "facturaPayment": 2013
      }
    },
    {
      "model": "payments.payment",
      "pk": 40064,
      "fields": {
        "valuePayment": 52126.5,
        "datePayment": "2020-04-09 00:00:00",
        "facturaPayment": 2014
      }
    },
    {
      "model": "payments.payment",
      "pk": 40065,
      "fields": {
        "valuePayment": 99835.5,
        "datePayment": "2020-05-09 00:00:00",
        "facturaPayment": 2015
      }
    },
    {
      "model": "payments.payment",
      "pk": 40066,
      "fields": {
        "valuePayment": 120745,
        "datePayment": "2020-01-06 00:00:00",
        "facturaPayment": 2016
      }
    },
    {
      "model": "payments.payment",
      "pk": 40067,
      "fields": {
        "valuePayment": 174344,
        "datePayment": "2020-02-03 00:00:00",
        "facturaPayment": 2017
      }
    },
    {
      "model": "payments.payment",
      "pk": 40068,
      "fields": {
        "valuePayment": 100719,
        "datePayment": "2020-03-04 00:00:00",
        "facturaPayment": 2018
      }
    },
    {
      "model": "payments.payment",
      "pk": 40069,
      "fields": {
        "valuePayment": 114266,
        "datePayment": "2020-04-09 00:00:00",
        "facturaPayment": 2019
      }
    },
    {
      "model": "payments.payment",
      "pk": 40070,
      "fields": {
        "valuePayment": 161386,
        "datePayment": "2020-05-06 00:00:00",
        "facturaPayment": 2020
      }
    },
    {
      "model": "payments.payment",
      "pk": 40071,
      "fields": {
        "valuePayment": 159619,
        "datePayment": "2020-01-01 00:00:00",
        "facturaPayment": 2021
      }
    },
    {
      "model": "payments.payment",
      "pk": 40072,
      "fields": {
        "valuePayment": 213218,
        "datePayment": "2020-02-07 00:00:00",
        "facturaPayment": 2022
      }
    },
    {
      "model": "payments.payment",
      "pk": 40073,
      "fields": {
        "valuePayment": 234422,
        "datePayment": "2020-03-02 00:00:00",
        "facturaPayment": 2023
      }
    },
    {
      "model": "payments.payment",
      "pk": 40074,
      "fields": {
        "valuePayment": 255626,
        "datePayment": "2020-04-02 00:00:00",
        "facturaPayment": 2024
      }
    },
    {
      "model": "payments.payment",
      "pk": 40075,
      "fields": {
        "valuePayment": 202616,
        "datePayment": "2020-05-03 00:00:00",
        "facturaPayment": 2025
      }
    },
    {
      "model": "payments.payment",
      "pk": 40076,
      "fields": {
        "valuePayment": 158441,
        "datePayment": "2020-01-09 00:00:00",
        "facturaPayment": 2026
      }
    },
    {
      "model": "payments.payment",
      "pk": 40077,
      "fields": {
        "valuePayment": 171399,
        "datePayment": "2020-02-06 00:00:00",
        "facturaPayment": 2027
      }
    },
    {
      "model": "payments.payment",
      "pk": 40078,
      "fields": {
        "valuePayment": 111910,
        "datePayment": "2020-03-07 00:00:00",
        "facturaPayment": 2028
      }
    },
    {
      "model": "payments.payment",
      "pk": 40079,
      "fields": {
        "valuePayment": 118978,
        "datePayment": "2020-04-08 00:00:00",
        "facturaPayment": 2029
      }
    },
    {
      "model": "payments.payment",
      "pk": 40080,
      "fields": {
        "valuePayment": 98952,
        "datePayment": "2020-05-09 00:00:00",
        "facturaPayment": 2030
      }
    },
    {
      "model": "payments.payment",
      "pk": 40081,
      "fields": {
        "valuePayment": 84109.2,
        "datePayment": "2020-01-01 00:00:00",
        "facturaPayment": 2031
      }
    },
    {
      "model": "payments.payment",
      "pk": 40082,
      "fields": {
        "valuePayment": 116651.45,
        "datePayment": "2020-02-03 00:00:00",
        "facturaPayment": 2032
      }
    },
    {
      "model": "payments.payment",
      "pk": 40083,
      "fields": {
        "valuePayment": 110172.45,
        "datePayment": "2020-03-03 00:00:00",
        "facturaPayment": 2033
      }
    },
    {
      "model": "payments.payment",
      "pk": 40084,
      "fields": {
        "valuePayment": 143156.44999999998,
        "datePayment": "2020-04-03 00:00:00",
        "facturaPayment": 2034
      }
    },
    {
      "model": "payments.payment",
      "pk": 40085,
      "fields": {
        "valuePayment": 130198.45,
        "datePayment": "2020-05-19",
        "facturaPayment": 2035
      }
    },
    {
      "model": "payments.payment",
      "pk": 40086,
      "fields": {
        "valuePayment": 147279.44999999998,
        "datePayment": "2020-01-03 00:00:00",
        "facturaPayment": 2036
      }
    },
    {
      "model": "payments.payment",
      "pk": 40087,
      "fields": {
        "valuePayment": 90735.45,
        "datePayment": "2020-02-04 00:00:00",
        "facturaPayment": 2037
      }
    },
    {
      "model": "payments.payment",
      "pk": 40088,
      "fields": {
        "valuePayment": 97214.45,
        "datePayment": "2020-03-01 00:00:00",
        "facturaPayment": 2038
      }
    },
    {
      "model": "payments.payment",
      "pk": 40089,
      "fields": {
        "valuePayment": 134321.44999999998,
        "datePayment": "2020-04-03 00:00:00",
        "facturaPayment": 2039
      }
    },
    {
      "model": "payments.payment",
      "pk": 40090,
      "fields": {
        "valuePayment": 79603.35,
        "datePayment": "2020-05-20",
        "facturaPayment": 2040
      }
    },
    {
      "model": "payments.payment",
      "pk": 40091,
      "fields": {
        "valuePayment": 209684,
        "datePayment": "2020-01-08 00:00:00",
        "facturaPayment": 2041
      }
    },
    {
      "model": "payments.payment",
      "pk": 40092,
      "fields": {
        "valuePayment": 199082,
        "datePayment": "2020-02-05 00:00:00",
        "facturaPayment": 2042
      }
    },
    {
      "model": "payments.payment",
      "pk": 40093,
      "fields": {
        "valuePayment": 230299,
        "datePayment": "2020-03-01 00:00:00",
        "facturaPayment": 2043
      }
    },
    {
      "model": "payments.payment",
      "pk": 40094,
      "fields": {
        "valuePayment": 157263,
        "datePayment": "2020-04-03 00:00:00",
        "facturaPayment": 2044
      }
    },
    {
      "model": "payments.payment",
      "pk": 40096,
      "fields": {
        "valuePayment": 183768,
        "datePayment": "2020-01-07 00:00:00",
        "facturaPayment": 2046
      }
    },
    {
      "model": "payments.payment",
      "pk": 40097,
      "fields": {
        "valuePayment": 120156,
        "datePayment": "2020-02-03 00:00:00",
        "facturaPayment": 2047
      }
    }
  ]