[{"model": "users.CustomUser", "pk": 1, "fields": {"id_user": "1061000629", "name": "Cecilia Urquijo Barma", "email": "Cecilia@yahoo.com", "password": "pbkdf2_sha256$180000$g53gUeBuCMdu$NhYkj818zlu7TeEs54qeVG2ZhQ5vKtT8ufgr02vGz4A=", "phone": "3447431", "address": "Carrera 87B # 80 - 156", "neighborhood": "Manuela Beltran", "is_active": true, "is_staff": false, "is_superuser": false}}, {"model": "users.CustomUser", "pk": 2, "fields": {"id_user": "632972637", "name": "Teófilo Egusquiza Madariaga", "email": "Teofilo@hotmail.com", "password": "pbkdf2_sha256$180000$BV620Vip6QR0$ExpfwtlVodP28n+MdM+SV/lKHGFh+Y2dv/2LFK8p5xw=", "phone": "4855676", "address": "Diagonal 24D # 61 - 71", "neighborhood": "Llano verde", "is_active": true, "is_staff": false, "is_superuser": false}}, {"model": "users.CustomUser", "pk": 3, "fields": {"id_user": "548915202", "name": "Pancracio Ispuzua Chave", "email": "Pancracio@gmail.com", "password": "pbkdf2_sha256$180000$kYPITdZ9t0rJ$IZu/ld/K5zoa8lAV9QOSkwCmp/ej2Q1Mz/09atkLTtE=", "phone": "3508693", "address": "Calle 72B # 28 - 63", "neighborhood": "Aguablanca", "is_active": true, "is_staff": false, "is_superuser": false}}, {"model": "users.CustomUser", "pk": 4, "fields": {"id_user": "533804144", "name": "Celeste Ganzo Vicente", "email": "Celeste@gmail.com", "password": "pbkdf2_sha256$180000$vH1W6DvZ7Qdk$4mNhAnsgI4peWhKgEnMcj7giq8/YYvzMGejbF3XqkOw=", "phone": "4846338", "address": "Avenida 36E # 12 - 57", "neighborhood": "Eduardo Santos", "is_active": true, "is_staff": false, "is_superuser": false}}, {"model": "users.CustomUser", "pk": 5, "fields": {"id_user": "779182388", "name": "Luis Valino Vango", "email": "Luis@gmail.com", "password": "pbkdf2_sha256$180000$XmqBXVfFDnEh$VAyRiyZPtPJrBDeLJ3B3JOjt5j/WVFpKvlsZANfanNU=", "phone": "4106642", "address": "Avenida 62A # 11 - 110", "neighborhood": "Manuela Beltran", "is_active": true, "is_staff": false, "is_superuser": false}}, {"model": "users.CustomUser", "pk": 6, "fields": {"id_user": "273476955", "name": "Florencia Cucho Ahedo", "email": "Florencia@gmail.com", "password": "pbkdf2_sha256$180000$FuzXkHDmaROq$DCtZV4TVEHUlKF2rHDlEdBEKJVakWt1wfrXnyn03eEA=", "phone": "3274925", "address": "Calle 50A # 89 - 104", "neighborhood": "Eduardo Santos", "is_active": true, "is_staff": false, "is_superuser": false}}, {"model": "users.CustomUser", "pk": 7, "fields": {"id_user": "117802350", "name": "Mariano Mogrovejo Gante", "email": "Mariano@gmail.com", "password": "pbkdf2_sha256$180000$eVdw0Mo8n4kJ$ugzHJzKs5wqwnosW82KW8rzkjCKi7laRu0DO0kS0eZ8=", "phone": "4172066", "address": "Diagonal 71C # 70 - 115", "neighborhood": "El vallado", "is_active": true, "is_staff": false, "is_superuser": false}}, {"model": "users.CustomUser", "pk": 8, "fields": {"id_user": "661056083", "name": "Angélica Ter Tosantos", "email": "Angelica@yahoo.com", "password": "pbkdf2_sha256$180000$m3CpnFBeE2A1$tusmKeReyOKQljI3BP8OWv71RcI76XWG5eXlW9DljNY=", "phone": "3893226", "address": "Carrera 81D # 87 - 127", "neighborhood": "Calima", "is_active": true, "is_staff": false, "is_superuser": false}}, {"model": "users.CustomUser", "pk": 9, "fields": {"id_user": "732259781", "name": "Antonio Incera Fontoria", "email": "Antonio@yahoo.com", "password": "pbkdf2_sha256$180000$8c6iN6IImJNF$AlHYkT/BwCAddh4PD0qxuZW18V1nDYzHqHVIaOHTyrs=", "phone": "3765085", "address": "Calle 29D # 44 - 68", "neighborhood": "Potrero Grande", "is_active": true, "is_staff": false, "is_superuser": false}}, {"model": "users.CustomUser", "pk": 10, "fields": {"id_user": "803998185", "name": "Lupita Soret Garmendia", "email": "Lupita@gmail.com", "password": "pbkdf2_sha256$180000$HDEoog6YXndT$QT+B4EuAP9obybqDjfdSv7gRhozjPKlFP7xfJ96Xr6Q=", "phone": "4447587", "address": "Calle 80B # 83 - 34", "neighborhood": "Calima", "is_active": true, "is_staff": false, "is_superuser": false}}, {"model": "users.CustomUser", "pk": 11, "fields": {"id_user": "1144189914", "name": "Esneider Manzano", "email": "esneider@gmail.com", "password": "pbkdf2_sha256$180000$W4DSmgbKj7dK$s6p1mSZZ7bhhcbaKuQxpXLN8QP03eGULkW9/Rd+819w=", "phone": "4455971", "address": "cra28 C # 54-123", "neighborhood": "sindical", "is_active": true, "is_staff": true, "is_superuser": false}}, {"model": "users.CustomUser", "pk": 12, "fields": {"id_user": "1144189915", "name": "Luis de Huevosalva", "email": "luis@gmail.com", "password": "pbkdf2_sha256$180000$W4DSmgbKj7dK$s6p1mSZZ7bhhcbaKuQxpXLN8QP03eGULkW9/Rd+819w=", "phone": "4455972", "address": "cra28 C # 54-124", "neighborhood": "sindical", "is_active": true, "is_staff": true, "is_superuser": false}}, {"model": "users.CustomUser", "pk": 13, "fields": {"id_user": "1144189910", "name": "Taborda", "email": "taborda@gmail.com", "password": "pbkdf2_sha256$180000$W4DSmgbKj7dK$s6p1mSZZ7bhhcbaKuQxpXLN8QP03eGULkW9/Rd+819w=", "phone": "4455970", "address": "cra28 C # 54-127", "neighborhood": "sindical", "is_active": true, "is_staff": true, "is_superuser": false}}, {"model": "users.Worker", "pk": 1, "fields": {"user": 11, "user_type": 1}}, {"model": "users.Worker", "pk": 2, "fields": {"user": 12, "user_type": 2}}, {"model": "users.Worker", "pk": 3, "fields": {"user": 13, "user_type": 3}}, {"model": "users.Client", "pk": 1, "fields": {"user": 1, "type_client": 1}}, {"model": "users.Client", "pk": 2, "fields": {"user": 2, "type_client": 1}}, {"model": "users.Client", "pk": 3, "fields": {"user": 3, "type_client": 1}}, {"model": "users.Client", "pk": 4, "fields": {"user": 4, "type_client": 1}}, {"model": "users.Client", "pk": 5, "fields": {"user": 5, "type_client": 1}}, {"model": "users.Client", "pk": 6, "fields": {"user": 6, "type_client": 1}}, {"model": "users.Client", "pk": 7, "fields": {"user": 7, "type_client": 1}}, {"model": "users.Client", "pk": 8, "fields": {"user": 8, "type_client": 1}}, {"model": "users.Client", "pk": 9, "fields": {"user": 9, "type_client": 1}}, {"model": "users.Client", "pk": 10, "fields": {"user": 10, "type_client": 1}}, {"model": "energytransfers.substation", "pk": 1, "fields": {"latitudeSubstation": "3.372908", "lengthSubstation": "-76.532479", "is_active": true}}, {"model": "energytransfers.substation", "pk": 2, "fields": {"latitudeSubstation": "3.428119", "lengthSubstation": "-76.479726", "is_active": true}}, {"model": "energytransfers.substation", "pk": 3, "fields": {"latitudeSubstation": "3.425783", "lengthSubstation": "-76.508505", "is_active": true}}, {"model": "energytransfers.substation", "pk": 4, "fields": {"latitudeSubstation": "3.456173", "lengthSubstation": "-76.532861", "is_active": true}}, {"model": "energytransfers.substation", "pk": 5, "fields": {"latitudeSubstation": "3.467536", "lengthSubstation": "-76.495797", "is_active": true}}, {"model": "energytransfers.transformator", "pk": 1, "fields": {"latitudeTransformator": "3.395716", "lengthTransformator": "-76.54822", "is_active": true, "substationTransformator": 1}}, {"model": "energytransfers.transformator", "pk": 2, "fields": {"latitudeTransformator": "3.380439", "lengthTransformator": "-76.54449", "is_active": true, "substationTransformator": 1}}, {"model": "energytransfers.transformator", "pk": 3, "fields": {"latitudeTransformator": "3.42622", "lengthTransformator": "-76.480782", "is_active": true, "substationTransformator": 2}}, {"model": "energytransfers.transformator", "pk": 4, "fields": {"latitudeTransformator": "3.418405", "lengthTransformator": "-76.471679", "is_active": true, "substationTransformator": 2}}, {"model": "energytransfers.transformator", "pk": 5, "fields": {"latitudeTransformator": "3.427807", "lengthTransformator": "-76.50048", "is_active": true, "substationTransformator": 3}}, {"model": "energytransfers.transformator", "pk": 6, "fields": {"latitudeTransformator": "3.433637", "lengthTransformator": "-76.504623", "is_active": true, "substationTransformator": 3}}, {"model": "energytransfers.transformator", "pk": 7, "fields": {"latitudeTransformator": "3.44834", "lengthTransformator": "-76.538648", "is_active": true, "substationTransformator": 4}}, {"model": "energytransfers.transformator", "pk": 8, "fields": {"latitudeTransformator": "3.448628", "lengthTransformator": "-76.523636", "is_active": true, "substationTransformator": 4}}, {"model": "energytransfers.transformator", "pk": 9, "fields": {"latitudeTransformator": "3.465657", "lengthTransformator": "-76.500669", "is_active": true, "substationTransformator": 5}}, {"model": "energytransfers.transformator", "pk": 10, "fields": {"latitudeTransformator": "3.484713", "lengthTransformator": "-76.497644", "is_active": true, "substationTransformator": 5}}, {"model": "energytransfers.counter", "pk": 1, "fields": {"latitudeCounter": "3.4613754609402134", "lengthCounter": "-76.50162220001222", "value": 1060, "is_active": true, "addressCounter": "Carrera 5 # 14-4", "stratum": 1, "transformatorCounter": 9}}, {"model": "energytransfers.counter", "pk": 2, "fields": {"latitudeCounter": "3.463560148219834", "lengthCounter": "-76.49715900421144", "value": 1654, "is_active": true, "addressCounter": "Carrera 5 con calle 56", "stratum": 3, "transformatorCounter": 9}}, {"model": "energytransfers.counter", "pk": 3, "fields": {"latitudeCounter": "3.468572058805507", "lengthCounter": "-76.50488376617432", "value": 1158, "is_active": true, "addressCounter": "Carrera 2 # 45", "stratum": 2, "transformatorCounter": 9}}, {"model": "energytransfers.counter", "pk": 4, "fields": {"latitudeCounter": "3.4810374646865485", "lengthCounter": "-76.49346828460695", "value": 1222, "is_active": true, "addressCounter": "Calle 66A #43", "stratum": 6, "transformatorCounter": 10}}, {"model": "energytransfers.counter", "pk": 5, "fields": {"latitudeCounter": "3.488105405079248", "lengthCounter": "-76.49904727935792", "value": 1708, "is_active": true, "addressCounter": "Calle 71 #42", "stratum": 4, "transformatorCounter": 10}}, {"model": "energytransfers.counter", "pk": 6, "fields": {"latitudeCounter": "3.4357371374880414", "lengthCounter": "-76.5101408958435", "value": 1903, "is_active": true, "addressCounter": "Carrera 24 #4B", "stratum": 4, "transformatorCounter": 6}}, {"model": "energytransfers.counter", "pk": 7, "fields": {"latitudeCounter": "3.437086540149677", "lengthCounter": "-76.504282951355", "value": 1492, "is_active": true, "addressCounter": "Carrera 24C #10", "stratum": 3, "transformatorCounter": 6}}, {"model": "energytransfers.counter", "pk": 8, "fields": {"latitudeCounter": "3.4278120357529867", "lengthCounter": "-76.4970088005066", "value": 1389, "is_active": true, "addressCounter": "Carrera 28B #9", "stratum": 3, "transformatorCounter": 5}}, {"model": "energytransfers.counter", "pk": 9, "fields": {"latitudeCounter": "3.4380932361303143", "lengthCounter": "-76.49919748306276", "value": 1443, "is_active": true, "addressCounter": "Carrera 25 #33-17", "stratum": 5, "transformatorCounter": 6}}, {"model": "energytransfers.counter", "pk": 10, "fields": {"latitudeCounter": "3.4223072642741497", "lengthCounter": "-76.50091409683229", "value": 1842, "is_active": false, "addressCounter": "Carrera 29A #12-89", "stratum": 4, "transformatorCounter": 5}}, {"model": "energytransfers.history", "pk": 1, "fields": {"current": 254, "consumption": 254, "registryHistory": "2019-12-31", "counter": 1}}, {"model": "energytransfers.history", "pk": 2, "fields": {"current": 413, "consumption": 159, "registryHistory": "2020-01-31", "counter": 1}}, {"model": "energytransfers.history", "pk": 3, "fields": {"current": 614, "consumption": 201, "registryHistory": "2020-02-29", "counter": 1}}, {"model": "energytransfers.history", "pk": 4, "fields": {"current": 847, "consumption": 233, "registryHistory": "2020-03-31", "counter": 1}}, {"model": "energytransfers.history", "pk": 5, "fields": {"current": 1059, "consumption": 212, "registryHistory": "2020-04-30", "counter": 1}}, {"model": "energytransfers.history", "pk": 6, "fields": {"current": 248, "consumption": 248, "registryHistory": "2019-12-31", "counter": 2}}, {"model": "energytransfers.history", "pk": 7, "fields": {"current": 529, "consumption": 281, "registryHistory": "2020-01-31", "counter": 2}}, {"model": "energytransfers.history", "pk": 8, "fields": {"current": 959, "consumption": 430, "registryHistory": "2020-02-29", "counter": 2}}, {"model": "energytransfers.history", "pk": 9, "fields": {"current": 1256, "consumption": 297, "registryHistory": "2020-03-31", "counter": 2}}, {"model": "energytransfers.history", "pk": 10, "fields": {"current": 1652, "consumption": 396, "registryHistory": "2020-04-30", "counter": 2}}, {"model": "energytransfers.history", "pk": 11, "fields": {"current": 254, "consumption": 254, "registryHistory": "2019-12-31", "counter": 3}}, {"model": "energytransfers.history", "pk": 12, "fields": {"current": 531, "consumption": 277, "registryHistory": "2020-01-31", "counter": 3}}, {"model": "energytransfers.history", "pk": 13, "fields": {"current": 762, "consumption": 231, "registryHistory": "2020-02-29", "counter": 3}}, {"model": "energytransfers.history", "pk": 14, "fields": {"current": 935, "consumption": 173, "registryHistory": "2020-03-31", "counter": 3}}, {"model": "energytransfers.history", "pk": 15, "fields": {"current": 1155, "consumption": 220, "registryHistory": "2020-04-30", "counter": 3}}, {"model": "energytransfers.history", "pk": 16, "fields": {"current": 207, "consumption": 207, "registryHistory": "2019-12-31", "counter": 4}}, {"model": "energytransfers.history", "pk": 17, "fields": {"current": 426, "consumption": 219, "registryHistory": "2020-01-31", "counter": 4}}, {"model": "energytransfers.history", "pk": 18, "fields": {"current": 743, "consumption": 317, "registryHistory": "2020-02-29", "counter": 4}}, {"model": "energytransfers.history", "pk": 19, "fields": {"current": 1036, "consumption": 293, "registryHistory": "2020-03-31", "counter": 4}}, {"model": "energytransfers.history", "pk": 20, "fields": {"current": 1219, "consumption": 183, "registryHistory": "2020-04-30", "counter": 4}}, {"model": "energytransfers.history", "pk": 21, "fields": {"current": 341, "consumption": 341, "registryHistory": "2019-12-31", "counter": 5}}, {"model": "energytransfers.history", "pk": 22, "fields": {"current": 716, "consumption": 375, "registryHistory": "2020-01-31", "counter": 5}}, {"model": "energytransfers.history", "pk": 23, "fields": {"current": 1125, "consumption": 409, "registryHistory": "2020-02-29", "counter": 5}}, {"model": "energytransfers.history", "pk": 24, "fields": {"current": 1381, "consumption": 256, "registryHistory": "2020-03-31", "counter": 5}}, {"model": "energytransfers.history", "pk": 25, "fields": {"current": 1705, "consumption": 324, "registryHistory": "2020-04-30", "counter": 5}}, {"model": "energytransfers.history", "pk": 26, "fields": {"current": 494, "consumption": 494, "registryHistory": "2019-12-31", "counter": 6}}, {"model": "energytransfers.history", "pk": 27, "fields": {"current": 779, "consumption": 285, "registryHistory": "2020-01-31", "counter": 6}}, {"model": "energytransfers.history", "pk": 28, "fields": {"current": 1235, "consumption": 456, "registryHistory": "2020-02-29", "counter": 6}}, {"model": "energytransfers.history", "pk": 29, "fields": {"current": 1558, "consumption": 323, "registryHistory": "2020-03-31", "counter": 6}}, {"model": "energytransfers.history", "pk": 30, "fields": {"current": 1900, "consumption": 342, "registryHistory": "2020-04-30", "counter": 6}}, {"model": "energytransfers.history", "pk": 31, "fields": {"current": 283, "consumption": 283, "registryHistory": "2019-12-31", "counter": 7}}, {"model": "energytransfers.history", "pk": 32, "fields": {"current": 611, "consumption": 328, "registryHistory": "2020-01-31", "counter": 7}}, {"model": "energytransfers.history", "pk": 33, "fields": {"current": 969, "consumption": 358, "registryHistory": "2020-02-29", "counter": 7}}, {"model": "energytransfers.history", "pk": 34, "fields": {"current": 1192, "consumption": 223, "registryHistory": "2020-03-31", "counter": 7}}, {"model": "energytransfers.history", "pk": 35, "fields": {"current": 1490, "consumption": 298, "registryHistory": "2020-04-30", "counter": 7}}, {"model": "energytransfers.history", "pk": 36, "fields": {"current": 333, "consumption": 333, "registryHistory": "2019-12-31", "counter": 8}}, {"model": "energytransfers.history", "pk": 37, "fields": {"current": 541, "consumption": 208, "registryHistory": "2020-01-31", "counter": 8}}, {"model": "energytransfers.history", "pk": 38, "fields": {"current": 777, "consumption": 236, "registryHistory": "2020-02-29", "counter": 8}}, {"model": "energytransfers.history", "pk": 39, "fields": {"current": 1027, "consumption": 250, "registryHistory": "2020-03-31", "counter": 8}}, {"model": "energytransfers.history", "pk": 40, "fields": {"current": 1388, "consumption": 361, "registryHistory": "2020-04-30", "counter": 8}}, {"model": "energytransfers.history", "pk": 41, "fields": {"current": 346, "consumption": 346, "registryHistory": "2019-12-31", "counter": 9}}, {"model": "energytransfers.history", "pk": 42, "fields": {"current": 634, "consumption": 288, "registryHistory": "2020-01-31", "counter": 9}}, {"model": "energytransfers.history", "pk": 43, "fields": {"current": 951, "consumption": 317, "registryHistory": "2020-02-29", "counter": 9}}, {"model": "energytransfers.history", "pk": 44, "fields": {"current": 1167, "consumption": 216, "registryHistory": "2020-03-31", "counter": 9}}, {"model": "energytransfers.history", "pk": 45, "fields": {"current": 1441, "consumption": 274, "registryHistory": "2020-04-30", "counter": 9}}, {"model": "energytransfers.history", "pk": 46, "fields": {"current": 442, "consumption": 442, "registryHistory": "2019-12-31", "counter": 10}}, {"model": "energytransfers.history", "pk": 47, "fields": {"current": 718, "consumption": 276, "registryHistory": "2020-01-31", "counter": 10}}, {"model": "energytransfers.history", "pk": 48, "fields": {"current": 1031, "consumption": 313, "registryHistory": "2020-02-29", "counter": 10}}, {"model": "energytransfers.history", "pk": 49, "fields": {"current": 1362, "consumption": 331, "registryHistory": "2020-03-31", "counter": 10}}, {"model": "energytransfers.history", "pk": 50, "fields": {"current": 1840, "consumption": 478, "registryHistory": "2020-04-30", "counter": 10}}, {"model": "contract.contract", "pk": 20200515, "fields": {"interes_mora": 0, "client": 1, "counter": 1}}, {"model": "contract.contract", "pk": 20200516, "fields": {"interes_mora": 0, "client": 2, "counter": 2}}, {"model": "contract.contract", "pk": 20200517, "fields": {"interes_mora": 0, "client": 3, "counter": 3}}, {"model": "contract.contract", "pk": 20200518, "fields": {"interes_mora": 0, "client": 4, "counter": 4}}, {"model": "contract.contract", "pk": 20200519, "fields": {"interes_mora": 0, "client": 5, "counter": 5}}, {"model": "contract.contract", "pk": 20200520, "fields": {"interes_mora": 0, "client": 6, "counter": 6}}, {"model": "contract.contract", "pk": 20200521, "fields": {"interes_mora": 0.09, "client": 7, "counter": 7}}, {"model": "contract.contract", "pk": 20200522, "fields": {"interes_mora": 0.1, "client": 8, "counter": 8}}, {"model": "contract.contract", "pk": 20200523, "fields": {"interes_mora": 0, "client": 9, "counter": 9}}, {"model": "contract.contract", "pk": 20200524, "fields": {"interes_mora": 0.3, "client": 10, "counter": 10}}, {"model": "contract.Invoice", "pk": 2001, "fields": {"billingDate": "2019-12-31", "deadDatePay": "2020-01-10", "counter": 1, "address": "Carrera 5 # 14-4", "stratum": 1, "currentRecord": 254, "pastRecord": 0, "basicTake": 173, "remainder": 81, "unitaryValue": 589, "interestMora": 0, "totalMora": 0.0, "overdue": 0.0, "intakes": "12-254", "referencecodeInvoice": "202004301759632261532237558", "total": 88467.79999999999, "stateInvoice": true, "is_active": false, "contract": 20200515, "publicity": 1}}, {"model": "contract.Invoice", "pk": 2002, "fields": {"billingDate": "2020-01-31", "deadDatePay": "2020-02-10", "counter": 1, "address": "Carrera 5 # 14-4", "stratum": 1, "currentRecord": 413, "pastRecord": 254, "basicTake": 159, "remainder": 0, "unitaryValue": 589, "interestMora": 0, "totalMora": 0.0, "overdue": 0.0, "intakes": "1-159,12-254", "referencecodeInvoice": "202004301759508261539883966", "total": 37460.4, "stateInvoice": true, "is_active": false, "contract": 20200515, "publicity": 1}}, {"model": "contract.Invoice", "pk": 2003, "fields": {"billingDate": "2020-02-29", "deadDatePay": "2020-03-10", "counter": 1, "address": "Carrera 5 # 14-4", "stratum": 1, "currentRecord": 614, "pastRecord": 413, "basicTake": 173, "remainder": 28, "unitaryValue": 589, "interestMora": 0, "totalMora": 0.0, "overdue": 0.0, "intakes": "2-201,1-159,12-254", "referencecodeInvoice": "202004301759811261534867437", "total": 57250.8, "stateInvoice": true, "is_active": false, "contract": 20200515, "publicity": 1}}, {"model": "contract.Invoice", "pk": 2004, "fields": {"billingDate": "2020-03-31", "deadDatePay": "2020-04-10", "counter": 1, "address": "Carrera 5 # 14-4", "stratum": 1, "currentRecord": 847, "pastRecord": 614, "basicTake": 173, "remainder": 60, "unitaryValue": 589, "interestMora": 0, "totalMora": 0.0, "overdue": 0.0, "intakes": "3-233,2-201,1-159,12-254", "referencecodeInvoice": "202004301759945261535881470", "total": 76098.79999999999, "stateInvoice": true, "is_active": false, "contract": 20200515, "publicity": 1}}, {"model": "contract.Invoice", "pk": 2005, "fields": {"billingDate": "2020-04-30", "deadDatePay": "2020-05-10", "counter": 1, "address": "Carrera 5 # 14-4", "stratum": 1, "currentRecord": 1059, "pastRecord": 847, "basicTake": 173, "remainder": 39, "unitaryValue": 589, "interestMora": 0, "totalMora": 0.0, "overdue": 0.0, "intakes": "4-212,3-233,2-201,1-159,12-254", "referencecodeInvoice": "202004301759899261533446065", "total": 63729.8, "stateInvoice": true, "is_active": true, "contract": 20200515, "publicity": 1}}, {"model": "contract.Invoice", "pk": 2006, "fields": {"billingDate": "2019-12-31", "deadDatePay": "2020-01-10", "counter": 2, "address": "Carrera 5 con calle 56", "stratum": 3, "currentRecord": 248, "pastRecord": 0, "basicTake": 173, "remainder": 75, "unitaryValue": 589, "interestMora": 0, "totalMora": 0.0, "overdue": 0.0, "intakes": "12-248", "referencecodeInvoice": "202004301759453261535392149", "total": 130787.45, "stateInvoice": true, "is_active": false, "contract": 20200516, "publicity": 1}}, {"model": "contract.Invoice", "pk": 2007, "fields": {"billingDate": "2020-01-31", "deadDatePay": "2020-02-10", "counter": 2, "address": "Carrera 5 con calle 56", "stratum": 3, "currentRecord": 529, "pastRecord": 248, "basicTake": 173, "remainder": 108, "unitaryValue": 589, "interestMora": 0, "totalMora": 0.0, "overdue": 0.0, "intakes": "1-281,12-248", "referencecodeInvoice": "202004301759830261536989890", "total": 150224.44999999998, "stateInvoice": true, "is_active": false, "contract": 20200516, "publicity": 1}}, {"model": "contract.Invoice", "pk": 2008, "fields": {"billingDate": "2020-02-29", "deadDatePay": "2020-03-10", "counter": 2, "address": "Carrera 5 con calle 56", "stratum": 3, "currentRecord": 959, "pastRecord": 529, "basicTake": 173, "remainder": 257, "unitaryValue": 589, "interestMora": 0, "totalMora": 0.0, "overdue": 0.0, "intakes": "2-430,1-281,12-248", "referencecodeInvoice": "202004301759798261536421566", "total": 237985.44999999998, "stateInvoice": true, "is_active": false, "contract": 20200516, "publicity": 1}}, {"model": "contract.Invoice", "pk": 2009, "fields": {"billingDate": "2020-03-31", "deadDatePay": "2020-04-10", "counter": 2, "address": "Carrera 5 con calle 56", "stratum": 3, "currentRecord": 1256, "pastRecord": 959, "basicTake": 173, "remainder": 124, "unitaryValue": 589, "interestMora": 0, "totalMora": 0.0, "overdue": 0.0, "intakes": "3-297,2-430,1-281,12-248", "referencecodeInvoice": "202004301759212261535173637", "total": 159648.44999999998, "stateInvoice": true, "is_active": false, "contract": 20200516, "publicity": 1}}, {"model": "contract.Invoice", "pk": 2010, "fields": {"billingDate": "2020-04-30", "deadDatePay": "2020-05-10", "counter": 2, "address": "Carrera 5 con calle 56", "stratum": 3, "currentRecord": 1652, "pastRecord": 1256, "basicTake": 173, "remainder": 223, "unitaryValue": 589, "interestMora": 0, "totalMora": 0.0, "overdue": 0.0, "intakes": "4-396,3-297,2-430,1-281,12-248", "referencecodeInvoice": "202004301759933261533613620", "total": 217959.44999999998, "stateInvoice": true, "is_active": true, "contract": 20200516, "publicity": 1}}, {"model": "contract.Invoice", "pk": 2011, "fields": {"billingDate": "2019-12-31", "deadDatePay": "2020-01-10", "counter": 3, "address": "Carrera 2 # 45", "stratum": 2, "currentRecord": 254, "pastRecord": 0, "basicTake": 173, "remainder": 81, "unitaryValue": 589, "interestMora": 0, "totalMora": 0.0, "overdue": 0.0, "intakes": "12-254", "referencecodeInvoice": "202004301759506261538860056", "total": 98657.5, "stateInvoice": true, "is_active": false, "contract": 20200517, "publicity": 1}}, {"model": "contract.Invoice", "pk": 2012, "fields": {"billingDate": "2020-01-31", "deadDatePay": "2020-02-10", "counter": 3, "address": "Carrera 2 # 45", "stratum": 2, "currentRecord": 531, "pastRecord": 254, "basicTake": 173, "remainder": 104, "unitaryValue": 589, "interestMora": 0, "totalMora": 0.0, "overdue": 0.0, "intakes": "1-277,12-254", "referencecodeInvoice": "202004301759739261532605305", "total": 112204.5, "stateInvoice": true, "is_active": false, "contract": 20200517, "publicity": 1}}, {"model": "contract.Invoice", "pk": 2013, "fields": {"billingDate": "2020-02-29", "deadDatePay": "2020-03-10", "counter": 3, "address": "Carrera 2 # 45", "stratum": 2, "currentRecord": 762, "pastRecord": 531, "basicTake": 173, "remainder": 58, "unitaryValue": 589, "interestMora": 0, "totalMora": 0.0, "overdue": 0.0, "intakes": "2-231,1-277,12-254", "referencecodeInvoice": "202004301759660261538760064", "total": 85110.5, "stateInvoice": true, "is_active": false, "contract": 20200517, "publicity": 1}}, {"model": "contract.Invoice", "pk": 2014, "fields": {"billingDate": "2020-03-31", "deadDatePay": "2020-04-10", "counter": 3, "address": "Carrera 2 # 45", "stratum": 2, "currentRecord": 935, "pastRecord": 762, "basicTake": 173, "remainder": 0, "unitaryValue": 589, "interestMora": 0, "totalMora": 0.0, "overdue": 0.0, "intakes": "3-173,2-231,1-277,12-254", "referencecodeInvoice": "202004301759793261536645610", "total": 50948.5, "stateInvoice": true, "is_active": false, "contract": 20200517, "publicity": 1}}, {"model": "contract.Invoice", "pk": 2015, "fields": {"billingDate": "2020-04-30", "deadDatePay": "2020-05-10", "counter": 3, "address": "Carrera 2 # 45", "stratum": 2, "currentRecord": 1155, "pastRecord": 935, "basicTake": 173, "remainder": 47, "unitaryValue": 589, "interestMora": 0, "totalMora": 0.0, "overdue": 0.0, "intakes": "4-220,3-173,2-231,1-277,12-254", "referencecodeInvoice": "202004301759219261534366161", "total": 78631.5, "stateInvoice": true, "is_active": true, "contract": 20200517, "publicity": 1}}, {"model": "contract.Invoice", "pk": 2016, "fields": {"billingDate": "2019-12-31", "deadDatePay": "2020-01-10", "counter": 4, "address": "Calle 66A #43", "stratum": 6, "currentRecord": 207, "pastRecord": 0, "basicTake": 173, "remainder": 34, "unitaryValue": 589, "interestMora": 0, "totalMora": 0.0, "overdue": 0.0, "intakes": "12-207", "referencecodeInvoice": "202004301759283261537193295", "total": 121923, "stateInvoice": true, "is_active": false, "contract": 20200518, "publicity": 1}}, {"model": "contract.Invoice", "pk": 2017, "fields": {"billingDate": "2020-01-31", "deadDatePay": "2020-02-10", "counter": 4, "address": "Calle 66A #43", "stratum": 6, "currentRecord": 426, "pastRecord": 207, "basicTake": 173, "remainder": 46, "unitaryValue": 589, "interestMora": 0, "totalMora": 0.0, "overdue": 0.0, "intakes": "1-219,12-207", "referencecodeInvoice": "202004301759665261535965291", "total": 128991, "stateInvoice": true, "is_active": false, "contract": 20200518, "publicity": 1}}, {"model": "contract.Invoice", "pk": 2018, "fields": {"billingDate": "2020-02-29", "deadDatePay": "2020-03-10", "counter": 4, "address": "Calle 66A #43", "stratum": 6, "currentRecord": 743, "pastRecord": 426, "basicTake": 173, "remainder": 144, "unitaryValue": 589, "interestMora": 0, "totalMora": 0.0, "overdue": 0.0, "intakes": "2-317,1-219,12-207", "referencecodeInvoice": "202004301759237261535805221", "total": 186713, "stateInvoice": true, "is_active": false, "contract": 20200518, "publicity": 1}}, {"model": "contract.Invoice", "pk": 2019, "fields": {"billingDate": "2020-03-31", "deadDatePay": "2020-04-10", "counter": 4, "address": "Calle 66A #43", "stratum": 6, "currentRecord": 1036, "pastRecord": 743, "basicTake": 173, "remainder": 120, "unitaryValue": 589, "interestMora": 0, "totalMora": 0.0, "overdue": 0.0, "intakes": "3-293,2-317,1-219,12-207", "referencecodeInvoice": "202004301759149261538459655", "total": 172577, "stateInvoice": true, "is_active": false, "contract": 20200518, "publicity": 1}}, {"model": "contract.Invoice", "pk": 2020, "fields": {"billingDate": "2020-04-30", "deadDatePay": "2020-05-10", "counter": 4, "address": "Calle 66A #43", "stratum": 6, "currentRecord": 1219, "pastRecord": 1036, "basicTake": 173, "remainder": 10, "unitaryValue": 589, "interestMora": 0, "totalMora": 0.0, "overdue": 0.0, "intakes": "4-183,3-293,2-317,1-219,12-207", "referencecodeInvoice": "202004301759804261538130868", "total": 107787, "stateInvoice": true, "is_active": true, "contract": 20200518, "publicity": 1}}, {"model": "contract.Invoice", "pk": 2021, "fields": {"billingDate": "2019-12-31", "deadDatePay": "2020-01-10", "counter": 5, "address": "Calle 71 #42", "stratum": 4, "currentRecord": 341, "pastRecord": 0, "basicTake": 173, "remainder": 168, "unitaryValue": 589, "interestMora": 0, "totalMora": 0.0, "overdue": 0.0, "intakes": "12-341", "referencecodeInvoice": "202004301759675261531492082", "total": 200849, "stateInvoice": true, "is_active": false, "contract": 20200519, "publicity": 1}}, {"model": "contract.Invoice", "pk": 2022, "fields": {"billingDate": "2020-01-31", "deadDatePay": "2020-02-10", "counter": 5, "address": "Calle 71 #42", "stratum": 4, "currentRecord": 716, "pastRecord": 341, "basicTake": 173, "remainder": 202, "unitaryValue": 589, "interestMora": 0, "totalMora": 0.0, "overdue": 0.0, "intakes": "1-375,12-341", "referencecodeInvoice": "202004301759213261539107626", "total": 220875, "stateInvoice": true, "is_active": false, "contract": 20200519, "publicity": 1}}, {"model": "contract.Invoice", "pk": 2023, "fields": {"billingDate": "2020-02-29", "deadDatePay": "2020-03-10", "counter": 5, "address": "Calle 71 #42", "stratum": 4, "currentRecord": 1125, "pastRecord": 716, "basicTake": 173, "remainder": 236, "unitaryValue": 589, "interestMora": 0, "totalMora": 0.0, "overdue": 0.0, "intakes": "2-409,1-375,12-341", "referencecodeInvoice": "202004301759855261531602344", "total": 240901, "stateInvoice": true, "is_active": false, "contract": 20200519, "publicity": 1}}, {"model": "contract.Invoice", "pk": 2024, "fields": {"billingDate": "2020-03-31", "deadDatePay": "2020-04-10", "counter": 5, "address": "Calle 71 #42", "stratum": 4, "currentRecord": 1381, "pastRecord": 1125, "basicTake": 173, "remainder": 83, "unitaryValue": 589, "interestMora": 0, "totalMora": 0.0, "overdue": 0.0, "intakes": "3-256,2-409,1-375,12-341", "referencecodeInvoice": "202004301759423261537111444", "total": 150784, "stateInvoice": true, "is_active": false, "contract": 20200519, "publicity": 1}}, {"model": "contract.Invoice", "pk": 2025, "fields": {"billingDate": "2020-04-30", "deadDatePay": "2020-05-10", "counter": 5, "address": "Calle 71 #42", "stratum": 4, "currentRecord": 1705, "pastRecord": 1381, "basicTake": 173, "remainder": 151, "unitaryValue": 589, "interestMora": 0, "totalMora": 0.0, "overdue": 0.0, "intakes": "4-324,3-256,2-409,1-375,12-341", "referencecodeInvoice": "202004301759290261536551946", "total": 190836, "stateInvoice": true, "is_active": true, "contract": 20200519, "publicity": 1}}, {"model": "contract.Invoice", "pk": 2026, "fields": {"billingDate": "2019-12-31", "deadDatePay": "2020-01-10", "counter": 6, "address": "Carrera 24 #4B", "stratum": 4, "currentRecord": 494, "pastRecord": 0, "basicTake": 173, "remainder": 321, "unitaryValue": 589, "interestMora": 0, "totalMora": 0.0, "overdue": 0.0, "intakes": "12-494", "referencecodeInvoice": "202004301759176261537591011", "total": 290966, "stateInvoice": true, "is_active": false, "contract": 20200520, "publicity": 1}}, {"model": "contract.Invoice", "pk": 2027, "fields": {"billingDate": "2020-01-31", "deadDatePay": "2020-02-10", "counter": 6, "address": "Carrera 24 #4B", "stratum": 4, "currentRecord": 779, "pastRecord": 494, "basicTake": 173, "remainder": 112, "unitaryValue": 589, "interestMora": 0, "totalMora": 0.0, "overdue": 0.0, "intakes": "1-285,12-494", "referencecodeInvoice": "202004301759370261537481070", "total": 167865, "stateInvoice": true, "is_active": false, "contract": 20200520, "publicity": 1}}, {"model": "contract.Invoice", "pk": 2028, "fields": {"billingDate": "2020-02-29", "deadDatePay": "2020-03-10", "counter": 6, "address": "Carrera 24 #4B", "stratum": 4, "currentRecord": 1235, "pastRecord": 779, "basicTake": 173, "remainder": 283, "unitaryValue": 589, "interestMora": 0, "totalMora": 0.0, "overdue": 0.0, "intakes": "2-456,1-285,12-494", "referencecodeInvoice": "202004301759976261538721594", "total": 268584, "stateInvoice": true, "is_active": false, "contract": 20200520, "publicity": 1}}, {"model": "contract.Invoice", "pk": 2029, "fields": {"billingDate": "2020-03-31", "deadDatePay": "2020-04-10", "counter": 6, "address": "Carrera 24 #4B", "stratum": 4, "currentRecord": 1558, "pastRecord": 1235, "basicTake": 173, "remainder": 150, "unitaryValue": 589, "interestMora": 0, "totalMora": 0.0, "overdue": 0.0, "intakes": "3-323,2-456,1-285,12-494", "referencecodeInvoice": "202004301759275261533874799", "total": 190247, "stateInvoice": true, "is_active": false, "contract": 20200520, "publicity": 1}}, {"model": "contract.Invoice", "pk": 2030, "fields": {"billingDate": "2020-04-30", "deadDatePay": "2020-05-10", "counter": 6, "address": "Carrera 24 #4B", "stratum": 4, "currentRecord": 1900, "pastRecord": 1558, "basicTake": 173, "remainder": 169, "unitaryValue": 589, "interestMora": 0, "totalMora": 0.0, "overdue": 0.0, "intakes": "4-342,3-323,2-456,1-285,12-494", "referencecodeInvoice": "202004301759974261531429116", "total": 201438, "stateInvoice": true, "is_active": true, "contract": 20200520, "publicity": 1}}, {"model": "contract.Invoice", "pk": 2031, "fields": {"billingDate": "2019-12-31", "deadDatePay": "2020-01-10", "counter": 7, "address": "Carrera 24C #10", "stratum": 3, "currentRecord": 283, "pastRecord": 0, "basicTake": 173, "remainder": 110, "unitaryValue": 589, "interestMora": 0, "totalMora": 0.0, "overdue": 0.0, "intakes": "12-283", "referencecodeInvoice": "202004301759796261536358960", "total": 151402.44999999998, "stateInvoice": true, "is_active": false, "contract": 20200521, "publicity": 1}}, {"model": "contract.Invoice", "pk": 2032, "fields": {"billingDate": "2020-01-31", "deadDatePay": "2020-02-10", "counter": 7, "address": "Carrera 24C #10", "stratum": 3, "currentRecord": 611, "pastRecord": 283, "basicTake": 173, "remainder": 155, "unitaryValue": 589, "interestMora": 0, "totalMora": 0.0, "overdue": 0.0, "intakes": "1-328,12-283", "referencecodeInvoice": "202004301759735261539181884", "total": 177907.44999999998, "stateInvoice": true, "is_active": false, "contract": 20200521, "publicity": 1}}, {"model": "contract.Invoice", "pk": 2033, "fields": {"billingDate": "2020-02-29", "deadDatePay": "2020-03-10", "counter": 7, "address": "Carrera 24C #10", "stratum": 3, "currentRecord": 969, "pastRecord": 611, "basicTake": 173, "remainder": 185, "unitaryValue": 589, "interestMora": 0, "totalMora": 0.0, "overdue": 0.0, "intakes": "2-358,1-328,12-283", "referencecodeInvoice": "202004301759605261532753095", "total": 195577.44999999998, "stateInvoice": true, "is_active": false, "contract": 20200521, "publicity": 1}}, {"model": "contract.Invoice", "pk": 2034, "fields": {"billingDate": "2020-03-31", "deadDatePay": "2020-04-10", "counter": 7, "address": "Carrera 24C #10", "stratum": 3, "currentRecord": 1192, "pastRecord": 969, "basicTake": 173, "remainder": 50, "unitaryValue": 589, "interestMora": 0, "totalMora": 0.0, "overdue": 0.0, "intakes": "3-223,2-358,1-328,12-283", "referencecodeInvoice": "202004301759626261538188856", "total": 116062.45, "stateInvoice": true, "is_active": false, "contract": 20200521, "publicity": 1}}, {"model": "contract.Invoice", "pk": 2035, "fields": {"billingDate": "2020-04-30", "deadDatePay": "2020-05-10", "counter": 7, "address": "Carrera 24C #10", "stratum": 3, "currentRecord": 1490, "pastRecord": 1192, "basicTake": 173, "remainder": 125, "unitaryValue": 589, "interestMora": 0, "totalMora": 0.0, "overdue": 0.0, "intakes": "4-298,3-223,2-358,1-328,12-283", "referencecodeInvoice": "202004301759847261539153553", "total": 160237.44999999998, "stateInvoice": true, "is_active": true, "contract": 20200521, "publicity": 1}}, {"model": "contract.Invoice", "pk": 2036, "fields": {"billingDate": "2019-12-31", "deadDatePay": "2020-01-10", "counter": 8, "address": "Carrera 28B #9", "stratum": 3, "currentRecord": 333, "pastRecord": 0, "basicTake": 173, "remainder": 160, "unitaryValue": 589, "interestMora": 0, "totalMora": 0.0, "overdue": 0.0, "intakes": "12-333", "referencecodeInvoice": "202004301759829261532272810", "total": 180852.44999999998, "stateInvoice": true, "is_active": false, "contract": 20200522, "publicity": 1}}, {"model": "contract.Invoice", "pk": 2037, "fields": {"billingDate": "2020-01-31", "deadDatePay": "2020-02-10", "counter": 8, "address": "Carrera 28B #9", "stratum": 3, "currentRecord": 541, "pastRecord": 333, "basicTake": 173, "remainder": 35, "unitaryValue": 589, "interestMora": 0, "totalMora": 0.0, "overdue": 0.0, "intakes": "1-208,12-333", "referencecodeInvoice": "202004301759672261536048783", "total": 107227.45, "stateInvoice": true, "is_active": false, "contract": 20200522, "publicity": 1}}, {"model": "contract.Invoice", "pk": 2038, "fields": {"billingDate": "2020-02-29", "deadDatePay": "2020-03-10", "counter": 8, "address": "Carrera 28B #9", "stratum": 3, "currentRecord": 777, "pastRecord": 541, "basicTake": 173, "remainder": 63, "unitaryValue": 589, "interestMora": 0, "totalMora": 0.0, "overdue": 0.0, "intakes": "2-236,1-208,12-333", "referencecodeInvoice": "202004301759313261536224764", "total": 123719.45, "stateInvoice": true, "is_active": false, "contract": 20200522, "publicity": 1}}, {"model": "contract.Invoice", "pk": 2039, "fields": {"billingDate": "2020-03-31", "deadDatePay": "2020-04-10", "counter": 8, "address": "Carrera 28B #9", "stratum": 3, "currentRecord": 1027, "pastRecord": 777, "basicTake": 173, "remainder": 77, "unitaryValue": 589, "interestMora": 0, "totalMora": 0.0, "overdue": 0.0, "intakes": "3-250,2-236,1-208,12-333", "referencecodeInvoice": "202004301759479261532586373", "total": 131965.44999999998, "stateInvoice": true, "is_active": false, "contract": 20200522, "publicity": 1}}, {"model": "contract.Invoice", "pk": 2040, "fields": {"billingDate": "2020-04-30", "deadDatePay": "2020-05-10", "counter": 8, "address": "Carrera 28B #9", "stratum": 3, "currentRecord": 1388, "pastRecord": 1027, "basicTake": 173, "remainder": 188, "unitaryValue": 589, "interestMora": 0, "totalMora": 0.0, "overdue": 0.0, "intakes": "4-361,3-250,2-236,1-208,12-333", "referencecodeInvoice": "202004301759798261534131767", "total": 197344.44999999998, "stateInvoice": true, "is_active": true, "contract": 20200522, "publicity": 1}}, {"model": "contract.Invoice", "pk": 2041, "fields": {"billingDate": "2019-12-31", "deadDatePay": "2020-01-10", "counter": 9, "address": "Carrera 25 #33-17", "stratum": 5, "currentRecord": 346, "pastRecord": 0, "basicTake": 173, "remainder": 173, "unitaryValue": 589, "interestMora": 0, "totalMora": 0.0, "overdue": 0.0, "intakes": "12-346", "referencecodeInvoice": "202004301759258261532964932", "total": 203794, "stateInvoice": true, "is_active": false, "contract": 20200523, "publicity": 1}}, {"model": "contract.Invoice", "pk": 2042, "fields": {"billingDate": "2020-01-31", "deadDatePay": "2020-02-10", "counter": 9, "address": "Carrera 25 #33-17", "stratum": 5, "currentRecord": 634, "pastRecord": 346, "basicTake": 173, "remainder": 115, "unitaryValue": 589, "interestMora": 0, "totalMora": 0.0, "overdue": 0.0, "intakes": "1-288,12-346", "referencecodeInvoice": "202004301759315261537399145", "total": 169632, "stateInvoice": true, "is_active": false, "contract": 20200523, "publicity": 1}}, {"model": "contract.Invoice", "pk": 2043, "fields": {"billingDate": "2020-02-29", "deadDatePay": "2020-03-10", "counter": 9, "address": "Carrera 25 #33-17", "stratum": 5, "currentRecord": 951, "pastRecord": 634, "basicTake": 173, "remainder": 144, "unitaryValue": 589, "interestMora": 0, "totalMora": 0.0, "overdue": 0.0, "intakes": "2-317,1-288,12-346", "referencecodeInvoice": "202004301759582261532430817", "total": 186713, "stateInvoice": true, "is_active": false, "contract": 20200523, "publicity": 1}}, {"model": "contract.Invoice", "pk": 2044, "fields": {"billingDate": "2020-03-31", "deadDatePay": "2020-04-10", "counter": 9, "address": "Carrera 25 #33-17", "stratum": 5, "currentRecord": 1167, "pastRecord": 951, "basicTake": 173, "remainder": 43, "unitaryValue": 589, "interestMora": 0, "totalMora": 0.0, "overdue": 0.0, "intakes": "3-216,2-317,1-288,12-346", "referencecodeInvoice": "202004301759263261536019407", "total": 127224, "stateInvoice": true, "is_active": false, "contract": 20200523, "publicity": 1}}, {"model": "contract.Invoice", "pk": 2045, "fields": {"billingDate": "2020-04-30", "deadDatePay": "2020-05-10", "counter": 9, "address": "Carrera 25 #33-17", "stratum": 5, "currentRecord": 1441, "pastRecord": 1167, "basicTake": 173, "remainder": 101, "unitaryValue": 589, "interestMora": 0, "totalMora": 0.0, "overdue": 0.0, "intakes": "4-274,3-216,2-317,1-288,12-346", "referencecodeInvoice": "202004301759991261532966550", "total": 161386, "stateInvoice": false, "is_active": true, "contract": 20200523, "publicity": 1}}, {"model": "contract.Invoice", "pk": 2046, "fields": {"billingDate": "2019-12-31", "deadDatePay": "2020-01-10", "counter": 10, "address": "Carrera 29A #12-89", "stratum": 4, "currentRecord": 442, "pastRecord": 0, "basicTake": 173, "remainder": 269, "unitaryValue": 589, "interestMora": 0, "totalMora": 0.0, "overdue": 0.0, "intakes": "12-442", "referencecodeInvoice": "202004301759869261539122186", "total": 260338, "stateInvoice": true, "is_active": false, "contract": 20200524, "publicity": 1}}, {"model": "contract.Invoice", "pk": 2047, "fields": {"billingDate": "2020-01-31", "deadDatePay": "2020-02-10", "counter": 10, "address": "Carrera 29A #12-89", "stratum": 4, "currentRecord": 718, "pastRecord": 442, "basicTake": 173, "remainder": 103, "unitaryValue": 589, "interestMora": 0, "totalMora": 0.0, "overdue": 0.0, "intakes": "1-276,12-442", "referencecodeInvoice": "202004301759785261537276436", "total": 162564, "stateInvoice": true, "is_active": false, "contract": 20200524, "publicity": 1}}, {"model": "contract.Invoice", "pk": 2048, "fields": {"billingDate": "2020-02-29", "deadDatePay": "2020-03-10", "counter": 10, "address": "Carrera 29A #12-89", "stratum": 4, "currentRecord": 1031, "pastRecord": 718, "basicTake": 173, "remainder": 140, "unitaryValue": 589, "interestMora": 0, "totalMora": 0.0, "overdue": 0.0, "intakes": "2-313,1-276,12-442", "referencecodeInvoice": "202004301759773261539050673", "total": 184357, "stateInvoice": false, "is_active": false, "contract": 20200524, "publicity": 1}}, {"model": "contract.Invoice", "pk": 2049, "fields": {"billingDate": "2020-03-31", "deadDatePay": "2020-04-10", "counter": 10, "address": "Carrera 29A #12-89", "stratum": 4, "currentRecord": 1362, "pastRecord": 1031, "basicTake": 173, "remainder": 158, "unitaryValue": 589, "interestMora": 0, "totalMora": 0.0, "overdue": 184357, "intakes": "3-331,2-313,1-276,12-442", "referencecodeInvoice": "202004301759247261533398603", "total": 379316, "stateInvoice": false, "is_active": false, "contract": 20200524, "publicity": 1}}, {"model": "contract.Invoice", "pk": 2050, "fields": {"billingDate": "2020-04-30", "deadDatePay": "2020-05-10", "counter": 10, "address": "Carrera 29A #12-89", "stratum": 4, "currentRecord": 1840, "pastRecord": 1362, "basicTake": 173, "remainder": 305, "unitaryValue": 589, "interestMora": 0.3, "totalMora": 113794.8, "overdue": 379316, "intakes": "4-478,3-331,2-313,1-276,12-442", "referencecodeInvoice": "202004301759360261536320206", "total": 774652.8, "stateInvoice": false, "is_active": true, "contract": 20200524, "publicity": 1}}, {"model": "payments.payment", "pk": 40051, "fields": {"valuePayment": 88467.79999999999, "datePayment": "2020-01-09 00:00:00", "facturaPayment": 2001}}, {"model": "payments.payment", "pk": 40052, "fields": {"valuePayment": 37460.4, "datePayment": "2020-02-01 00:00:00", "facturaPayment": 2002}}, {"model": "payments.payment", "pk": 40053, "fields": {"valuePayment": 57250.8, "datePayment": "2020-03-05 00:00:00", "facturaPayment": 2003}}, {"model": "payments.payment", "pk": 40054, "fields": {"valuePayment": 76098.79999999999, "datePayment": "2020-04-09 00:00:00", "facturaPayment": 2004}}, {"model": "payments.payment", "pk": 40055, "fields": {"valuePayment": 63729.8, "datePayment": "2020-05-03 00:00:00", "facturaPayment": 2005}}, {"model": "payments.payment", "pk": 40056, "fields": {"valuePayment": 130787.45, "datePayment": "2020-01-07 00:00:00", "facturaPayment": 2006}}, {"model": "payments.payment", "pk": 40057, "fields": {"valuePayment": 150224.44999999998, "datePayment": "2020-02-02 00:00:00", "facturaPayment": 2007}}, {"model": "payments.payment", "pk": 40058, "fields": {"valuePayment": 237985.44999999998, "datePayment": "2020-03-09 00:00:00", "facturaPayment": 2008}}, {"model": "payments.payment", "pk": 40059, "fields": {"valuePayment": 159648.44999999998, "datePayment": "2020-04-03 00:00:00", "facturaPayment": 2009}}, {"model": "payments.payment", "pk": 40060, "fields": {"valuePayment": 217959.44999999998, "datePayment": "2020-05-03 00:00:00", "facturaPayment": 2010}}, {"model": "payments.payment", "pk": 40061, "fields": {"valuePayment": 98657.5, "datePayment": "2020-01-01 00:00:00", "facturaPayment": 2011}}, {"model": "payments.payment", "pk": 40062, "fields": {"valuePayment": 112204.5, "datePayment": "2020-02-04 00:00:00", "facturaPayment": 2012}}, {"model": "payments.payment", "pk": 40063, "fields": {"valuePayment": 85110.5, "datePayment": "2020-03-09 00:00:00", "facturaPayment": 2013}}, {"model": "payments.payment", "pk": 40064, "fields": {"valuePayment": 50948.5, "datePayment": "2020-04-09 00:00:00", "facturaPayment": 2014}}, {"model": "payments.payment", "pk": 40065, "fields": {"valuePayment": 78631.5, "datePayment": "2020-05-03 00:00:00", "facturaPayment": 2015}}, {"model": "payments.payment", "pk": 40066, "fields": {"valuePayment": 121923, "datePayment": "2020-01-08 00:00:00", "facturaPayment": 2016}}, {"model": "payments.payment", "pk": 40067, "fields": {"valuePayment": 128991, "datePayment": "2020-02-08 00:00:00", "facturaPayment": 2017}}, {"model": "payments.payment", "pk": 40068, "fields": {"valuePayment": 186713, "datePayment": "2020-03-09 00:00:00", "facturaPayment": 2018}}, {"model": "payments.payment", "pk": 40069, "fields": {"valuePayment": 172577, "datePayment": "2020-04-09 00:00:00", "facturaPayment": 2019}}, {"model": "payments.payment", "pk": 40070, "fields": {"valuePayment": 107787, "datePayment": "2020-05-09 00:00:00", "facturaPayment": 2020}}, {"model": "payments.payment", "pk": 40071, "fields": {"valuePayment": 200849, "datePayment": "2020-01-09 00:00:00", "facturaPayment": 2021}}, {"model": "payments.payment", "pk": 40072, "fields": {"valuePayment": 220875, "datePayment": "2020-02-03 00:00:00", "facturaPayment": 2022}}, {"model": "payments.payment", "pk": 40073, "fields": {"valuePayment": 240901, "datePayment": "2020-03-04 00:00:00", "facturaPayment": 2023}}, {"model": "payments.payment", "pk": 40074, "fields": {"valuePayment": 150784, "datePayment": "2020-04-04 00:00:00", "facturaPayment": 2024}}, {"model": "payments.payment", "pk": 40075, "fields": {"valuePayment": 190836, "datePayment": "2020-05-08 00:00:00", "facturaPayment": 2025}}, {"model": "payments.payment", "pk": 40076, "fields": {"valuePayment": 290966, "datePayment": "2020-01-01 00:00:00", "facturaPayment": 2026}}, {"model": "payments.payment", "pk": 40077, "fields": {"valuePayment": 167865, "datePayment": "2020-02-05 00:00:00", "facturaPayment": 2027}}, {"model": "payments.payment", "pk": 40078, "fields": {"valuePayment": 268584, "datePayment": "2020-03-01 00:00:00", "facturaPayment": 2028}}, {"model": "payments.payment", "pk": 40079, "fields": {"valuePayment": 190247, "datePayment": "2020-04-09 00:00:00", "facturaPayment": 2029}}, {"model": "payments.payment", "pk": 40080, "fields": {"valuePayment": 201438, "datePayment": "2020-05-02 00:00:00", "facturaPayment": 2030}}, {"model": "payments.payment", "pk": 40081, "fields": {"valuePayment": 151402.44999999998, "datePayment": "2020-01-07 00:00:00", "facturaPayment": 2031}}, {"model": "payments.payment", "pk": 40082, "fields": {"valuePayment": 177907.44999999998, "datePayment": "2020-02-05 00:00:00", "facturaPayment": 2032}}, {"model": "payments.payment", "pk": 40083, "fields": {"valuePayment": 195577.44999999998, "datePayment": "2020-03-01 00:00:00", "facturaPayment": 2033}}, {"model": "payments.payment", "pk": 40084, "fields": {"valuePayment": 116062.45, "datePayment": "2020-04-01 00:00:00", "facturaPayment": 2034}}, {"model": "payments.payment", "pk": 40085, "fields": {"valuePayment": 160237.44999999998, "datePayment": "2020-05-19", "facturaPayment": 2035}}, {"model": "payments.payment", "pk": 40086, "fields": {"valuePayment": 180852.44999999998, "datePayment": "2020-01-05 00:00:00", "facturaPayment": 2036}}, {"model": "payments.payment", "pk": 40087, "fields": {"valuePayment": 107227.45, "datePayment": "2020-02-06 00:00:00", "facturaPayment": 2037}}, {"model": "payments.payment", "pk": 40088, "fields": {"valuePayment": 123719.45, "datePayment": "2020-03-04 00:00:00", "facturaPayment": 2038}}, {"model": "payments.payment", "pk": 40089, "fields": {"valuePayment": 131965.44999999998, "datePayment": "2020-04-04 00:00:00", "facturaPayment": 2039}}, {"model": "payments.payment", "pk": 40090, "fields": {"valuePayment": 197344.44999999998, "datePayment": "2020-05-20", "facturaPayment": 2040}}, {"model": "payments.payment", "pk": 40091, "fields": {"valuePayment": 203794, "datePayment": "2020-01-02 00:00:00", "facturaPayment": 2041}}, {"model": "payments.payment", "pk": 40092, "fields": {"valuePayment": 169632, "datePayment": "2020-02-06 00:00:00", "facturaPayment": 2042}}, {"model": "payments.payment", "pk": 40093, "fields": {"valuePayment": 186713, "datePayment": "2020-03-04 00:00:00", "facturaPayment": 2043}}, {"model": "payments.payment", "pk": 40094, "fields": {"valuePayment": 127224, "datePayment": "2020-04-09 00:00:00", "facturaPayment": 2044}}, {"model": "payments.payment", "pk": 40096, "fields": {"valuePayment": 260338, "datePayment": "2020-01-07 00:00:00", "facturaPayment": 2046}}, {"model": "payments.payment", "pk": 40097, "fields": {"valuePayment": 162564, "datePayment": "2020-02-06 00:00:00", "facturaPayment": 2047}}]
