[{"model": "users.CustomUser", "pk": 1, "fields": {"id_user": "307411933", "name": "Cecilia Urquijo Barma", "email": "Cecilia@yahoo.com", "password": "pbkdf2_sha256$180000$v7rX0PzWFDFS$C0qYuaW364I7VfOuutIymGV8B7kUriIpAAirvm9RCMo=", "phone": "4470646", "address": "Transversal 98C # 37 - 120", "neighborhood": "Eduardo Santos", "is_active": true, "is_staff": false, "is_superuser": false}}, {"model": "users.CustomUser", "pk": 2, "fields": {"id_user": "1088660581", "name": "Teófilo Egusquiza Madariaga", "email": "Teofilo@gmail.com", "password": "pbkdf2_sha256$180000$NpFizePuUrl4$68uJIRLiqltFGWeUBcOtkNgqxDPklq69kXLY64NcEoI=", "phone": "4389870", "address": "Calle 97E # 43 - 131", "neighborhood": "Los Robles", "is_active": true, "is_staff": false, "is_superuser": false}}, {"model": "users.CustomUser", "pk": 3, "fields": {"id_user": "981305495", "name": "Pancracio Ispuzua Chave", "email": "Pancracio@gmail.com", "password": "pbkdf2_sha256$180000$W3tEXKNUVe7M$hhebXrs2OGc9nLzsj3bZHxqWXt5XJYl5Cfy9kVCe4Wk=", "phone": "3458836", "address": "Diagonal 13E # 70 - 80", "neighborhood": "Los Robles", "is_active": true, "is_staff": false, "is_superuser": false}}, {"model": "users.CustomUser", "pk": 4, "fields": {"id_user": "410778374", "name": "Celeste Ganzo Vicente", "email": "Celeste@hotmail.com", "password": "pbkdf2_sha256$180000$zpAuokSx3hmz$h8/ycBBU2H4DxMqpKJiUUudjz6wU+R+RgubyAMTQL7o=", "phone": "4016920", "address": "Transversal 9C # 1 - 138", "neighborhood": "Calima", "is_active": true, "is_staff": false, "is_superuser": false}}, {"model": "users.CustomUser", "pk": 5, "fields": {"id_user": "905273634", "name": "Luis Valino Vango", "email": "Luis@gmail.com", "password": "pbkdf2_sha256$180000$VJbRg1Gp1DJv$FNtzDiVSOoVqJs0Q217feus36va8gK9v8AhrZjMOjnw=", "phone": "3971897", "address": "Avenida 63A # 61 - 121", "neighborhood": "El vallado", "is_active": true, "is_staff": false, "is_superuser": false}}, {"model": "users.CustomUser", "pk": 6, "fields": {"id_user": "560256967", "name": "Florencia Cucho Ahedo", "email": "Florencia@gmail.com", "password": "pbkdf2_sha256$180000$sgnR8h3d1YXb$Gt/6A0p3P0dgP4JcTwajTEXgLeBjgmD9pMdsPmJeNeM=", "phone": "4119897", "address": "Calle 20E # 3 - 40", "neighborhood": "El vallado", "is_active": true, "is_staff": false, "is_superuser": false}}, {"model": "users.CustomUser", "pk": 7, "fields": {"id_user": "1093828034", "name": "Mariano Mogrovejo Gante", "email": "Mariano@hotmail.com", "password": "pbkdf2_sha256$180000$ONXvAqN4vEhf$IDSSaZfT5I8P81Nz0HZzIXrgfVlPGkK9gClG92dTZ3c=", "phone": "4395347", "address": "Avenida 84A # 45 - 125", "neighborhood": "Eduardo Santos", "is_active": true, "is_staff": false, "is_superuser": false}}, {"model": "users.CustomUser", "pk": 8, "fields": {"id_user": "435901587", "name": "Angélica Ter Tosantos", "email": "Angelica@hotmail.com", "password": "pbkdf2_sha256$180000$PrZQQDhvcSX8$Ww4WrKsz7X78raUMrjAmz9zPk7pNPut3NROu17DKKxY=", "phone": "3322429", "address": "Transversal 27E # 91 - 73", "neighborhood": "Calipso", "is_active": true, "is_staff": false, "is_superuser": false}}, {"model": "users.CustomUser", "pk": 9, "fields": {"id_user": "740829543", "name": "Antonio Incera Fontoria", "email": "Antonio@hotmail.com", "password": "pbkdf2_sha256$180000$QsB8HkqejBKi$n7/7ymEBK0C71v5TXS05GBDMNJmfEB01e8cn8vBjCTg=", "phone": "4546178", "address": "Diagonal 68A # 98 - 143", "neighborhood": "El vallado", "is_active": true, "is_staff": false, "is_superuser": false}}, {"model": "users.CustomUser", "pk": 10, "fields": {"id_user": "126715017", "name": "Lupita Soret Garmendia", "email": "Lupita@hotmail.com", "password": "pbkdf2_sha256$180000$Q4WpSKMuNKd9$H8PSVDxB16/jx32Fm41Ik06ubqnubdCOXRr6SZBAZBI=", "phone": "3859916", "address": "Transversal 11B # 70 - 190", "neighborhood": "El vallado", "is_active": true, "is_staff": false, "is_superuser": false}}, {"model": "users.CustomUser", "pk": 11, "fields": {"id_user": "1144189914", "name": "Esneider Manzano", "email": "esneider@gmail.com", "password": "pbkdf2_sha256$180000$W4DSmgbKj7dK$s6p1mSZZ7bhhcbaKuQxpXLN8QP03eGULkW9/Rd+819w=", "phone": "4455971", "address": "cra28 C # 54-123", "neighborhood": "sindical", "is_active": true, "is_staff": true, "is_superuser": false}}, {"model": "users.CustomUser", "pk": 12, "fields": {"id_user": "1144189915", "name": "Luis de Huevosalva", "email": "luis@gmail.com", "password": "pbkdf2_sha256$180000$W4DSmgbKj7dK$s6p1mSZZ7bhhcbaKuQxpXLN8QP03eGULkW9/Rd+819w=", "phone": "4455972", "address": "cra28 C # 54-124", "neighborhood": "sindical", "is_active": true, "is_staff": true, "is_superuser": false}}, {"model": "users.CustomUser", "pk": 13, "fields": {"id_user": "1144189910", "name": "Taborda", "email": "taborda@gmail.com", "password": "pbkdf2_sha256$180000$W4DSmgbKj7dK$s6p1mSZZ7bhhcbaKuQxpXLN8QP03eGULkW9/Rd+819w=", "phone": "4455970", "address": "cra28 C # 54-127", "neighborhood": "sindical", "is_active": true, "is_staff": true, "is_superuser": false}}, {"model": "users.Worker", "pk": 1, "fields": {"user": 11, "user_type": 1}}, {"model": "users.Worker", "pk": 2, "fields": {"user": 12, "user_type": 2}}, {"model": "users.Worker", "pk": 3, "fields": {"user": 13, "user_type": 3}}, {"model": "users.Client", "pk": 1, "fields": {"user": 1, "type_client": 1}}, {"model": "users.Client", "pk": 2, "fields": {"user": 2, "type_client": 1}}, {"model": "users.Client", "pk": 3, "fields": {"user": 3, "type_client": 1}}, {"model": "users.Client", "pk": 4, "fields": {"user": 4, "type_client": 1}}, {"model": "users.Client", "pk": 5, "fields": {"user": 5, "type_client": 1}}, {"model": "users.Client", "pk": 6, "fields": {"user": 6, "type_client": 1}}, {"model": "users.Client", "pk": 7, "fields": {"user": 7, "type_client": 1}}, {"model": "users.Client", "pk": 8, "fields": {"user": 8, "type_client": 1}}, {"model": "users.Client", "pk": 9, "fields": {"user": 9, "type_client": 1}}, {"model": "users.Client", "pk": 10, "fields": {"user": 10, "type_client": 1}}, {"model": "energytransfers.substation", "pk": 1, "fields": {"latitudeSubstation": "3.372908", "lengthSubstation": "-76.532479", "is_active": true}}, {"model": "energytransfers.substation", "pk": 2, "fields": {"latitudeSubstation": "3.428119", "lengthSubstation": "-76.479726", "is_active": true}}, {"model": "energytransfers.substation", "pk": 3, "fields": {"latitudeSubstation": "3.425783", "lengthSubstation": "-76.508505", "is_active": true}}, {"model": "energytransfers.substation", "pk": 4, "fields": {"latitudeSubstation": "3.456173", "lengthSubstation": "-76.532861", "is_active": true}}, {"model": "energytransfers.substation", "pk": 5, "fields": {"latitudeSubstation": "3.467536", "lengthSubstation": "-76.495797", "is_active": true}}, {"model": "energytransfers.transformator", "pk": 1, "fields": {"latitudeTransformator": "3.395716", "lengthTransformator": "-76.54822", "is_active": true, "substationTransformator": 1}}, {"model": "energytransfers.transformator", "pk": 2, "fields": {"latitudeTransformator": "3.380439", "lengthTransformator": "-76.54449", "is_active": true, "substationTransformator": 1}}, {"model": "energytransfers.transformator", "pk": 3, "fields": {"latitudeTransformator": "3.42622", "lengthTransformator": "-76.480782", "is_active": true, "substationTransformator": 2}}, {"model": "energytransfers.transformator", "pk": 4, "fields": {"latitudeTransformator": "3.418405", "lengthTransformator": "-76.471679", "is_active": true, "substationTransformator": 2}}, {"model": "energytransfers.transformator", "pk": 5, "fields": {"latitudeTransformator": "3.427807", "lengthTransformator": "-76.50048", "is_active": true, "substationTransformator": 3}}, {"model": "energytransfers.transformator", "pk": 6, "fields": {"latitudeTransformator": "3.433637", "lengthTransformator": "-76.504623", "is_active": true, "substationTransformator": 3}}, {"model": "energytransfers.transformator", "pk": 7, "fields": {"latitudeTransformator": "3.44834", "lengthTransformator": "-76.538648", "is_active": true, "substationTransformator": 4}}, {"model": "energytransfers.transformator", "pk": 8, "fields": {"latitudeTransformator": "3.448628", "lengthTransformator": "-76.523636", "is_active": true, "substationTransformator": 4}}, {"model": "energytransfers.transformator", "pk": 9, "fields": {"latitudeTransformator": "3.465657", "lengthTransformator": "-76.500669", "is_active": true, "substationTransformator": 5}}, {"model": "energytransfers.transformator", "pk": 10, "fields": {"latitudeTransformator": "3.484713", "lengthTransformator": "-76.497644", "is_active": true, "substationTransformator": 5}}, {"model": "energytransfers.counter", "pk": 1, "fields": {"latitudeCounter": "3.4613754609402134", "lengthCounter": "-76.50162220001222", "value": 1120, "is_active": true, "addressCounter": "Carrera 5 # 14-4", "stratum": 1, "transformatorCounter": 9}}, {"model": "energytransfers.counter", "pk": 2, "fields": {"latitudeCounter": "3.463560148219834", "lengthCounter": "-76.49715900421144", "value": 1128, "is_active": true, "addressCounter": "Carrera 5 con calle 56", "stratum": 3, "transformatorCounter": 9}}, {"model": "energytransfers.counter", "pk": 3, "fields": {"latitudeCounter": "3.468572058805507", "lengthCounter": "-76.50488376617432", "value": 1819, "is_active": true, "addressCounter": "Carrera 2 # 45", "stratum": 2, "transformatorCounter": 9}}, {"model": "energytransfers.counter", "pk": 4, "fields": {"latitudeCounter": "3.4810374646865485", "lengthCounter": "-76.49346828460695", "value": 1611, "is_active": true, "addressCounter": "Calle 66A #43", "stratum": 6, "transformatorCounter": 10}}, {"model": "energytransfers.counter", "pk": 5, "fields": {"latitudeCounter": "3.488105405079248", "lengthCounter": "-76.49904727935792", "value": 1995, "is_active": true, "addressCounter": "Calle 71 #42", "stratum": 4, "transformatorCounter": 10}}, {"model": "energytransfers.counter", "pk": 6, "fields": {"latitudeCounter": "3.4357371374880414", "lengthCounter": "-76.5101408958435", "value": 1756, "is_active": true, "addressCounter": "Carrera 24 #4B", "stratum": 4, "transformatorCounter": 6}}, {"model": "energytransfers.counter", "pk": 7, "fields": {"latitudeCounter": "3.437086540149677", "lengthCounter": "-76.504282951355", "value": 1704, "is_active": true, "addressCounter": "Carrera 24C #10", "stratum": 3, "transformatorCounter": 6}}, {"model": "energytransfers.counter", "pk": 8, "fields": {"latitudeCounter": "3.4278120357529867", "lengthCounter": "-76.4970088005066", "value": 1797, "is_active": true, "addressCounter": "Carrera 28B #9", "stratum": 3, "transformatorCounter": 5}}, {"model": "energytransfers.counter", "pk": 9, "fields": {"latitudeCounter": "3.4380932361303143", "lengthCounter": "-76.49919748306276", "value": 1612, "is_active": true, "addressCounter": "Carrera 25 #33-17", "stratum": 5, "transformatorCounter": 6}}, {"model": "energytransfers.counter", "pk": 10, "fields": {"latitudeCounter": "3.4223072642741497", "lengthCounter": "-76.50091409683229", "value": 1387, "is_active": true, "addressCounter": "Carrera 29A #12-89", "stratum": 4, "transformatorCounter": 5}}, {"model": "energytransfers.history", "pk": 1, "fields": {"current": 168, "consumption": 168, "registryHistory": "2019-12-31", "counter": 1}}, {"model": "energytransfers.history", "pk": 2, "fields": {"current": 380, "consumption": 212, "registryHistory": "2020-01-31", "counter": 1}}, {"model": "energytransfers.history", "pk": 3, "fields": {"current": 604, "consumption": 224, "registryHistory": "2020-02-29", "counter": 1}}, {"model": "energytransfers.history", "pk": 4, "fields": {"current": 872, "consumption": 268, "registryHistory": "2020-03-31", "counter": 1}}, {"model": "energytransfers.history", "pk": 5, "fields": {"current": 1118, "consumption": 246, "registryHistory": "2020-04-30", "counter": 1}}, {"model": "energytransfers.history", "pk": 6, "fields": {"current": 169, "consumption": 169, "registryHistory": "2019-12-31", "counter": 2}}, {"model": "energytransfers.history", "pk": 7, "fields": {"current": 372, "consumption": 203, "registryHistory": "2020-01-31", "counter": 2}}, {"model": "energytransfers.history", "pk": 8, "fields": {"current": 642, "consumption": 270, "registryHistory": "2020-02-29", "counter": 2}}, {"model": "energytransfers.history", "pk": 9, "fields": {"current": 935, "consumption": 293, "registryHistory": "2020-03-31", "counter": 2}}, {"model": "energytransfers.history", "pk": 10, "fields": {"current": 1126, "consumption": 191, "registryHistory": "2020-04-30", "counter": 2}}, {"model": "energytransfers.history", "pk": 11, "fields": {"current": 400, "consumption": 400, "registryHistory": "2019-12-31", "counter": 3}}, {"model": "energytransfers.history", "pk": 12, "fields": {"current": 836, "consumption": 436, "registryHistory": "2020-01-31", "counter": 3}}, {"model": "energytransfers.history", "pk": 13, "fields": {"current": 1181, "consumption": 345, "registryHistory": "2020-02-29", "counter": 3}}, {"model": "energytransfers.history", "pk": 14, "fields": {"current": 1453, "consumption": 272, "registryHistory": "2020-03-31", "counter": 3}}, {"model": "energytransfers.history", "pk": 15, "fields": {"current": 1816, "consumption": 363, "registryHistory": "2020-04-30", "counter": 3}}, {"model": "energytransfers.history", "pk": 16, "fields": {"current": 273, "consumption": 273, "registryHistory": "2019-12-31", "counter": 4}}, {"model": "energytransfers.history", "pk": 17, "fields": {"current": 562, "consumption": 289, "registryHistory": "2020-01-31", "counter": 4}}, {"model": "energytransfers.history", "pk": 18, "fields": {"current": 803, "consumption": 241, "registryHistory": "2020-02-29", "counter": 4}}, {"model": "energytransfers.history", "pk": 19, "fields": {"current": 1221, "consumption": 418, "registryHistory": "2020-03-31", "counter": 4}}, {"model": "energytransfers.history", "pk": 20, "fields": {"current": 1607, "consumption": 386, "registryHistory": "2020-04-30", "counter": 4}}, {"model": "energytransfers.history", "pk": 21, "fields": {"current": 379, "consumption": 379, "registryHistory": "2019-12-31", "counter": 5}}, {"model": "energytransfers.history", "pk": 22, "fields": {"current": 778, "consumption": 399, "registryHistory": "2020-01-31", "counter": 5}}, {"model": "energytransfers.history", "pk": 23, "fields": {"current": 1216, "consumption": 438, "registryHistory": "2020-02-29", "counter": 5}}, {"model": "energytransfers.history", "pk": 24, "fields": {"current": 1515, "consumption": 299, "registryHistory": "2020-03-31", "counter": 5}}, {"model": "energytransfers.history", "pk": 25, "fields": {"current": 1993, "consumption": 478, "registryHistory": "2020-04-30", "counter": 5}}, {"model": "energytransfers.history", "pk": 26, "fields": {"current": 263, "consumption": 263, "registryHistory": "2019-12-31", "counter": 6}}, {"model": "energytransfers.history", "pk": 27, "fields": {"current": 684, "consumption": 421, "registryHistory": "2020-01-31", "counter": 6}}, {"model": "energytransfers.history", "pk": 28, "fields": {"current": 982, "consumption": 298, "registryHistory": "2020-02-29", "counter": 6}}, {"model": "energytransfers.history", "pk": 29, "fields": {"current": 1298, "consumption": 316, "registryHistory": "2020-03-31", "counter": 6}}, {"model": "energytransfers.history", "pk": 30, "fields": {"current": 1754, "consumption": 456, "registryHistory": "2020-04-30", "counter": 6}}, {"model": "energytransfers.history", "pk": 31, "fields": {"current": 374, "consumption": 374, "registryHistory": "2019-12-31", "counter": 7}}, {"model": "energytransfers.history", "pk": 32, "fields": {"current": 697, "consumption": 323, "registryHistory": "2020-01-31", "counter": 7}}, {"model": "energytransfers.history", "pk": 33, "fields": {"current": 1105, "consumption": 408, "registryHistory": "2020-02-29", "counter": 7}}, {"model": "energytransfers.history", "pk": 34, "fields": {"current": 1360, "consumption": 255, "registryHistory": "2020-03-31", "counter": 7}}, {"model": "energytransfers.history", "pk": 35, "fields": {"current": 1700, "consumption": 340, "registryHistory": "2020-04-30", "counter": 7}}, {"model": "energytransfers.history", "pk": 36, "fields": {"current": 305, "consumption": 305, "registryHistory": "2019-12-31", "counter": 8}}, {"model": "energytransfers.history", "pk": 37, "fields": {"current": 736, "consumption": 431, "registryHistory": "2020-01-31", "counter": 8}}, {"model": "energytransfers.history", "pk": 38, "fields": {"current": 1059, "consumption": 323, "registryHistory": "2020-02-29", "counter": 8}}, {"model": "energytransfers.history", "pk": 39, "fields": {"current": 1328, "consumption": 269, "registryHistory": "2020-03-31", "counter": 8}}, {"model": "energytransfers.history", "pk": 40, "fields": {"current": 1795, "consumption": 467, "registryHistory": "2020-04-30", "counter": 8}}, {"model": "energytransfers.history", "pk": 41, "fields": {"current": 241, "consumption": 241, "registryHistory": "2019-12-31", "counter": 9}}, {"model": "energytransfers.history", "pk": 42, "fields": {"current": 563, "consumption": 322, "registryHistory": "2020-01-31", "counter": 9}}, {"model": "energytransfers.history", "pk": 43, "fields": {"current": 949, "consumption": 386, "registryHistory": "2020-02-29", "counter": 9}}, {"model": "energytransfers.history", "pk": 44, "fields": {"current": 1303, "consumption": 354, "registryHistory": "2020-03-31", "counter": 9}}, {"model": "energytransfers.history", "pk": 45, "fields": {"current": 1609, "consumption": 306, "registryHistory": "2020-04-30", "counter": 9}}, {"model": "energytransfers.history", "pk": 46, "fields": {"current": 360, "consumption": 360, "registryHistory": "2019-12-31", "counter": 10}}, {"model": "energytransfers.history", "pk": 47, "fields": {"current": 568, "consumption": 208, "registryHistory": "2020-01-31", "counter": 10}}, {"model": "energytransfers.history", "pk": 48, "fields": {"current": 817, "consumption": 249, "registryHistory": "2020-02-29", "counter": 10}}, {"model": "energytransfers.history", "pk": 49, "fields": {"current": 1149, "consumption": 332, "registryHistory": "2020-03-31", "counter": 10}}, {"model": "energytransfers.history", "pk": 50, "fields": {"current": 1384, "consumption": 235, "registryHistory": "2020-04-30", "counter": 10}}, {"model": "contract.contract", "pk": 20200515, "fields": {"interes_mora": 0, "client": 1, "counter": 1}}, {"model": "contract.contract", "pk": 20200516, "fields": {"interes_mora": 0, "client": 2, "counter": 2}}, {"model": "contract.contract", "pk": 20200517, "fields": {"interes_mora": 0, "client": 3, "counter": 3}}, {"model": "contract.contract", "pk": 20200518, "fields": {"interes_mora": 0, "client": 4, "counter": 4}}, {"model": "contract.contract", "pk": 20200519, "fields": {"interes_mora": 0, "client": 5, "counter": 5}}, {"model": "contract.contract", "pk": 20200520, "fields": {"interes_mora": 0, "client": 6, "counter": 6}}, {"model": "contract.contract", "pk": 20200521, "fields": {"interes_mora": 0, "client": 7, "counter": 7}}, {"model": "contract.contract", "pk": 20200522, "fields": {"interes_mora": 0, "client": 8, "counter": 8}}, {"model": "contract.contract", "pk": 20200523, "fields": {"interes_mora": 0, "client": 9, "counter": 9}}, {"model": "contract.contract", "pk": 20200524, "fields": {"interes_mora": 0, "client": 10, "counter": 10}}, {"model": "contract.Invoice", "pk": 2001, "fields": {"billingDate": "2019-12-31", "deadDatePay": "2020-01-10", "counter": 1, "address": "Carrera 5 # 14-4", "stratum": 1, "currentRecord": 168, "pastRecord": 0, "basicTake": 168, "remainder": 0, "unitaryValue": 589, "interestMora": 0, "totalMora": 0.0, "overdue": 0.0, "intakes": "12-168", "referencecodeInvoice": "202004301759729261537208484", "total": 39580.8, "stateInvoice": true, "is_active": false, "contract": 20200515}}, {"model": "contract.Invoice", "pk": 2002, "fields": {"billingDate": "2020-01-31", "deadDatePay": "2020-02-10", "counter": 1, "address": "Carrera 5 # 14-4", "stratum": 1, "currentRecord": 380, "pastRecord": 168, "basicTake": 173, "remainder": 39, "unitaryValue": 589, "interestMora": 0, "totalMora": 0.0, "overdue": 0.0, "intakes": "1-212,12-168", "referencecodeInvoice": "202004301759623261537308437", "total": 63729.8, "stateInvoice": true, "is_active": false, "contract": 20200515}}, {"model": "contract.Invoice", "pk": 2003, "fields": {"billingDate": "2020-02-29", "deadDatePay": "2020-03-10", "counter": 1, "address": "Carrera 5 # 14-4", "stratum": 1, "currentRecord": 604, "pastRecord": 380, "basicTake": 173, "remainder": 51, "unitaryValue": 589, "interestMora": 0, "totalMora": 0.0, "overdue": 0.0, "intakes": "2-224,1-212,12-168", "referencecodeInvoice": "202004301759574261537396488", "total": 70797.8, "stateInvoice": true, "is_active": false, "contract": 20200515}}, {"model": "contract.Invoice", "pk": 2004, "fields": {"billingDate": "2020-03-31", "deadDatePay": "2020-04-10", "counter": 1, "address": "Carrera 5 # 14-4", "stratum": 1, "currentRecord": 872, "pastRecord": 604, "basicTake": 173, "remainder": 95, "unitaryValue": 589, "interestMora": 0, "totalMora": 0.0, "overdue": 0.0, "intakes": "3-268,2-224,1-212,12-168", "referencecodeInvoice": "202004301759616261538238851", "total": 96713.79999999999, "stateInvoice": true, "is_active": false, "contract": 20200515}}, {"model": "contract.Invoice", "pk": 2005, "fields": {"billingDate": "2020-04-30", "deadDatePay": "2020-05-10", "counter": 1, "address": "Carrera 5 # 14-4", "stratum": 1, "currentRecord": 1118, "pastRecord": 872, "basicTake": 173, "remainder": 73, "unitaryValue": 589, "interestMora": 0, "totalMora": 0.0, "overdue": 0.0, "intakes": "4-246,3-268,2-224,1-212,12-168", "referencecodeInvoice": "202004301759163261533868865", "total": 83755.79999999999, "stateInvoice": true, "is_active": false, "contract": 20200515}}, {"model": "contract.Invoice", "pk": 2006, "fields": {"billingDate": "2019-12-31", "deadDatePay": "2020-01-10", "counter": 2, "address": "Carrera 5 con calle 56", "stratum": 3, "currentRecord": 169, "pastRecord": 0, "basicTake": 169, "remainder": 0, "unitaryValue": 589, "interestMora": 0, "totalMora": 0.0, "overdue": 0.0, "intakes": "12-169", "referencecodeInvoice": "202004301759240261537792424", "total": 84609.85, "stateInvoice": true, "is_active": false, "contract": 20200516}}, {"model": "contract.Invoice", "pk": 2007, "fields": {"billingDate": "2020-01-31", "deadDatePay": "2020-02-10", "counter": 2, "address": "Carrera 5 con calle 56", "stratum": 3, "currentRecord": 372, "pastRecord": 169, "basicTake": 173, "remainder": 30, "unitaryValue": 589, "interestMora": 0, "totalMora": 0.0, "overdue": 0.0, "intakes": "1-203,12-169", "referencecodeInvoice": "202004301759548261535782452", "total": 104282.45, "stateInvoice": true, "is_active": false, "contract": 20200516}}, {"model": "contract.Invoice", "pk": 2008, "fields": {"billingDate": "2020-02-29", "deadDatePay": "2020-03-10", "counter": 2, "address": "Carrera 5 con calle 56", "stratum": 3, "currentRecord": 642, "pastRecord": 372, "basicTake": 173, "remainder": 97, "unitaryValue": 589, "interestMora": 0, "totalMora": 0.0, "overdue": 0.0, "intakes": "2-270,1-203,12-169", "referencecodeInvoice": "202004301759870261535471655", "total": 143745.44999999998, "stateInvoice": true, "is_active": false, "contract": 20200516}}, {"model": "contract.Invoice", "pk": 2009, "fields": {"billingDate": "2020-03-31", "deadDatePay": "2020-04-10", "counter": 2, "address": "Carrera 5 con calle 56", "stratum": 3, "currentRecord": 935, "pastRecord": 642, "basicTake": 173, "remainder": 120, "unitaryValue": 589, "interestMora": 0, "totalMora": 0.0, "overdue": 0.0, "intakes": "3-293,2-270,1-203,12-169", "referencecodeInvoice": "202004301759719261538691242", "total": 157292.44999999998, "stateInvoice": true, "is_active": false, "contract": 20200516}}, {"model": "contract.Invoice", "pk": 2010, "fields": {"billingDate": "2020-04-30", "deadDatePay": "2020-05-10", "counter": 2, "address": "Carrera 5 con calle 56", "stratum": 3, "currentRecord": 1126, "pastRecord": 935, "basicTake": 173, "remainder": 18, "unitaryValue": 589, "interestMora": 0, "totalMora": 0.0, "overdue": 0.0, "intakes": "4-191,3-293,2-270,1-203,12-169", "referencecodeInvoice": "202004301759391261534143876", "total": 97214.45, "stateInvoice": true, "is_active": false, "contract": 20200516}}, {"model": "contract.Invoice", "pk": 2011, "fields": {"billingDate": "2019-12-31", "deadDatePay": "2020-01-10", "counter": 3, "address": "Carrera 2 # 45", "stratum": 2, "currentRecord": 400, "pastRecord": 0, "basicTake": 173, "remainder": 227, "unitaryValue": 589, "interestMora": 0, "totalMora": 0.0, "overdue": 0.0, "intakes": "12-400", "referencecodeInvoice": "202004301759260261538288584", "total": 184651.5, "stateInvoice": true, "is_active": false, "contract": 20200517}}, {"model": "contract.Invoice", "pk": 2012, "fields": {"billingDate": "2020-01-31", "deadDatePay": "2020-02-10", "counter": 3, "address": "Carrera 2 # 45", "stratum": 2, "currentRecord": 836, "pastRecord": 400, "basicTake": 173, "remainder": 263, "unitaryValue": 589, "interestMora": 0, "totalMora": 0.0, "overdue": 0.0, "intakes": "1-436,12-400", "referencecodeInvoice": "202004301759843261533560206", "total": 205855.5, "stateInvoice": true, "is_active": false, "contract": 20200517}}, {"model": "contract.Invoice", "pk": 2013, "fields": {"billingDate": "2020-02-29", "deadDatePay": "2020-03-10", "counter": 3, "address": "Carrera 2 # 45", "stratum": 2, "currentRecord": 1181, "pastRecord": 836, "basicTake": 173, "remainder": 172, "unitaryValue": 589, "interestMora": 0, "totalMora": 0.0, "overdue": 0.0, "intakes": "2-345,1-436,12-400", "referencecodeInvoice": "202004301759659261538112170", "total": 152256.5, "stateInvoice": true, "is_active": false, "contract": 20200517}}, {"model": "contract.Invoice", "pk": 2014, "fields": {"billingDate": "2020-03-31", "deadDatePay": "2020-04-10", "counter": 3, "address": "Carrera 2 # 45", "stratum": 2, "currentRecord": 1453, "pastRecord": 1181, "basicTake": 173, "remainder": 99, "unitaryValue": 589, "interestMora": 0, "totalMora": 0.0, "overdue": 0.0, "intakes": "3-272,2-345,1-436,12-400", "referencecodeInvoice": "202004301759365261537290376", "total": 109259.5, "stateInvoice": true, "is_active": false, "contract": 20200517}}, {"model": "contract.Invoice", "pk": 2015, "fields": {"billingDate": "2020-04-30", "deadDatePay": "2020-05-10", "counter": 3, "address": "Carrera 2 # 45", "stratum": 2, "currentRecord": 1816, "pastRecord": 1453, "basicTake": 173, "remainder": 190, "unitaryValue": 589, "interestMora": 0, "totalMora": 0.0, "overdue": 0.0, "intakes": "4-363,3-272,2-345,1-436,12-400", "referencecodeInvoice": "202004301759123261535011493", "total": 162858.5, "stateInvoice": true, "is_active": false, "contract": 20200517}}, {"model": "contract.Invoice", "pk": 2016, "fields": {"billingDate": "2019-12-31", "deadDatePay": "2020-01-10", "counter": 4, "address": "Calle 66A #43", "stratum": 6, "currentRecord": 273, "pastRecord": 0, "basicTake": 173, "remainder": 100, "unitaryValue": 589, "interestMora": 0, "totalMora": 0.0, "overdue": 0.0, "intakes": "12-273", "referencecodeInvoice": "202004301759923261532305241", "total": 160797, "stateInvoice": true, "is_active": false, "contract": 20200518}}, {"model": "contract.Invoice", "pk": 2017, "fields": {"billingDate": "2020-01-31", "deadDatePay": "2020-02-10", "counter": 4, "address": "Calle 66A #43", "stratum": 6, "currentRecord": 562, "pastRecord": 273, "basicTake": 173, "remainder": 116, "unitaryValue": 589, "interestMora": 0, "totalMora": 0.0, "overdue": 0.0, "intakes": "1-289,12-273", "referencecodeInvoice": "202004301759730261534508510", "total": 170221, "stateInvoice": true, "is_active": false, "contract": 20200518}}, {"model": "contract.Invoice", "pk": 2018, "fields": {"billingDate": "2020-02-29", "deadDatePay": "2020-03-10", "counter": 4, "address": "Calle 66A #43", "stratum": 6, "currentRecord": 803, "pastRecord": 562, "basicTake": 173, "remainder": 68, "unitaryValue": 589, "interestMora": 0, "totalMora": 0.0, "overdue": 0.0, "intakes": "2-241,1-289,12-273", "referencecodeInvoice": "202004301759532261534364001", "total": 141949, "stateInvoice": true, "is_active": false, "contract": 20200518}}, {"model": "contract.Invoice", "pk": 2019, "fields": {"billingDate": "2020-03-31", "deadDatePay": "2020-04-10", "counter": 4, "address": "Calle 66A #43", "stratum": 6, "currentRecord": 1221, "pastRecord": 803, "basicTake": 173, "remainder": 245, "unitaryValue": 589, "interestMora": 0, "totalMora": 0.0, "overdue": 0.0, "intakes": "3-418,2-241,1-289,12-273", "referencecodeInvoice": "202004301759326261534674912", "total": 246202, "stateInvoice": true, "is_active": false, "contract": 20200518}}, {"model": "contract.Invoice", "pk": 2020, "fields": {"billingDate": "2020-04-30", "deadDatePay": "2020-05-10", "counter": 4, "address": "Calle 66A #43", "stratum": 6, "currentRecord": 1607, "pastRecord": 1221, "basicTake": 173, "remainder": 213, "unitaryValue": 589, "interestMora": 0, "totalMora": 0.0, "overdue": 0.0, "intakes": "4-386,3-418,2-241,1-289,12-273", "referencecodeInvoice": "202004301759501261538646029", "total": 227354, "stateInvoice": true, "is_active": false, "contract": 20200518}}, {"model": "contract.Invoice", "pk": 2021, "fields": {"billingDate": "2019-12-31", "deadDatePay": "2020-01-10", "counter": 5, "address": "Calle 71 #42", "stratum": 4, "currentRecord": 379, "pastRecord": 0, "basicTake": 173, "remainder": 206, "unitaryValue": 589, "interestMora": 0, "totalMora": 0.0, "overdue": 0.0, "intakes": "12-379", "referencecodeInvoice": "202004301759323261536461461", "total": 223231, "stateInvoice": true, "is_active": false, "contract": 20200519}}, {"model": "contract.Invoice", "pk": 2022, "fields": {"billingDate": "2020-01-31", "deadDatePay": "2020-02-10", "counter": 5, "address": "Calle 71 #42", "stratum": 4, "currentRecord": 778, "pastRecord": 379, "basicTake": 173, "remainder": 226, "unitaryValue": 589, "interestMora": 0, "totalMora": 0.0, "overdue": 0.0, "intakes": "1-399,12-379", "referencecodeInvoice": "202004301759946261539626002", "total": 235011, "stateInvoice": true, "is_active": false, "contract": 20200519}}, {"model": "contract.Invoice", "pk": 2023, "fields": {"billingDate": "2020-02-29", "deadDatePay": "2020-03-10", "counter": 5, "address": "Calle 71 #42", "stratum": 4, "currentRecord": 1216, "pastRecord": 778, "basicTake": 173, "remainder": 265, "unitaryValue": 589, "interestMora": 0, "totalMora": 0.0, "overdue": 0.0, "intakes": "2-438,1-399,12-379", "referencecodeInvoice": "202004301759376261532278686", "total": 257982, "stateInvoice": true, "is_active": false, "contract": 20200519}}, {"model": "contract.Invoice", "pk": 2024, "fields": {"billingDate": "2020-03-31", "deadDatePay": "2020-04-10", "counter": 5, "address": "Calle 71 #42", "stratum": 4, "currentRecord": 1515, "pastRecord": 1216, "basicTake": 173, "remainder": 126, "unitaryValue": 589, "interestMora": 0, "totalMora": 0.0, "overdue": 0.0, "intakes": "3-299,2-438,1-399,12-379", "referencecodeInvoice": "202004301759256261531143666", "total": 176111, "stateInvoice": true, "is_active": false, "contract": 20200519}}, {"model": "contract.Invoice", "pk": 2025, "fields": {"billingDate": "2020-04-30", "deadDatePay": "2020-05-10", "counter": 5, "address": "Calle 71 #42", "stratum": 4, "currentRecord": 1993, "pastRecord": 1515, "basicTake": 173, "remainder": 305, "unitaryValue": 589, "interestMora": 0, "totalMora": 0.0, "overdue": 0.0, "intakes": "4-478,3-299,2-438,1-399,12-379", "referencecodeInvoice": "202004301759534261532820619", "total": 281542, "stateInvoice": true, "is_active": false, "contract": 20200519}}, {"model": "contract.Invoice", "pk": 2026, "fields": {"billingDate": "2019-12-31", "deadDatePay": "2020-01-10", "counter": 6, "address": "Carrera 24 #4B", "stratum": 4, "currentRecord": 263, "pastRecord": 0, "basicTake": 173, "remainder": 90, "unitaryValue": 589, "interestMora": 0, "totalMora": 0.0, "overdue": 0.0, "intakes": "12-263", "referencecodeInvoice": "202004301759222261536013557", "total": 154907, "stateInvoice": true, "is_active": false, "contract": 20200520}}, {"model": "contract.Invoice", "pk": 2027, "fields": {"billingDate": "2020-01-31", "deadDatePay": "2020-02-10", "counter": 6, "address": "Carrera 24 #4B", "stratum": 4, "currentRecord": 684, "pastRecord": 263, "basicTake": 173, "remainder": 248, "unitaryValue": 589, "interestMora": 0, "totalMora": 0.0, "overdue": 0.0, "intakes": "1-421,12-263", "referencecodeInvoice": "202004301759379261534481673", "total": 247969, "stateInvoice": true, "is_active": false, "contract": 20200520}}, {"model": "contract.Invoice", "pk": 2028, "fields": {"billingDate": "2020-02-29", "deadDatePay": "2020-03-10", "counter": 6, "address": "Carrera 24 #4B", "stratum": 4, "currentRecord": 982, "pastRecord": 684, "basicTake": 173, "remainder": 125, "unitaryValue": 589, "interestMora": 0, "totalMora": 0.0, "overdue": 0.0, "intakes": "2-298,1-421,12-263", "referencecodeInvoice": "202004301759987261536215935", "total": 175522, "stateInvoice": true, "is_active": false, "contract": 20200520}}, {"model": "contract.Invoice", "pk": 2029, "fields": {"billingDate": "2020-03-31", "deadDatePay": "2020-04-10", "counter": 6, "address": "Carrera 24 #4B", "stratum": 4, "currentRecord": 1298, "pastRecord": 982, "basicTake": 173, "remainder": 143, "unitaryValue": 589, "interestMora": 0, "totalMora": 0.0, "overdue": 0.0, "intakes": "3-316,2-298,1-421,12-263", "referencecodeInvoice": "202004301759147261535719724", "total": 186124, "stateInvoice": true, "is_active": false, "contract": 20200520}}, {"model": "contract.Invoice", "pk": 2030, "fields": {"billingDate": "2020-04-30", "deadDatePay": "2020-05-10", "counter": 6, "address": "Carrera 24 #4B", "stratum": 4, "currentRecord": 1754, "pastRecord": 1298, "basicTake": 173, "remainder": 283, "unitaryValue": 589, "interestMora": 0, "totalMora": 0.0, "overdue": 0.0, "intakes": "4-456,3-316,2-298,1-421,12-263", "referencecodeInvoice": "202004301759219261539642961", "total": 268584, "stateInvoice": true, "is_active": false, "contract": 20200520}}, {"model": "contract.Invoice", "pk": 2031, "fields": {"billingDate": "2019-12-31", "deadDatePay": "2020-01-10", "counter": 7, "address": "Carrera 24C #10", "stratum": 3, "currentRecord": 374, "pastRecord": 0, "basicTake": 173, "remainder": 201, "unitaryValue": 589, "interestMora": 0, "totalMora": 0.0, "overdue": 0.0, "intakes": "12-374", "referencecodeInvoice": "202004301759216261534191484", "total": 205001.44999999998, "stateInvoice": true, "is_active": false, "contract": 20200521}}, {"model": "contract.Invoice", "pk": 2032, "fields": {"billingDate": "2020-01-31", "deadDatePay": "2020-02-10", "counter": 7, "address": "Carrera 24C #10", "stratum": 3, "currentRecord": 697, "pastRecord": 374, "basicTake": 173, "remainder": 150, "unitaryValue": 589, "interestMora": 0, "totalMora": 0.0, "overdue": 0.0, "intakes": "1-323,12-374", "referencecodeInvoice": "202004301759309261535424137", "total": 174962.44999999998, "stateInvoice": true, "is_active": false, "contract": 20200521}}, {"model": "contract.Invoice", "pk": 2033, "fields": {"billingDate": "2020-02-29", "deadDatePay": "2020-03-10", "counter": 7, "address": "Carrera 24C #10", "stratum": 3, "currentRecord": 1105, "pastRecord": 697, "basicTake": 173, "remainder": 235, "unitaryValue": 589, "interestMora": 0, "totalMora": 0.0, "overdue": 0.0, "intakes": "2-408,1-323,12-374", "referencecodeInvoice": "202004301759343261533199952", "total": 225027.44999999998, "stateInvoice": true, "is_active": false, "contract": 20200521}}, {"model": "contract.Invoice", "pk": 2034, "fields": {"billingDate": "2020-03-31", "deadDatePay": "2020-04-10", "counter": 7, "address": "Carrera 24C #10", "stratum": 3, "currentRecord": 1360, "pastRecord": 1105, "basicTake": 173, "remainder": 82, "unitaryValue": 589, "interestMora": 0, "totalMora": 0.0, "overdue": 0.0, "intakes": "3-255,2-408,1-323,12-374", "referencecodeInvoice": "202004301759625261536778820", "total": 134910.44999999998, "stateInvoice": true, "is_active": false, "contract": 20200521}}, {"model": "contract.Invoice", "pk": 2035, "fields": {"billingDate": "2020-04-30", "deadDatePay": "2020-05-10", "counter": 7, "address": "Carrera 24C #10", "stratum": 3, "currentRecord": 1700, "pastRecord": 1360, "basicTake": 173, "remainder": 167, "unitaryValue": 589, "interestMora": 0, "totalMora": 0.0, "overdue": 0.0, "intakes": "4-340,3-255,2-408,1-323,12-374", "referencecodeInvoice": "202004301759342261537920189", "total": 184975.44999999998, "stateInvoice": true, "is_active": false, "contract": 20200521}}, {"model": "contract.Invoice", "pk": 2036, "fields": {"billingDate": "2019-12-31", "deadDatePay": "2020-01-10", "counter": 8, "address": "Carrera 28B #9", "stratum": 3, "currentRecord": 305, "pastRecord": 0, "basicTake": 173, "remainder": 132, "unitaryValue": 589, "interestMora": 0, "totalMora": 0.0, "overdue": 0.0, "intakes": "12-305", "referencecodeInvoice": "202004301759699261534184569", "total": 164360.44999999998, "stateInvoice": true, "is_active": false, "contract": 20200522}}, {"model": "contract.Invoice", "pk": 2037, "fields": {"billingDate": "2020-01-31", "deadDatePay": "2020-02-10", "counter": 8, "address": "Carrera 28B #9", "stratum": 3, "currentRecord": 736, "pastRecord": 305, "basicTake": 173, "remainder": 258, "unitaryValue": 589, "interestMora": 0, "totalMora": 0.0, "overdue": 0.0, "intakes": "1-431,12-305", "referencecodeInvoice": "202004301759864261539556983", "total": 238574.44999999998, "stateInvoice": true, "is_active": false, "contract": 20200522}}, {"model": "contract.Invoice", "pk": 2038, "fields": {"billingDate": "2020-02-29", "deadDatePay": "2020-03-10", "counter": 8, "address": "Carrera 28B #9", "stratum": 3, "currentRecord": 1059, "pastRecord": 736, "basicTake": 173, "remainder": 150, "unitaryValue": 589, "interestMora": 0, "totalMora": 0.0, "overdue": 0.0, "intakes": "2-323,1-431,12-305", "referencecodeInvoice": "202004301759977261537584771", "total": 174962.44999999998, "stateInvoice": true, "is_active": false, "contract": 20200522}}, {"model": "contract.Invoice", "pk": 2039, "fields": {"billingDate": "2020-03-31", "deadDatePay": "2020-04-10", "counter": 8, "address": "Carrera 28B #9", "stratum": 3, "currentRecord": 1328, "pastRecord": 1059, "basicTake": 173, "remainder": 96, "unitaryValue": 589, "interestMora": 0, "totalMora": 0.0, "overdue": 0.0, "intakes": "3-269,2-323,1-431,12-305", "referencecodeInvoice": "202004301759969261539892251", "total": 143156.44999999998, "stateInvoice": true, "is_active": false, "contract": 20200522}}, {"model": "contract.Invoice", "pk": 2040, "fields": {"billingDate": "2020-04-30", "deadDatePay": "2020-05-10", "counter": 8, "address": "Carrera 28B #9", "stratum": 3, "currentRecord": 1795, "pastRecord": 1328, "basicTake": 173, "remainder": 294, "unitaryValue": 589, "interestMora": 0, "totalMora": 0.0, "overdue": 0.0, "intakes": "4-467,3-269,2-323,1-431,12-305", "referencecodeInvoice": "202004301759190261539850967", "total": 259778.44999999998, "stateInvoice": true, "is_active": false, "contract": 20200522}}, {"model": "contract.Invoice", "pk": 2041, "fields": {"billingDate": "2019-12-31", "deadDatePay": "2020-01-10", "counter": 9, "address": "Carrera 25 #33-17", "stratum": 5, "currentRecord": 241, "pastRecord": 0, "basicTake": 173, "remainder": 68, "unitaryValue": 589, "interestMora": 0, "totalMora": 0.0, "overdue": 0.0, "intakes": "12-241", "referencecodeInvoice": "202004301759764261532056322", "total": 141949, "stateInvoice": true, "is_active": false, "contract": 20200523}}, {"model": "contract.Invoice", "pk": 2042, "fields": {"billingDate": "2020-01-31", "deadDatePay": "2020-02-10", "counter": 9, "address": "Carrera 25 #33-17", "stratum": 5, "currentRecord": 563, "pastRecord": 241, "basicTake": 173, "remainder": 149, "unitaryValue": 589, "interestMora": 0, "totalMora": 0.0, "overdue": 0.0, "intakes": "1-322,12-241", "referencecodeInvoice": "202004301759178261538534378", "total": 189658, "stateInvoice": true, "is_active": false, "contract": 20200523}}, {"model": "contract.Invoice", "pk": 2043, "fields": {"billingDate": "2020-02-29", "deadDatePay": "2020-03-10", "counter": 9, "address": "Carrera 25 #33-17", "stratum": 5, "currentRecord": 949, "pastRecord": 563, "basicTake": 173, "remainder": 213, "unitaryValue": 589, "interestMora": 0, "totalMora": 0.0, "overdue": 0.0, "intakes": "2-386,1-322,12-241", "referencecodeInvoice": "202004301759856261531529675", "total": 227354, "stateInvoice": true, "is_active": false, "contract": 20200523}}, {"model": "contract.Invoice", "pk": 2044, "fields": {"billingDate": "2020-03-31", "deadDatePay": "2020-04-10", "counter": 9, "address": "Carrera 25 #33-17", "stratum": 5, "currentRecord": 1303, "pastRecord": 949, "basicTake": 173, "remainder": 181, "unitaryValue": 589, "interestMora": 0, "totalMora": 0.0, "overdue": 0.0, "intakes": "3-354,2-386,1-322,12-241", "referencecodeInvoice": "202004301759955261536103166", "total": 208506, "stateInvoice": true, "is_active": false, "contract": 20200523}}, {"model": "contract.Invoice", "pk": 2045, "fields": {"billingDate": "2020-04-30", "deadDatePay": "2020-05-10", "counter": 9, "address": "Carrera 25 #33-17", "stratum": 5, "currentRecord": 1609, "pastRecord": 1303, "basicTake": 173, "remainder": 133, "unitaryValue": 589, "interestMora": 0, "totalMora": 0.0, "overdue": 0.0, "intakes": "4-306,3-354,2-386,1-322,12-241", "referencecodeInvoice": "202004301759258261536081517", "total": 180234, "stateInvoice": true, "is_active": false, "contract": 20200523}}, {"model": "contract.Invoice", "pk": 2046, "fields": {"billingDate": "2019-12-31", "deadDatePay": "2020-01-10", "counter": 10, "address": "Carrera 29A #12-89", "stratum": 4, "currentRecord": 360, "pastRecord": 0, "basicTake": 173, "remainder": 187, "unitaryValue": 589, "interestMora": 0, "totalMora": 0.0, "overdue": 0.0, "intakes": "12-360", "referencecodeInvoice": "202004301759655261538030189", "total": 212040, "stateInvoice": true, "is_active": false, "contract": 20200524}}, {"model": "contract.Invoice", "pk": 2047, "fields": {"billingDate": "2020-01-31", "deadDatePay": "2020-02-10", "counter": 10, "address": "Carrera 29A #12-89", "stratum": 4, "currentRecord": 568, "pastRecord": 360, "basicTake": 173, "remainder": 35, "unitaryValue": 589, "interestMora": 0, "totalMora": 0.0, "overdue": 0.0, "intakes": "1-208,12-360", "referencecodeInvoice": "202004301759175261533927477", "total": 122512, "stateInvoice": true, "is_active": false, "contract": 20200524}}, {"model": "contract.Invoice", "pk": 2048, "fields": {"billingDate": "2020-02-29", "deadDatePay": "2020-03-10", "counter": 10, "address": "Carrera 29A #12-89", "stratum": 4, "currentRecord": 817, "pastRecord": 568, "basicTake": 173, "remainder": 76, "unitaryValue": 589, "interestMora": 0, "totalMora": 0.0, "overdue": 0.0, "intakes": "2-249,1-208,12-360", "referencecodeInvoice": "202004301759167261539317923", "total": 146661, "stateInvoice": true, "is_active": false, "contract": 20200524}}, {"model": "contract.Invoice", "pk": 2049, "fields": {"billingDate": "2020-03-31", "deadDatePay": "2020-04-10", "counter": 10, "address": "Carrera 29A #12-89", "stratum": 4, "currentRecord": 1149, "pastRecord": 817, "basicTake": 173, "remainder": 159, "unitaryValue": 589, "interestMora": 0, "totalMora": 0.0, "overdue": 0.0, "intakes": "3-332,2-249,1-208,12-360", "referencecodeInvoice": "202004301759737261538454682", "total": 195548, "stateInvoice": true, "is_active": false, "contract": 20200524}}, {"model": "contract.Invoice", "pk": 2050, "fields": {"billingDate": "2020-04-30", "deadDatePay": "2020-05-10", "counter": 10, "address": "Carrera 29A #12-89", "stratum": 4, "currentRecord": 1384, "pastRecord": 1149, "basicTake": 173, "remainder": 62, "unitaryValue": 589, "interestMora": 0, "totalMora": 0.0, "overdue": 0.0, "intakes": "4-235,3-332,2-249,1-208,12-360", "referencecodeInvoice": "202004301759488261538707918", "total": 138415, "stateInvoice": true, "is_active": false, "contract": 20200524}}, {"model": "payments.payment", "pk": 40051, "fields": {"valuePayment": 39580.8, "datePayment": "2020-01-02 00:00:00", "facturaPayment": 2001}}, {"model": "payments.payment", "pk": 40052, "fields": {"valuePayment": 63729.8, "datePayment": "2020-02-03 00:00:00", "facturaPayment": 2002}}, {"model": "payments.payment", "pk": 40053, "fields": {"valuePayment": 70797.8, "datePayment": "2020-03-03 00:00:00", "facturaPayment": 2003}}, {"model": "payments.payment", "pk": 40054, "fields": {"valuePayment": 96713.79999999999, "datePayment": "2020-04-01 00:00:00", "facturaPayment": 2004}}, {"model": "payments.payment", "pk": 40055, "fields": {"valuePayment": 83755.79999999999, "datePayment": "2020-05-05 00:00:00", "facturaPayment": 2005}}, {"model": "payments.payment", "pk": 40056, "fields": {"valuePayment": 84609.85, "datePayment": "2020-01-07 00:00:00", "facturaPayment": 2006}}, {"model": "payments.payment", "pk": 40057, "fields": {"valuePayment": 104282.45, "datePayment": "2020-02-06 00:00:00", "facturaPayment": 2007}}, {"model": "payments.payment", "pk": 40058, "fields": {"valuePayment": 143745.44999999998, "datePayment": "2020-03-05 00:00:00", "facturaPayment": 2008}}, {"model": "payments.payment", "pk": 40059, "fields": {"valuePayment": 157292.44999999998, "datePayment": "2020-04-04 00:00:00", "facturaPayment": 2009}}, {"model": "payments.payment", "pk": 40060, "fields": {"valuePayment": 97214.45, "datePayment": "2020-05-08 00:00:00", "facturaPayment": 2010}}, {"model": "payments.payment", "pk": 40061, "fields": {"valuePayment": 184651.5, "datePayment": "2020-01-08 00:00:00", "facturaPayment": 2011}}, {"model": "payments.payment", "pk": 40062, "fields": {"valuePayment": 205855.5, "datePayment": "2020-02-03 00:00:00", "facturaPayment": 2012}}, {"model": "payments.payment", "pk": 40063, "fields": {"valuePayment": 152256.5, "datePayment": "2020-03-09 00:00:00", "facturaPayment": 2013}}, {"model": "payments.payment", "pk": 40064, "fields": {"valuePayment": 109259.5, "datePayment": "2020-04-09 00:00:00", "facturaPayment": 2014}}, {"model": "payments.payment", "pk": 40065, "fields": {"valuePayment": 162858.5, "datePayment": "2020-05-05 00:00:00", "facturaPayment": 2015}}, {"model": "payments.payment", "pk": 40066, "fields": {"valuePayment": 160797, "datePayment": "2020-01-04 00:00:00", "facturaPayment": 2016}}, {"model": "payments.payment", "pk": 40067, "fields": {"valuePayment": 170221, "datePayment": "2020-02-09 00:00:00", "facturaPayment": 2017}}, {"model": "payments.payment", "pk": 40068, "fields": {"valuePayment": 141949, "datePayment": "2020-03-09 00:00:00", "facturaPayment": 2018}}, {"model": "payments.payment", "pk": 40069, "fields": {"valuePayment": 246202, "datePayment": "2020-04-01 00:00:00", "facturaPayment": 2019}}, {"model": "payments.payment", "pk": 40070, "fields": {"valuePayment": 227354, "datePayment": "2020-05-03 00:00:00", "facturaPayment": 2020}}, {"model": "payments.payment", "pk": 40071, "fields": {"valuePayment": 223231, "datePayment": "2020-01-07 00:00:00", "facturaPayment": 2021}}, {"model": "payments.payment", "pk": 40072, "fields": {"valuePayment": 235011, "datePayment": "2020-02-02 00:00:00", "facturaPayment": 2022}}, {"model": "payments.payment", "pk": 40073, "fields": {"valuePayment": 257982, "datePayment": "2020-03-06 00:00:00", "facturaPayment": 2023}}, {"model": "payments.payment", "pk": 40074, "fields": {"valuePayment": 176111, "datePayment": "2020-04-09 00:00:00", "facturaPayment": 2024}}, {"model": "payments.payment", "pk": 40075, "fields": {"valuePayment": 281542, "datePayment": "2020-05-09 00:00:00", "facturaPayment": 2025}}, {"model": "payments.payment", "pk": 40076, "fields": {"valuePayment": 154907, "datePayment": "2020-01-07 00:00:00", "facturaPayment": 2026}}, {"model": "payments.payment", "pk": 40077, "fields": {"valuePayment": 247969, "datePayment": "2020-02-06 00:00:00", "facturaPayment": 2027}}, {"model": "payments.payment", "pk": 40078, "fields": {"valuePayment": 175522, "datePayment": "2020-03-09 00:00:00", "facturaPayment": 2028}}, {"model": "payments.payment", "pk": 40079, "fields": {"valuePayment": 186124, "datePayment": "2020-04-05 00:00:00", "facturaPayment": 2029}}, {"model": "payments.payment", "pk": 40080, "fields": {"valuePayment": 268584, "datePayment": "2020-05-07 00:00:00", "facturaPayment": 2030}}, {"model": "payments.payment", "pk": 40081, "fields": {"valuePayment": 205001.44999999998, "datePayment": "2020-01-04 00:00:00", "facturaPayment": 2031}}, {"model": "payments.payment", "pk": 40082, "fields": {"valuePayment": 174962.44999999998, "datePayment": "2020-02-07 00:00:00", "facturaPayment": 2032}}, {"model": "payments.payment", "pk": 40083, "fields": {"valuePayment": 225027.44999999998, "datePayment": "2020-03-05 00:00:00", "facturaPayment": 2033}}, {"model": "payments.payment", "pk": 40084, "fields": {"valuePayment": 134910.44999999998, "datePayment": "2020-04-03 00:00:00", "facturaPayment": 2034}}, {"model": "payments.payment", "pk": 40085, "fields": {"valuePayment": 184975.44999999998, "datePayment": "2020-05-09 00:00:00", "facturaPayment": 2035}}, {"model": "payments.payment", "pk": 40086, "fields": {"valuePayment": 164360.44999999998, "datePayment": "2020-01-01 00:00:00", "facturaPayment": 2036}}, {"model": "payments.payment", "pk": 40087, "fields": {"valuePayment": 238574.44999999998, "datePayment": "2020-02-08 00:00:00", "facturaPayment": 2037}}, {"model": "payments.payment", "pk": 40088, "fields": {"valuePayment": 174962.44999999998, "datePayment": "2020-03-02 00:00:00", "facturaPayment": 2038}}, {"model": "payments.payment", "pk": 40089, "fields": {"valuePayment": 143156.44999999998, "datePayment": "2020-04-05 00:00:00", "facturaPayment": 2039}}, {"model": "payments.payment", "pk": 40090, "fields": {"valuePayment": 259778.44999999998, "datePayment": "2020-05-01 00:00:00", "facturaPayment": 2040}}, {"model": "payments.payment", "pk": 40091, "fields": {"valuePayment": 141949, "datePayment": "2020-01-04 00:00:00", "facturaPayment": 2041}}, {"model": "payments.payment", "pk": 40092, "fields": {"valuePayment": 189658, "datePayment": "2020-02-05 00:00:00", "facturaPayment": 2042}}, {"model": "payments.payment", "pk": 40093, "fields": {"valuePayment": 227354, "datePayment": "2020-03-02 00:00:00", "facturaPayment": 2043}}, {"model": "payments.payment", "pk": 40094, "fields": {"valuePayment": 208506, "datePayment": "2020-04-03 00:00:00", "facturaPayment": 2044}}, {"model": "payments.payment", "pk": 40095, "fields": {"valuePayment": 180234, "datePayment": "2020-05-06 00:00:00", "facturaPayment": 2045}}, {"model": "payments.payment", "pk": 40096, "fields": {"valuePayment": 212040, "datePayment": "2020-01-01 00:00:00", "facturaPayment": 2046}}, {"model": "payments.payment", "pk": 40097, "fields": {"valuePayment": 122512, "datePayment": "2020-02-04 00:00:00", "facturaPayment": 2047}}, {"model": "payments.payment", "pk": 40098, "fields": {"valuePayment": 146661, "datePayment": "2020-03-05 00:00:00", "facturaPayment": 2048}}, {"model": "payments.payment", "pk": 40099, "fields": {"valuePayment": 195548, "datePayment": "2020-04-05 00:00:00", "facturaPayment": 2049}}, {"model": "payments.payment", "pk": 40100, "fields": {"valuePayment": 138415, "datePayment": "2020-05-06 00:00:00", "facturaPayment": 2050}}]
