[{"model": "users.CustomUser", "pk": 1, "fields": {"id_user": "733366087", "name": "Cecilia Urquijo Barma", "email": "Cecilia@yahoo.com", "password": "pbkdf2_sha256$180000$xc1p9IhLDUxa$/sY5t9qO/YhQnX/hxHjD+aEtGOiiShodzZuGiwFDhhE=", "phone": "4303621", "address": "Transversal 3B # 87 - 37", "neighborhood": "Manuela Beltran", "is_active": true, "is_staff": false, "is_superuser": false}}, {"model": "users.CustomUser", "pk": 2, "fields": {"id_user": "735888558", "name": "Teófilo Egusquiza Madariaga", "email": "Teofilo@gmail.com", "password": "pbkdf2_sha256$180000$U45DpSBRTKqX$6ejw8/iBpSYT/u8DhEvW3ZsSuCuSRVN+PAfFjUdwAkU=", "phone": "4625817", "address": "Diagonal 11C # 63 - 30", "neighborhood": "Belen", "is_active": true, "is_staff": false, "is_superuser": false}}, {"model": "users.CustomUser", "pk": 3, "fields": {"id_user": "214846892", "name": "Pancracio Ispuzua Chave", "email": "Pancracio@hotmail.com", "password": "pbkdf2_sha256$180000$LrgSblMpt4Rd$rA7ASd5uyxA0OFlJPB7JQC3OMG8meuXFOizMl5JQBsg=", "phone": "3078548", "address": "Calle 52C # 45 - 164", "neighborhood": "Eduardo Santos", "is_active": true, "is_staff": false, "is_superuser": false}}, {"model": "users.CustomUser", "pk": 4, "fields": {"id_user": "503710684", "name": "Celeste Ganzo Vicente", "email": "Celeste@gmail.com", "password": "pbkdf2_sha256$180000$rzYMd5q8OmRT$rK6prGBSD+ErQDscPa9+3POcpk1WU6RW5KtWi87l1vQ=", "phone": "4054936", "address": "Avenida 6C # 31 - 176", "neighborhood": "Sindical", "is_active": true, "is_staff": false, "is_superuser": false}}, {"model": "users.CustomUser", "pk": 5, "fields": {"id_user": "481102481", "name": "Luis Valino Vango", "email": "Luis@hotmail.com", "password": "pbkdf2_sha256$180000$0f7RqOhcPJUu$FmrNlApTrrGNX/d3OjyCVGU4Ok84r7fOUcwiBc8N628=", "phone": "4421216", "address": "Transversal 71D # 50 - 16", "neighborhood": "Eduardo Santos", "is_active": true, "is_staff": false, "is_superuser": false}}, {"model": "users.CustomUser", "pk": 6, "fields": {"id_user": "668434394", "name": "Florencia Cucho Ahedo", "email": "Florencia@yahoo.com", "password": "pbkdf2_sha256$180000$8g5zRB1vojwa$USQBSSPs8C6cSyusl/gJX3lyF1VaGu3odXeze+jiMmI=", "phone": "4587128", "address": "Calle 79B # 2 - 27", "neighborhood": "Calipso", "is_active": true, "is_staff": false, "is_superuser": false}}, {"model": "users.CustomUser", "pk": 7, "fields": {"id_user": "656914670", "name": "Mariano Mogrovejo Gante", "email": "Mariano@gmail.com", "password": "pbkdf2_sha256$180000$ho254qP7zS6A$MqNQY3yHNlM3D0dSXlOkrV7C1fMm9HCrdfFpyLqweDA=", "phone": "4071112", "address": "Calle 64D # 74 - 109", "neighborhood": "El bronx", "is_active": true, "is_staff": false, "is_superuser": false}}, {"model": "users.CustomUser", "pk": 8, "fields": {"id_user": "801742371", "name": "Angélica Ter Tosantos", "email": "Angelica@gmail.com", "password": "pbkdf2_sha256$180000$NVUYwEKDXTIy$zwrcyCTNZ9hJvd7usmordQakvpfa0HzqP6X2nyH2I7Q=", "phone": "4569201", "address": "Calle 55E # 7 - 96", "neighborhood": "El vergel", "is_active": true, "is_staff": false, "is_superuser": false}}, {"model": "users.CustomUser", "pk": 9, "fields": {"id_user": "245257916", "name": "Antonio Incera Fontoria", "email": "Antonio@yahoo.com", "password": "pbkdf2_sha256$180000$QyNsNqz6VwKr$O1k5xNlWiCzMNZLW7rtB/CyiYWVX28XIxcoam74Eps8=", "phone": "3636126", "address": "Diagonal 40D # 26 - 90", "neighborhood": "Belen", "is_active": true, "is_staff": false, "is_superuser": false}}, {"model": "users.CustomUser", "pk": 10, "fields": {"id_user": "1075655456", "name": "Lupita Soret Garmendia", "email": "Lupita@gmail.com", "password": "pbkdf2_sha256$180000$aV8CnsgH7T7f$Fl3JCVITaP9g2E7rGXTu4Zhgny2LQ1dcKjfZdz0WJYg=", "phone": "4257343", "address": "Transversal 41C # 61 - 173", "neighborhood": "Manuela Beltran", "is_active": true, "is_staff": false, "is_superuser": false}}, {"model": "users.CustomUser", "pk": 11, "fields": {"id_user": "1144189914", "name": "Esneider Manzano", "email": "esneider@gmail.com", "password": "pbkdf2_sha256$180000$W4DSmgbKj7dK$s6p1mSZZ7bhhcbaKuQxpXLN8QP03eGULkW9/Rd+819w=", "phone": "4455971", "address": "cra28 C # 54-123", "neighborhood": "sindical", "is_active": true, "is_staff": true, "is_superuser": false}}, {"model": "users.CustomUser", "pk": 12, "fields": {"id_user": "1144189915", "name": "Luis de Huevosalva", "email": "luis@gmail.com", "password": "pbkdf2_sha256$180000$W4DSmgbKj7dK$s6p1mSZZ7bhhcbaKuQxpXLN8QP03eGULkW9/Rd+819w=", "phone": "4455972", "address": "cra28 C # 54-124", "neighborhood": "sindical", "is_active": true, "is_staff": true, "is_superuser": false}}, {"model": "users.CustomUser", "pk": 13, "fields": {"id_user": "1144189910", "name": "Taborda", "email": "taborda@gmail.com", "password": "pbkdf2_sha256$180000$W4DSmgbKj7dK$s6p1mSZZ7bhhcbaKuQxpXLN8QP03eGULkW9/Rd+819w=", "phone": "4455970", "address": "cra28 C # 54-127", "neighborhood": "sindical", "is_active": true, "is_staff": true, "is_superuser": false}}, {"model": "users.Worker", "pk": 1, "fields": {"user": 11, "user_type": 1}}, {"model": "users.Worker", "pk": 2, "fields": {"user": 12, "user_type": 2}}, {"model": "users.Worker", "pk": 3, "fields": {"user": 13, "user_type": 3}}, {"model": "users.Client", "pk": 1, "fields": {"user": 1, "type_client": 1}}, {"model": "users.Client", "pk": 2, "fields": {"user": 2, "type_client": 1}}, {"model": "users.Client", "pk": 3, "fields": {"user": 3, "type_client": 1}}, {"model": "users.Client", "pk": 4, "fields": {"user": 4, "type_client": 1}}, {"model": "users.Client", "pk": 5, "fields": {"user": 5, "type_client": 1}}, {"model": "users.Client", "pk": 6, "fields": {"user": 6, "type_client": 1}}, {"model": "users.Client", "pk": 7, "fields": {"user": 7, "type_client": 1}}, {"model": "users.Client", "pk": 8, "fields": {"user": 8, "type_client": 1}}, {"model": "users.Client", "pk": 9, "fields": {"user": 9, "type_client": 1}}, {"model": "users.Client", "pk": 10, "fields": {"user": 10, "type_client": 1}}, {"model": "energytransfers.substation", "pk": 1, "fields": {"latitudeSubstation": "3.372908", "lengthSubstation": "-76.532479", "is_active": true}}, {"model": "energytransfers.substation", "pk": 2, "fields": {"latitudeSubstation": "3.428119", "lengthSubstation": "-76.479726", "is_active": true}}, {"model": "energytransfers.substation", "pk": 3, "fields": {"latitudeSubstation": "3.425783", "lengthSubstation": "-76.508505", "is_active": true}}, {"model": "energytransfers.substation", "pk": 4, "fields": {"latitudeSubstation": "3.456173", "lengthSubstation": "-76.532861", "is_active": true}}, {"model": "energytransfers.substation", "pk": 5, "fields": {"latitudeSubstation": "3.467536", "lengthSubstation": "-76.495797", "is_active": true}}, {"model": "energytransfers.transformator", "pk": 1, "fields": {"latitudeTransformator": "3.395716", "lengthTransformator": "-76.54822", "is_active": true, "substationTransformator": 1}}, {"model": "energytransfers.transformator", "pk": 2, "fields": {"latitudeTransformator": "3.380439", "lengthTransformator": "-76.54449", "is_active": true, "substationTransformator": 1}}, {"model": "energytransfers.transformator", "pk": 3, "fields": {"latitudeTransformator": "3.42622", "lengthTransformator": "-76.480782", "is_active": true, "substationTransformator": 2}}, {"model": "energytransfers.transformator", "pk": 4, "fields": {"latitudeTransformator": "3.418405", "lengthTransformator": "-76.471679", "is_active": true, "substationTransformator": 2}}, {"model": "energytransfers.transformator", "pk": 5, "fields": {"latitudeTransformator": "3.427807", "lengthTransformator": "-76.50048", "is_active": true, "substationTransformator": 3}}, {"model": "energytransfers.transformator", "pk": 6, "fields": {"latitudeTransformator": "3.433637", "lengthTransformator": "-76.504623", "is_active": true, "substationTransformator": 3}}, {"model": "energytransfers.transformator", "pk": 7, "fields": {"latitudeTransformator": "3.44834", "lengthTransformator": "-76.538648", "is_active": true, "substationTransformator": 4}}, {"model": "energytransfers.transformator", "pk": 8, "fields": {"latitudeTransformator": "3.448628", "lengthTransformator": "-76.523636", "is_active": true, "substationTransformator": 4}}, {"model": "energytransfers.transformator", "pk": 9, "fields": {"latitudeTransformator": "3.465657", "lengthTransformator": "-76.500669", "is_active": true, "substationTransformator": 5}}, {"model": "energytransfers.transformator", "pk": 10, "fields": {"latitudeTransformator": "3.484713", "lengthTransformator": "-76.497644", "is_active": true, "substationTransformator": 5}}, {"model": "energytransfers.counter", "pk": 1, "fields": {"latitudeCounter": "3.4613754609402134", "lengthCounter": "-76.50162220001222", "value": 1078, "is_active": true, "addressCounter": "Carrera 5 # 14-4", "stratum": 1, "transformatorCounter": 9}}, {"model": "energytransfers.counter", "pk": 2, "fields": {"latitudeCounter": "3.463560148219834", "lengthCounter": "-76.49715900421144", "value": 1413, "is_active": true, "addressCounter": "Carrera 5 con calle 56", "stratum": 3, "transformatorCounter": 9}}, {"model": "energytransfers.counter", "pk": 3, "fields": {"latitudeCounter": "3.468572058805507", "lengthCounter": "-76.50488376617432", "value": 1700, "is_active": true, "addressCounter": "Carrera 2 # 45", "stratum": 2, "transformatorCounter": 9}}, {"model": "energytransfers.counter", "pk": 4, "fields": {"latitudeCounter": "3.4810374646865485", "lengthCounter": "-76.49346828460695", "value": 1073, "is_active": true, "addressCounter": "Calle 66A #43", "stratum": 6, "transformatorCounter": 10}}, {"model": "energytransfers.counter", "pk": 5, "fields": {"latitudeCounter": "3.488105405079248", "lengthCounter": "-76.49904727935792", "value": 1726, "is_active": true, "addressCounter": "Calle 71 #42", "stratum": 4, "transformatorCounter": 10}}, {"model": "energytransfers.counter", "pk": 6, "fields": {"latitudeCounter": "3.4357371374880414", "lengthCounter": "-76.5101408958435", "value": 1760, "is_active": true, "addressCounter": "Carrera 24 #4B", "stratum": 4, "transformatorCounter": 6}}, {"model": "energytransfers.counter", "pk": 7, "fields": {"latitudeCounter": "3.437086540149677", "lengthCounter": "-76.504282951355", "value": 1196, "is_active": true, "addressCounter": "Carrera 24C #10", "stratum": 3, "transformatorCounter": 6}}, {"model": "energytransfers.counter", "pk": 8, "fields": {"latitudeCounter": "3.4278120357529867", "lengthCounter": "-76.4970088005066", "value": 1919, "is_active": true, "addressCounter": "Carrera 28B #9", "stratum": 3, "transformatorCounter": 5}}, {"model": "energytransfers.counter", "pk": 9, "fields": {"latitudeCounter": "3.4380932361303143", "lengthCounter": "-76.49919748306276", "value": 1799, "is_active": true, "addressCounter": "Carrera 25 #33-17", "stratum": 5, "transformatorCounter": 6}}, {"model": "energytransfers.counter", "pk": 10, "fields": {"latitudeCounter": "3.4223072642741497", "lengthCounter": "-76.50091409683229", "value": 1824, "is_active": true, "addressCounter": "Carrera 29A #12-89", "stratum": 4, "transformatorCounter": 5}}, {"model": "energytransfers.history", "pk": 1, "fields": {"current": 204, "consumption": 204, "registryHistory": "2019-12-31", "counter": 1}}, {"model": "energytransfers.history", "pk": 2, "fields": {"current": 419, "consumption": 215, "registryHistory": "2020-01-31", "counter": 1}}, {"model": "energytransfers.history", "pk": 3, "fields": {"current": 656, "consumption": 237, "registryHistory": "2020-02-29", "counter": 1}}, {"model": "energytransfers.history", "pk": 4, "fields": {"current": 817, "consumption": 161, "registryHistory": "2020-03-31", "counter": 1}}, {"model": "energytransfers.history", "pk": 5, "fields": {"current": 1075, "consumption": 258, "registryHistory": "2020-04-30", "counter": 1}}, {"model": "energytransfers.history", "pk": 6, "fields": {"current": 254, "consumption": 254, "registryHistory": "2019-12-31", "counter": 2}}, {"model": "energytransfers.history", "pk": 7, "fields": {"current": 494, "consumption": 240, "registryHistory": "2020-01-31", "counter": 2}}, {"model": "energytransfers.history", "pk": 8, "fields": {"current": 861, "consumption": 367, "registryHistory": "2020-02-29", "counter": 2}}, {"model": "energytransfers.history", "pk": 9, "fields": {"current": 1072, "consumption": 211, "registryHistory": "2020-03-31", "counter": 2}}, {"model": "energytransfers.history", "pk": 10, "fields": {"current": 1411, "consumption": 339, "registryHistory": "2020-04-30", "counter": 2}}, {"model": "energytransfers.history", "pk": 11, "fields": {"current": 255, "consumption": 255, "registryHistory": "2019-12-31", "counter": 3}}, {"model": "energytransfers.history", "pk": 12, "fields": {"current": 578, "consumption": 323, "registryHistory": "2020-01-31", "counter": 3}}, {"model": "energytransfers.history", "pk": 13, "fields": {"current": 952, "consumption": 374, "registryHistory": "2020-02-29", "counter": 3}}, {"model": "energytransfers.history", "pk": 14, "fields": {"current": 1360, "consumption": 408, "registryHistory": "2020-03-31", "counter": 3}}, {"model": "energytransfers.history", "pk": 15, "fields": {"current": 1700, "consumption": 340, "registryHistory": "2020-04-30", "counter": 3}}, {"model": "energytransfers.history", "pk": 16, "fields": {"current": 160, "consumption": 160, "registryHistory": "2019-12-31", "counter": 4}}, {"model": "energytransfers.history", "pk": 17, "fields": {"current": 417, "consumption": 257, "registryHistory": "2020-01-31", "counter": 4}}, {"model": "energytransfers.history", "pk": 18, "fields": {"current": 610, "consumption": 193, "registryHistory": "2020-02-29", "counter": 4}}, {"model": "energytransfers.history", "pk": 19, "fields": {"current": 792, "consumption": 182, "registryHistory": "2020-03-31", "counter": 4}}, {"model": "energytransfers.history", "pk": 20, "fields": {"current": 1070, "consumption": 278, "registryHistory": "2020-04-30", "counter": 4}}, {"model": "energytransfers.history", "pk": 21, "fields": {"current": 414, "consumption": 414, "registryHistory": "2019-12-31", "counter": 5}}, {"model": "energytransfers.history", "pk": 22, "fields": {"current": 741, "consumption": 327, "registryHistory": "2020-01-31", "counter": 5}}, {"model": "energytransfers.history", "pk": 23, "fields": {"current": 999, "consumption": 258, "registryHistory": "2020-02-29", "counter": 5}}, {"model": "energytransfers.history", "pk": 24, "fields": {"current": 1344, "consumption": 345, "registryHistory": "2020-03-31", "counter": 5}}, {"model": "energytransfers.history", "pk": 25, "fields": {"current": 1723, "consumption": 379, "registryHistory": "2020-04-30", "counter": 5}}, {"model": "energytransfers.history", "pk": 26, "fields": {"current": 316, "consumption": 316, "registryHistory": "2019-12-31", "counter": 6}}, {"model": "energytransfers.history", "pk": 27, "fields": {"current": 580, "consumption": 264, "registryHistory": "2020-01-31", "counter": 6}}, {"model": "energytransfers.history", "pk": 28, "fields": {"current": 1037, "consumption": 457, "registryHistory": "2020-02-29", "counter": 6}}, {"model": "energytransfers.history", "pk": 29, "fields": {"current": 1336, "consumption": 299, "registryHistory": "2020-03-31", "counter": 6}}, {"model": "energytransfers.history", "pk": 30, "fields": {"current": 1758, "consumption": 422, "registryHistory": "2020-04-30", "counter": 6}}, {"model": "energytransfers.history", "pk": 31, "fields": {"current": 263, "consumption": 263, "registryHistory": "2019-12-31", "counter": 7}}, {"model": "energytransfers.history", "pk": 32, "fields": {"current": 490, "consumption": 227, "registryHistory": "2020-01-31", "counter": 7}}, {"model": "energytransfers.history", "pk": 33, "fields": {"current": 729, "consumption": 239, "registryHistory": "2020-02-29", "counter": 7}}, {"model": "energytransfers.history", "pk": 34, "fields": {"current": 1016, "consumption": 287, "registryHistory": "2020-03-31", "counter": 7}}, {"model": "energytransfers.history", "pk": 35, "fields": {"current": 1195, "consumption": 179, "registryHistory": "2020-04-30", "counter": 7}}, {"model": "energytransfers.history", "pk": 36, "fields": {"current": 345, "consumption": 345, "registryHistory": "2019-12-31", "counter": 8}}, {"model": "energytransfers.history", "pk": 37, "fields": {"current": 632, "consumption": 287, "registryHistory": "2020-01-31", "counter": 8}}, {"model": "energytransfers.history", "pk": 38, "fields": {"current": 1130, "consumption": 498, "registryHistory": "2020-02-29", "counter": 8}}, {"model": "energytransfers.history", "pk": 39, "fields": {"current": 1456, "consumption": 326, "registryHistory": "2020-03-31", "counter": 8}}, {"model": "energytransfers.history", "pk": 40, "fields": {"current": 1916, "consumption": 460, "registryHistory": "2020-04-30", "counter": 8}}, {"model": "energytransfers.history", "pk": 41, "fields": {"current": 359, "consumption": 359, "registryHistory": "2019-12-31", "counter": 9}}, {"model": "energytransfers.history", "pk": 42, "fields": {"current": 628, "consumption": 269, "registryHistory": "2020-01-31", "counter": 9}}, {"model": "energytransfers.history", "pk": 43, "fields": {"current": 1059, "consumption": 431, "registryHistory": "2020-02-29", "counter": 9}}, {"model": "energytransfers.history", "pk": 44, "fields": {"current": 1454, "consumption": 395, "registryHistory": "2020-03-31", "counter": 9}}, {"model": "energytransfers.history", "pk": 45, "fields": {"current": 1795, "consumption": 341, "registryHistory": "2020-04-30", "counter": 9}}, {"model": "energytransfers.history", "pk": 46, "fields": {"current": 328, "consumption": 328, "registryHistory": "2019-12-31", "counter": 10}}, {"model": "energytransfers.history", "pk": 47, "fields": {"current": 802, "consumption": 474, "registryHistory": "2020-01-31", "counter": 10}}, {"model": "energytransfers.history", "pk": 48, "fields": {"current": 1239, "consumption": 437, "registryHistory": "2020-02-29", "counter": 10}}, {"model": "energytransfers.history", "pk": 49, "fields": {"current": 1512, "consumption": 273, "registryHistory": "2020-03-31", "counter": 10}}, {"model": "energytransfers.history", "pk": 50, "fields": {"current": 1822, "consumption": 310, "registryHistory": "2020-04-30", "counter": 10}}, {"model": "contract.contract", "pk": 20200515, "fields": {"interes_mora": 0, "client": 1, "counter": 1}}, {"model": "contract.contract", "pk": 20200516, "fields": {"interes_mora": 0, "client": 2, "counter": 2}}, {"model": "contract.contract", "pk": 20200517, "fields": {"interes_mora": 0, "client": 3, "counter": 3}}, {"model": "contract.contract", "pk": 20200518, "fields": {"interes_mora": 0, "client": 4, "counter": 4}}, {"model": "contract.contract", "pk": 20200519, "fields": {"interes_mora": 0, "client": 5, "counter": 5}}, {"model": "contract.contract", "pk": 20200520, "fields": {"interes_mora": 0, "client": 6, "counter": 6}}, {"model": "contract.contract", "pk": 20200521, "fields": {"interes_mora": 0, "client": 7, "counter": 7}}, {"model": "contract.contract", "pk": 20200522, "fields": {"interes_mora": 0, "client": 8, "counter": 8}}, {"model": "contract.contract", "pk": 20200523, "fields": {"interes_mora": 0, "client": 9, "counter": 9}}, {"model": "contract.contract", "pk": 20200524, "fields": {"interes_mora": 0, "client": 10, "counter": 10}}, {"model": "contract.Invoice", "pk": 2001, "fields": {"billingDate": "2019-12-31", "deadDatePay": "2020-01-10", "counter": 1, "address": "Carrera 5 # 14-4", "stratum": 1, "currentRecord": 204, "pastRecord": 0, "basicTake": 173, "remainder": 31, "unitaryValue": 589, "interestMora": 0, "totalMora": 0.0, "overdue": 0.0, "intakes": "12-204", "referencecodeInvoice": "202004301759496261532096479", "total": 59017.8, "stateInvoice": true, "is_active": false, "contract": 20200515}}, {"model": "contract.Invoice", "pk": 2002, "fields": {"billingDate": "2020-01-31", "deadDatePay": "2020-02-10", "counter": 1, "address": "Carrera 5 # 14-4", "stratum": 1, "currentRecord": 419, "pastRecord": 204, "basicTake": 173, "remainder": 42, "unitaryValue": 589, "interestMora": 0, "totalMora": 0.0, "overdue": 0.0, "intakes": "1-215,12-204", "referencecodeInvoice": "202004301759238261536953791", "total": 65496.8, "stateInvoice": true, "is_active": false, "contract": 20200515}}, {"model": "contract.Invoice", "pk": 2003, "fields": {"billingDate": "2020-02-29", "deadDatePay": "2020-03-10", "counter": 1, "address": "Carrera 5 # 14-4", "stratum": 1, "currentRecord": 656, "pastRecord": 419, "basicTake": 173, "remainder": 64, "unitaryValue": 589, "interestMora": 0, "totalMora": 0.0, "overdue": 0.0, "intakes": "2-237,1-215,12-204", "referencecodeInvoice": "202004301759394261535429977", "total": 78454.79999999999, "stateInvoice": true, "is_active": false, "contract": 20200515}}, {"model": "contract.Invoice", "pk": 2004, "fields": {"billingDate": "2020-03-31", "deadDatePay": "2020-04-10", "counter": 1, "address": "Carrera 5 # 14-4", "stratum": 1, "currentRecord": 817, "pastRecord": 656, "basicTake": 161, "remainder": 0, "unitaryValue": 589, "interestMora": 0, "totalMora": 0.0, "overdue": 0.0, "intakes": "3-161,2-237,1-215,12-204", "referencecodeInvoice": "202004301759742261533106544", "total": 37931.600000000006, "stateInvoice": true, "is_active": false, "contract": 20200515}}, {"model": "contract.Invoice", "pk": 2005, "fields": {"billingDate": "2020-04-30", "deadDatePay": "2020-05-10", "counter": 1, "address": "Carrera 5 # 14-4", "stratum": 1, "currentRecord": 1075, "pastRecord": 817, "basicTake": 173, "remainder": 85, "unitaryValue": 589, "interestMora": 0, "totalMora": 0.0, "overdue": 0.0, "intakes": "4-258,3-161,2-237,1-215,12-204", "referencecodeInvoice": "202004301759188261539664601", "total": 90823.79999999999, "stateInvoice": true, "is_active": false, "contract": 20200515}}, {"model": "contract.Invoice", "pk": 2006, "fields": {"billingDate": "2019-12-31", "deadDatePay": "2020-01-10", "counter": 2, "address": "Carrera 5 con calle 56", "stratum": 3, "currentRecord": 254, "pastRecord": 0, "basicTake": 173, "remainder": 81, "unitaryValue": 589, "interestMora": 0, "totalMora": 0.0, "overdue": 0.0, "intakes": "12-254", "referencecodeInvoice": "202004301759374261539458372", "total": 134321.44999999998, "stateInvoice": true, "is_active": false, "contract": 20200516}}, {"model": "contract.Invoice", "pk": 2007, "fields": {"billingDate": "2020-01-31", "deadDatePay": "2020-02-10", "counter": 2, "address": "Carrera 5 con calle 56", "stratum": 3, "currentRecord": 494, "pastRecord": 254, "basicTake": 173, "remainder": 67, "unitaryValue": 589, "interestMora": 0, "totalMora": 0.0, "overdue": 0.0, "intakes": "1-240,12-254", "referencecodeInvoice": "202004301759562261536515169", "total": 126075.45, "stateInvoice": true, "is_active": false, "contract": 20200516}}, {"model": "contract.Invoice", "pk": 2008, "fields": {"billingDate": "2020-02-29", "deadDatePay": "2020-03-10", "counter": 2, "address": "Carrera 5 con calle 56", "stratum": 3, "currentRecord": 861, "pastRecord": 494, "basicTake": 173, "remainder": 194, "unitaryValue": 589, "interestMora": 0, "totalMora": 0.0, "overdue": 0.0, "intakes": "2-367,1-240,12-254", "referencecodeInvoice": "202004301759873261531231754", "total": 200878.44999999998, "stateInvoice": true, "is_active": false, "contract": 20200516}}, {"model": "contract.Invoice", "pk": 2009, "fields": {"billingDate": "2020-03-31", "deadDatePay": "2020-04-10", "counter": 2, "address": "Carrera 5 con calle 56", "stratum": 3, "currentRecord": 1072, "pastRecord": 861, "basicTake": 173, "remainder": 38, "unitaryValue": 589, "interestMora": 0, "totalMora": 0.0, "overdue": 0.0, "intakes": "3-211,2-367,1-240,12-254", "referencecodeInvoice": "202004301759155261531757206", "total": 108994.45, "stateInvoice": true, "is_active": false, "contract": 20200516}}, {"model": "contract.Invoice", "pk": 2010, "fields": {"billingDate": "2020-04-30", "deadDatePay": "2020-05-10", "counter": 2, "address": "Carrera 5 con calle 56", "stratum": 3, "currentRecord": 1411, "pastRecord": 1072, "basicTake": 173, "remainder": 166, "unitaryValue": 589, "interestMora": 0, "totalMora": 0.0, "overdue": 0.0, "intakes": "4-339,3-211,2-367,1-240,12-254", "referencecodeInvoice": "202004301759291261532569718", "total": 184386.44999999998, "stateInvoice": true, "is_active": false, "contract": 20200516}}, {"model": "contract.Invoice", "pk": 2011, "fields": {"billingDate": "2019-12-31", "deadDatePay": "2020-01-10", "counter": 3, "address": "Carrera 2 # 45", "stratum": 2, "currentRecord": 255, "pastRecord": 0, "basicTake": 173, "remainder": 82, "unitaryValue": 589, "interestMora": 0, "totalMora": 0.0, "overdue": 0.0, "intakes": "12-255", "referencecodeInvoice": "202004301759415261538122597", "total": 99246.5, "stateInvoice": true, "is_active": false, "contract": 20200517}}, {"model": "contract.Invoice", "pk": 2012, "fields": {"billingDate": "2020-01-31", "deadDatePay": "2020-02-10", "counter": 3, "address": "Carrera 2 # 45", "stratum": 2, "currentRecord": 578, "pastRecord": 255, "basicTake": 173, "remainder": 150, "unitaryValue": 589, "interestMora": 0, "totalMora": 0.0, "overdue": 0.0, "intakes": "1-323,12-255", "referencecodeInvoice": "202004301759528261531278106", "total": 139298.5, "stateInvoice": true, "is_active": false, "contract": 20200517}}, {"model": "contract.Invoice", "pk": 2013, "fields": {"billingDate": "2020-02-29", "deadDatePay": "2020-03-10", "counter": 3, "address": "Carrera 2 # 45", "stratum": 2, "currentRecord": 952, "pastRecord": 578, "basicTake": 173, "remainder": 201, "unitaryValue": 589, "interestMora": 0, "totalMora": 0.0, "overdue": 0.0, "intakes": "2-374,1-323,12-255", "referencecodeInvoice": "202004301759383261537361480", "total": 169337.5, "stateInvoice": true, "is_active": false, "contract": 20200517}}, {"model": "contract.Invoice", "pk": 2014, "fields": {"billingDate": "2020-03-31", "deadDatePay": "2020-04-10", "counter": 3, "address": "Carrera 2 # 45", "stratum": 2, "currentRecord": 1360, "pastRecord": 952, "basicTake": 173, "remainder": 235, "unitaryValue": 589, "interestMora": 0, "totalMora": 0.0, "overdue": 0.0, "intakes": "3-408,2-374,1-323,12-255", "referencecodeInvoice": "202004301759837261532770557", "total": 189363.5, "stateInvoice": true, "is_active": false, "contract": 20200517}}, {"model": "contract.Invoice", "pk": 2015, "fields": {"billingDate": "2020-04-30", "deadDatePay": "2020-05-10", "counter": 3, "address": "Carrera 2 # 45", "stratum": 2, "currentRecord": 1700, "pastRecord": 1360, "basicTake": 173, "remainder": 167, "unitaryValue": 589, "interestMora": 0, "totalMora": 0.0, "overdue": 0.0, "intakes": "4-340,3-408,2-374,1-323,12-255", "referencecodeInvoice": "202004301759919261534902557", "total": 149311.5, "stateInvoice": true, "is_active": false, "contract": 20200517}}, {"model": "contract.Invoice", "pk": 2016, "fields": {"billingDate": "2019-12-31", "deadDatePay": "2020-01-10", "counter": 4, "address": "Calle 66A #43", "stratum": 6, "currentRecord": 160, "pastRecord": 0, "basicTake": 160, "remainder": 0, "unitaryValue": 589, "interestMora": 0, "totalMora": 0.0, "overdue": 0.0, "intakes": "12-160", "referencecodeInvoice": "202004301759629261536934816", "total": 94240, "stateInvoice": true, "is_active": false, "contract": 20200518}}, {"model": "contract.Invoice", "pk": 2017, "fields": {"billingDate": "2020-01-31", "deadDatePay": "2020-02-10", "counter": 4, "address": "Calle 66A #43", "stratum": 6, "currentRecord": 417, "pastRecord": 160, "basicTake": 173, "remainder": 84, "unitaryValue": 589, "interestMora": 0, "totalMora": 0.0, "overdue": 0.0, "intakes": "1-257,12-160", "referencecodeInvoice": "202004301759138261538682144", "total": 151373, "stateInvoice": true, "is_active": false, "contract": 20200518}}, {"model": "contract.Invoice", "pk": 2018, "fields": {"billingDate": "2020-02-29", "deadDatePay": "2020-03-10", "counter": 4, "address": "Calle 66A #43", "stratum": 6, "currentRecord": 610, "pastRecord": 417, "basicTake": 173, "remainder": 20, "unitaryValue": 589, "interestMora": 0, "totalMora": 0.0, "overdue": 0.0, "intakes": "2-193,1-257,12-160", "referencecodeInvoice": "202004301759426261535221272", "total": 113677, "stateInvoice": true, "is_active": false, "contract": 20200518}}, {"model": "contract.Invoice", "pk": 2019, "fields": {"billingDate": "2020-03-31", "deadDatePay": "2020-04-10", "counter": 4, "address": "Calle 66A #43", "stratum": 6, "currentRecord": 792, "pastRecord": 610, "basicTake": 173, "remainder": 9, "unitaryValue": 589, "interestMora": 0, "totalMora": 0.0, "overdue": 0.0, "intakes": "3-182,2-193,1-257,12-160", "referencecodeInvoice": "202004301759239261539295079", "total": 107198, "stateInvoice": true, "is_active": false, "contract": 20200518}}, {"model": "contract.Invoice", "pk": 2020, "fields": {"billingDate": "2020-04-30", "deadDatePay": "2020-05-10", "counter": 4, "address": "Calle 66A #43", "stratum": 6, "currentRecord": 1070, "pastRecord": 792, "basicTake": 173, "remainder": 105, "unitaryValue": 589, "interestMora": 0, "totalMora": 0.0, "overdue": 0.0, "intakes": "4-278,3-182,2-193,1-257,12-160", "referencecodeInvoice": "202004301759836261538934920", "total": 163742, "stateInvoice": true, "is_active": false, "contract": 20200518}}, {"model": "contract.Invoice", "pk": 2021, "fields": {"billingDate": "2019-12-31", "deadDatePay": "2020-01-10", "counter": 5, "address": "Calle 71 #42", "stratum": 4, "currentRecord": 414, "pastRecord": 0, "basicTake": 173, "remainder": 241, "unitaryValue": 589, "interestMora": 0, "totalMora": 0.0, "overdue": 0.0, "intakes": "12-414", "referencecodeInvoice": "202004301759686261539219278", "total": 243846, "stateInvoice": true, "is_active": false, "contract": 20200519}}, {"model": "contract.Invoice", "pk": 2022, "fields": {"billingDate": "2020-01-31", "deadDatePay": "2020-02-10", "counter": 5, "address": "Calle 71 #42", "stratum": 4, "currentRecord": 741, "pastRecord": 414, "basicTake": 173, "remainder": 154, "unitaryValue": 589, "interestMora": 0, "totalMora": 0.0, "overdue": 0.0, "intakes": "1-327,12-414", "referencecodeInvoice": "202004301759376261535995185", "total": 192603, "stateInvoice": true, "is_active": false, "contract": 20200519}}, {"model": "contract.Invoice", "pk": 2023, "fields": {"billingDate": "2020-02-29", "deadDatePay": "2020-03-10", "counter": 5, "address": "Calle 71 #42", "stratum": 4, "currentRecord": 999, "pastRecord": 741, "basicTake": 173, "remainder": 85, "unitaryValue": 589, "interestMora": 0, "totalMora": 0.0, "overdue": 0.0, "intakes": "2-258,1-327,12-414", "referencecodeInvoice": "202004301759461261533928253", "total": 151962, "stateInvoice": true, "is_active": false, "contract": 20200519}}, {"model": "contract.Invoice", "pk": 2024, "fields": {"billingDate": "2020-03-31", "deadDatePay": "2020-04-10", "counter": 5, "address": "Calle 71 #42", "stratum": 4, "currentRecord": 1344, "pastRecord": 999, "basicTake": 173, "remainder": 172, "unitaryValue": 589, "interestMora": 0, "totalMora": 0.0, "overdue": 0.0, "intakes": "3-345,2-258,1-327,12-414", "referencecodeInvoice": "202004301759871261532614415", "total": 203205, "stateInvoice": true, "is_active": false, "contract": 20200519}}, {"model": "contract.Invoice", "pk": 2025, "fields": {"billingDate": "2020-04-30", "deadDatePay": "2020-05-10", "counter": 5, "address": "Calle 71 #42", "stratum": 4, "currentRecord": 1723, "pastRecord": 1344, "basicTake": 173, "remainder": 206, "unitaryValue": 589, "interestMora": 0, "totalMora": 0.0, "overdue": 0.0, "intakes": "4-379,3-345,2-258,1-327,12-414", "referencecodeInvoice": "202004301759816261537157647", "total": 223231, "stateInvoice": true, "is_active": false, "contract": 20200519}}, {"model": "contract.Invoice", "pk": 2026, "fields": {"billingDate": "2019-12-31", "deadDatePay": "2020-01-10", "counter": 6, "address": "Carrera 24 #4B", "stratum": 4, "currentRecord": 316, "pastRecord": 0, "basicTake": 173, "remainder": 143, "unitaryValue": 589, "interestMora": 0, "totalMora": 0.0, "overdue": 0.0, "intakes": "12-316", "referencecodeInvoice": "202004301759708261534344561", "total": 186124, "stateInvoice": true, "is_active": false, "contract": 20200520}}, {"model": "contract.Invoice", "pk": 2027, "fields": {"billingDate": "2020-01-31", "deadDatePay": "2020-02-10", "counter": 6, "address": "Carrera 24 #4B", "stratum": 4, "currentRecord": 580, "pastRecord": 316, "basicTake": 173, "remainder": 91, "unitaryValue": 589, "interestMora": 0, "totalMora": 0.0, "overdue": 0.0, "intakes": "1-264,12-316", "referencecodeInvoice": "202004301759163261532692389", "total": 155496, "stateInvoice": true, "is_active": false, "contract": 20200520}}, {"model": "contract.Invoice", "pk": 2028, "fields": {"billingDate": "2020-02-29", "deadDatePay": "2020-03-10", "counter": 6, "address": "Carrera 24 #4B", "stratum": 4, "currentRecord": 1037, "pastRecord": 580, "basicTake": 173, "remainder": 284, "unitaryValue": 589, "interestMora": 0, "totalMora": 0.0, "overdue": 0.0, "intakes": "2-457,1-264,12-316", "referencecodeInvoice": "202004301759284261531294631", "total": 269173, "stateInvoice": true, "is_active": false, "contract": 20200520}}, {"model": "contract.Invoice", "pk": 2029, "fields": {"billingDate": "2020-03-31", "deadDatePay": "2020-04-10", "counter": 6, "address": "Carrera 24 #4B", "stratum": 4, "currentRecord": 1336, "pastRecord": 1037, "basicTake": 173, "remainder": 126, "unitaryValue": 589, "interestMora": 0, "totalMora": 0.0, "overdue": 0.0, "intakes": "3-299,2-457,1-264,12-316", "referencecodeInvoice": "202004301759667261532993097", "total": 176111, "stateInvoice": true, "is_active": false, "contract": 20200520}}, {"model": "contract.Invoice", "pk": 2030, "fields": {"billingDate": "2020-04-30", "deadDatePay": "2020-05-10", "counter": 6, "address": "Carrera 24 #4B", "stratum": 4, "currentRecord": 1758, "pastRecord": 1336, "basicTake": 173, "remainder": 249, "unitaryValue": 589, "interestMora": 0, "totalMora": 0.0, "overdue": 0.0, "intakes": "4-422,3-299,2-457,1-264,12-316", "referencecodeInvoice": "202004301759340261535096840", "total": 248558, "stateInvoice": true, "is_active": false, "contract": 20200520}}, {"model": "contract.Invoice", "pk": 2031, "fields": {"billingDate": "2019-12-31", "deadDatePay": "2020-01-10", "counter": 7, "address": "Carrera 24C #10", "stratum": 3, "currentRecord": 263, "pastRecord": 0, "basicTake": 173, "remainder": 90, "unitaryValue": 589, "interestMora": 0, "totalMora": 0.0, "overdue": 0.0, "intakes": "12-263", "referencecodeInvoice": "202004301759981261536121482", "total": 139622.44999999998, "stateInvoice": true, "is_active": false, "contract": 20200521}}, {"model": "contract.Invoice", "pk": 2032, "fields": {"billingDate": "2020-01-31", "deadDatePay": "2020-02-10", "counter": 7, "address": "Carrera 24C #10", "stratum": 3, "currentRecord": 490, "pastRecord": 263, "basicTake": 173, "remainder": 54, "unitaryValue": 589, "interestMora": 0, "totalMora": 0.0, "overdue": 0.0, "intakes": "1-227,12-263", "referencecodeInvoice": "202004301759688261534295188", "total": 118418.45, "stateInvoice": true, "is_active": false, "contract": 20200521}}, {"model": "contract.Invoice", "pk": 2033, "fields": {"billingDate": "2020-02-29", "deadDatePay": "2020-03-10", "counter": 7, "address": "Carrera 24C #10", "stratum": 3, "currentRecord": 729, "pastRecord": 490, "basicTake": 173, "remainder": 66, "unitaryValue": 589, "interestMora": 0, "totalMora": 0.0, "overdue": 0.0, "intakes": "2-239,1-227,12-263", "referencecodeInvoice": "202004301759178261536684427", "total": 125486.45, "stateInvoice": true, "is_active": false, "contract": 20200521}}, {"model": "contract.Invoice", "pk": 2034, "fields": {"billingDate": "2020-03-31", "deadDatePay": "2020-04-10", "counter": 7, "address": "Carrera 24C #10", "stratum": 3, "currentRecord": 1016, "pastRecord": 729, "basicTake": 173, "remainder": 114, "unitaryValue": 589, "interestMora": 0, "totalMora": 0.0, "overdue": 0.0, "intakes": "3-287,2-239,1-227,12-263", "referencecodeInvoice": "202004301759182261532616273", "total": 153758.44999999998, "stateInvoice": true, "is_active": false, "contract": 20200521}}, {"model": "contract.Invoice", "pk": 2035, "fields": {"billingDate": "2020-04-30", "deadDatePay": "2020-05-10", "counter": 7, "address": "Carrera 24C #10", "stratum": 3, "currentRecord": 1195, "pastRecord": 1016, "basicTake": 173, "remainder": 6, "unitaryValue": 589, "interestMora": 0, "totalMora": 0.0, "overdue": 0.0, "intakes": "4-179,3-287,2-239,1-227,12-263", "referencecodeInvoice": "202004301759639261538047692", "total": 90146.45, "stateInvoice": true, "is_active": false, "contract": 20200521}}, {"model": "contract.Invoice", "pk": 2036, "fields": {"billingDate": "2019-12-31", "deadDatePay": "2020-01-10", "counter": 8, "address": "Carrera 28B #9", "stratum": 3, "currentRecord": 345, "pastRecord": 0, "basicTake": 173, "remainder": 172, "unitaryValue": 589, "interestMora": 0, "totalMora": 0.0, "overdue": 0.0, "intakes": "12-345", "referencecodeInvoice": "202004301759462261534841302", "total": 187920.44999999998, "stateInvoice": true, "is_active": false, "contract": 20200522}}, {"model": "contract.Invoice", "pk": 2037, "fields": {"billingDate": "2020-01-31", "deadDatePay": "2020-02-10", "counter": 8, "address": "Carrera 28B #9", "stratum": 3, "currentRecord": 632, "pastRecord": 345, "basicTake": 173, "remainder": 114, "unitaryValue": 589, "interestMora": 0, "totalMora": 0.0, "overdue": 0.0, "intakes": "1-287,12-345", "referencecodeInvoice": "202004301759927261535529190", "total": 153758.44999999998, "stateInvoice": true, "is_active": false, "contract": 20200522}}, {"model": "contract.Invoice", "pk": 2038, "fields": {"billingDate": "2020-02-29", "deadDatePay": "2020-03-10", "counter": 8, "address": "Carrera 28B #9", "stratum": 3, "currentRecord": 1130, "pastRecord": 632, "basicTake": 173, "remainder": 325, "unitaryValue": 589, "interestMora": 0, "totalMora": 0.0, "overdue": 0.0, "intakes": "2-498,1-287,12-345", "referencecodeInvoice": "202004301759243261538545137", "total": 278037.44999999995, "stateInvoice": true, "is_active": false, "contract": 20200522}}, {"model": "contract.Invoice", "pk": 2039, "fields": {"billingDate": "2020-03-31", "deadDatePay": "2020-04-10", "counter": 8, "address": "Carrera 28B #9", "stratum": 3, "currentRecord": 1456, "pastRecord": 1130, "basicTake": 173, "remainder": 153, "unitaryValue": 589, "interestMora": 0, "totalMora": 0.0, "overdue": 0.0, "intakes": "3-326,2-498,1-287,12-345", "referencecodeInvoice": "202004301759692261532860706", "total": 176729.44999999998, "stateInvoice": true, "is_active": false, "contract": 20200522}}, {"model": "contract.Invoice", "pk": 2040, "fields": {"billingDate": "2020-04-30", "deadDatePay": "2020-05-10", "counter": 8, "address": "Carrera 28B #9", "stratum": 3, "currentRecord": 1916, "pastRecord": 1456, "basicTake": 173, "remainder": 287, "unitaryValue": 589, "interestMora": 0, "totalMora": 0.0, "overdue": 0.0, "intakes": "4-460,3-326,2-498,1-287,12-345", "referencecodeInvoice": "202004301759711261536588827", "total": 255655.44999999998, "stateInvoice": true, "is_active": false, "contract": 20200522}}, {"model": "contract.Invoice", "pk": 2041, "fields": {"billingDate": "2019-12-31", "deadDatePay": "2020-01-10", "counter": 9, "address": "Carrera 25 #33-17", "stratum": 5, "currentRecord": 359, "pastRecord": 0, "basicTake": 173, "remainder": 186, "unitaryValue": 589, "interestMora": 0, "totalMora": 0.0, "overdue": 0.0, "intakes": "12-359", "referencecodeInvoice": "202004301759941261536314740", "total": 211451, "stateInvoice": true, "is_active": false, "contract": 20200523}}, {"model": "contract.Invoice", "pk": 2042, "fields": {"billingDate": "2020-01-31", "deadDatePay": "2020-02-10", "counter": 9, "address": "Carrera 25 #33-17", "stratum": 5, "currentRecord": 628, "pastRecord": 359, "basicTake": 173, "remainder": 96, "unitaryValue": 589, "interestMora": 0, "totalMora": 0.0, "overdue": 0.0, "intakes": "1-269,12-359", "referencecodeInvoice": "202004301759141261534291766", "total": 158441, "stateInvoice": true, "is_active": false, "contract": 20200523}}, {"model": "contract.Invoice", "pk": 2043, "fields": {"billingDate": "2020-02-29", "deadDatePay": "2020-03-10", "counter": 9, "address": "Carrera 25 #33-17", "stratum": 5, "currentRecord": 1059, "pastRecord": 628, "basicTake": 173, "remainder": 258, "unitaryValue": 589, "interestMora": 0, "totalMora": 0.0, "overdue": 0.0, "intakes": "2-431,1-269,12-359", "referencecodeInvoice": "202004301759951261535484130", "total": 253859, "stateInvoice": true, "is_active": false, "contract": 20200523}}, {"model": "contract.Invoice", "pk": 2044, "fields": {"billingDate": "2020-03-31", "deadDatePay": "2020-04-10", "counter": 9, "address": "Carrera 25 #33-17", "stratum": 5, "currentRecord": 1454, "pastRecord": 1059, "basicTake": 173, "remainder": 222, "unitaryValue": 589, "interestMora": 0, "totalMora": 0.0, "overdue": 0.0, "intakes": "3-395,2-431,1-269,12-359", "referencecodeInvoice": "202004301759978261538757524", "total": 232655, "stateInvoice": true, "is_active": false, "contract": 20200523}}, {"model": "contract.Invoice", "pk": 2045, "fields": {"billingDate": "2020-04-30", "deadDatePay": "2020-05-10", "counter": 9, "address": "Carrera 25 #33-17", "stratum": 5, "currentRecord": 1795, "pastRecord": 1454, "basicTake": 173, "remainder": 168, "unitaryValue": 589, "interestMora": 0, "totalMora": 0.0, "overdue": 0.0, "intakes": "4-341,3-395,2-431,1-269,12-359", "referencecodeInvoice": "202004301759670261534127003", "total": 200849, "stateInvoice": true, "is_active": false, "contract": 20200523}}, {"model": "contract.Invoice", "pk": 2046, "fields": {"billingDate": "2019-12-31", "deadDatePay": "2020-01-10", "counter": 10, "address": "Carrera 29A #12-89", "stratum": 4, "currentRecord": 328, "pastRecord": 0, "basicTake": 173, "remainder": 155, "unitaryValue": 589, "interestMora": 0, "totalMora": 0.0, "overdue": 0.0, "intakes": "12-328", "referencecodeInvoice": "202004301759586261539092468", "total": 193192, "stateInvoice": true, "is_active": false, "contract": 20200524}}, {"model": "contract.Invoice", "pk": 2047, "fields": {"billingDate": "2020-01-31", "deadDatePay": "2020-02-10", "counter": 10, "address": "Carrera 29A #12-89", "stratum": 4, "currentRecord": 802, "pastRecord": 328, "basicTake": 173, "remainder": 301, "unitaryValue": 589, "interestMora": 0, "totalMora": 0.0, "overdue": 0.0, "intakes": "1-474,12-328", "referencecodeInvoice": "202004301759686261534557364", "total": 279186, "stateInvoice": true, "is_active": false, "contract": 20200524}}, {"model": "contract.Invoice", "pk": 2048, "fields": {"billingDate": "2020-02-29", "deadDatePay": "2020-03-10", "counter": 10, "address": "Carrera 29A #12-89", "stratum": 4, "currentRecord": 1239, "pastRecord": 802, "basicTake": 173, "remainder": 264, "unitaryValue": 589, "interestMora": 0, "totalMora": 0.0, "overdue": 0.0, "intakes": "2-437,1-474,12-328", "referencecodeInvoice": "202004301759140261536643979", "total": 257393, "stateInvoice": true, "is_active": false, "contract": 20200524}}, {"model": "contract.Invoice", "pk": 2049, "fields": {"billingDate": "2020-03-31", "deadDatePay": "2020-04-10", "counter": 10, "address": "Carrera 29A #12-89", "stratum": 4, "currentRecord": 1512, "pastRecord": 1239, "basicTake": 173, "remainder": 100, "unitaryValue": 589, "interestMora": 0, "totalMora": 0.0, "overdue": 0.0, "intakes": "3-273,2-437,1-474,12-328", "referencecodeInvoice": "202004301759383261531172823", "total": 160797, "stateInvoice": true, "is_active": false, "contract": 20200524}}, {"model": "contract.Invoice", "pk": 2050, "fields": {"billingDate": "2020-04-30", "deadDatePay": "2020-05-10", "counter": 10, "address": "Carrera 29A #12-89", "stratum": 4, "currentRecord": 1822, "pastRecord": 1512, "basicTake": 173, "remainder": 137, "unitaryValue": 589, "interestMora": 0, "totalMora": 0.0, "overdue": 0.0, "intakes": "4-310,3-273,2-437,1-474,12-328", "referencecodeInvoice": "202004301759158261535411602", "total": 182590, "stateInvoice": true, "is_active": false, "contract": 20200524}}, {"model": "payments.payment", "pk": 40051, "fields": {"valuePayment": 59017.8, "datePayment": "2020-01-09 00:00:00", "facturaPayment": 2001}}, {"model": "payments.payment", "pk": 40052, "fields": {"valuePayment": 65496.8, "datePayment": "2020-02-04 00:00:00", "facturaPayment": 2002}}, {"model": "payments.payment", "pk": 40053, "fields": {"valuePayment": 78454.79999999999, "datePayment": "2020-03-01 00:00:00", "facturaPayment": 2003}}, {"model": "payments.payment", "pk": 40054, "fields": {"valuePayment": 37931.600000000006, "datePayment": "2020-04-06 00:00:00", "facturaPayment": 2004}}, {"model": "payments.payment", "pk": 40055, "fields": {"valuePayment": 90823.79999999999, "datePayment": "2020-05-01 00:00:00", "facturaPayment": 2005}}, {"model": "payments.payment", "pk": 40056, "fields": {"valuePayment": 134321.44999999998, "datePayment": "2020-01-04 00:00:00", "facturaPayment": 2006}}, {"model": "payments.payment", "pk": 40057, "fields": {"valuePayment": 126075.45, "datePayment": "2020-02-07 00:00:00", "facturaPayment": 2007}}, {"model": "payments.payment", "pk": 40058, "fields": {"valuePayment": 200878.44999999998, "datePayment": "2020-03-05 00:00:00", "facturaPayment": 2008}}, {"model": "payments.payment", "pk": 40059, "fields": {"valuePayment": 108994.45, "datePayment": "2020-04-06 00:00:00", "facturaPayment": 2009}}, {"model": "payments.payment", "pk": 40060, "fields": {"valuePayment": 184386.44999999998, "datePayment": "2020-05-07 00:00:00", "facturaPayment": 2010}}, {"model": "payments.payment", "pk": 40061, "fields": {"valuePayment": 99246.5, "datePayment": "2020-01-07 00:00:00", "facturaPayment": 2011}}, {"model": "payments.payment", "pk": 40062, "fields": {"valuePayment": 139298.5, "datePayment": "2020-02-03 00:00:00", "facturaPayment": 2012}}, {"model": "payments.payment", "pk": 40063, "fields": {"valuePayment": 169337.5, "datePayment": "2020-03-02 00:00:00", "facturaPayment": 2013}}, {"model": "payments.payment", "pk": 40064, "fields": {"valuePayment": 189363.5, "datePayment": "2020-04-06 00:00:00", "facturaPayment": 2014}}, {"model": "payments.payment", "pk": 40065, "fields": {"valuePayment": 149311.5, "datePayment": "2020-05-09 00:00:00", "facturaPayment": 2015}}, {"model": "payments.payment", "pk": 40066, "fields": {"valuePayment": 94240, "datePayment": "2020-01-05 00:00:00", "facturaPayment": 2016}}, {"model": "payments.payment", "pk": 40067, "fields": {"valuePayment": 151373, "datePayment": "2020-02-04 00:00:00", "facturaPayment": 2017}}, {"model": "payments.payment", "pk": 40068, "fields": {"valuePayment": 113677, "datePayment": "2020-03-09 00:00:00", "facturaPayment": 2018}}, {"model": "payments.payment", "pk": 40069, "fields": {"valuePayment": 107198, "datePayment": "2020-04-09 00:00:00", "facturaPayment": 2019}}, {"model": "payments.payment", "pk": 40070, "fields": {"valuePayment": 163742, "datePayment": "2020-05-07 00:00:00", "facturaPayment": 2020}}, {"model": "payments.payment", "pk": 40071, "fields": {"valuePayment": 243846, "datePayment": "2020-01-04 00:00:00", "facturaPayment": 2021}}, {"model": "payments.payment", "pk": 40072, "fields": {"valuePayment": 192603, "datePayment": "2020-02-06 00:00:00", "facturaPayment": 2022}}, {"model": "payments.payment", "pk": 40073, "fields": {"valuePayment": 151962, "datePayment": "2020-03-04 00:00:00", "facturaPayment": 2023}}, {"model": "payments.payment", "pk": 40074, "fields": {"valuePayment": 203205, "datePayment": "2020-04-08 00:00:00", "facturaPayment": 2024}}, {"model": "payments.payment", "pk": 40075, "fields": {"valuePayment": 223231, "datePayment": "2020-05-03 00:00:00", "facturaPayment": 2025}}, {"model": "payments.payment", "pk": 40076, "fields": {"valuePayment": 186124, "datePayment": "2020-01-07 00:00:00", "facturaPayment": 2026}}, {"model": "payments.payment", "pk": 40077, "fields": {"valuePayment": 155496, "datePayment": "2020-02-02 00:00:00", "facturaPayment": 2027}}, {"model": "payments.payment", "pk": 40078, "fields": {"valuePayment": 269173, "datePayment": "2020-03-07 00:00:00", "facturaPayment": 2028}}, {"model": "payments.payment", "pk": 40079, "fields": {"valuePayment": 176111, "datePayment": "2020-04-08 00:00:00", "facturaPayment": 2029}}, {"model": "payments.payment", "pk": 40080, "fields": {"valuePayment": 248558, "datePayment": "2020-05-06 00:00:00", "facturaPayment": 2030}}, {"model": "payments.payment", "pk": 40081, "fields": {"valuePayment": 139622.44999999998, "datePayment": "2020-01-04 00:00:00", "facturaPayment": 2031}}, {"model": "payments.payment", "pk": 40082, "fields": {"valuePayment": 118418.45, "datePayment": "2020-02-08 00:00:00", "facturaPayment": 2032}}, {"model": "payments.payment", "pk": 40083, "fields": {"valuePayment": 125486.45, "datePayment": "2020-03-02 00:00:00", "facturaPayment": 2033}}, {"model": "payments.payment", "pk": 40084, "fields": {"valuePayment": 153758.44999999998, "datePayment": "2020-04-06 00:00:00", "facturaPayment": 2034}}, {"model": "payments.payment", "pk": 40085, "fields": {"valuePayment": 90146.45, "datePayment": "2020-05-05 00:00:00", "facturaPayment": 2035}}, {"model": "payments.payment", "pk": 40086, "fields": {"valuePayment": 187920.44999999998, "datePayment": "2020-01-03 00:00:00", "facturaPayment": 2036}}, {"model": "payments.payment", "pk": 40087, "fields": {"valuePayment": 153758.44999999998, "datePayment": "2020-02-01 00:00:00", "facturaPayment": 2037}}, {"model": "payments.payment", "pk": 40088, "fields": {"valuePayment": 278037.44999999995, "datePayment": "2020-03-08 00:00:00", "facturaPayment": 2038}}, {"model": "payments.payment", "pk": 40089, "fields": {"valuePayment": 176729.44999999998, "datePayment": "2020-04-05 00:00:00", "facturaPayment": 2039}}, {"model": "payments.payment", "pk": 40090, "fields": {"valuePayment": 255655.44999999998, "datePayment": "2020-05-09 00:00:00", "facturaPayment": 2040}}, {"model": "payments.payment", "pk": 40091, "fields": {"valuePayment": 211451, "datePayment": "2020-01-02 00:00:00", "facturaPayment": 2041}}, {"model": "payments.payment", "pk": 40092, "fields": {"valuePayment": 158441, "datePayment": "2020-02-05 00:00:00", "facturaPayment": 2042}}, {"model": "payments.payment", "pk": 40093, "fields": {"valuePayment": 253859, "datePayment": "2020-03-08 00:00:00", "facturaPayment": 2043}}, {"model": "payments.payment", "pk": 40094, "fields": {"valuePayment": 232655, "datePayment": "2020-04-07 00:00:00", "facturaPayment": 2044}}, {"model": "payments.payment", "pk": 40095, "fields": {"valuePayment": 200849, "datePayment": "2020-05-05 00:00:00", "facturaPayment": 2045}}, {"model": "payments.payment", "pk": 40096, "fields": {"valuePayment": 193192, "datePayment": "2020-01-02 00:00:00", "facturaPayment": 2046}}, {"model": "payments.payment", "pk": 40097, "fields": {"valuePayment": 279186, "datePayment": "2020-02-05 00:00:00", "facturaPayment": 2047}}, {"model": "payments.payment", "pk": 40098, "fields": {"valuePayment": 257393, "datePayment": "2020-03-05 00:00:00", "facturaPayment": 2048}}, {"model": "payments.payment", "pk": 40099, "fields": {"valuePayment": 160797, "datePayment": "2020-04-09 00:00:00", "facturaPayment": 2049}}, {"model": "payments.payment", "pk": 40100, "fields": {"valuePayment": 182590, "datePayment": "2020-05-09 00:00:00", "facturaPayment": 2050}}]
