[
    {
      "model": "users.CustomUser",
      "pk": 1,
      "fields": {
        "id_user": "214936628",
        "name": "Cecilia Urquijo Barma",
        "email": "Cecilia@yahoo.com",
        "password": "pbkdf2_sha256$180000$JeoWpDXRIqjZ$2Q1HsOsrJRS4XwtHcuTbq9Zt8XockT9lvVZS+NkEhf8=",
        "phone": "3631328",
        "address": "Avenida 81A # 56 - 140",
        "neighborhood": "Llano verde",
        "is_active": true,
        "is_staff": false,
        "is_superuser": false
      }
    },
    {
      "model": "users.CustomUser",
      "pk": 2,
      "fields": {
        "id_user": "579401757",
        "name": "Teófilo Egusquiza Madariaga",
        "email": "Teofilo@hotmail.com",
        "password": "pbkdf2_sha256$180000$oZpVJpdDw1GQ$mhDGAa+Z39rUO1JNQeHdKDf2TtfFeVYtt6L6JhXoNag=",
        "phone": "3484394",
        "address": "Carrera 90E # 9 - 113",
        "neighborhood": "Sindical",
        "is_active": true,
        "is_staff": false,
        "is_superuser": false
      }
    },
    {
      "model": "users.CustomUser",
      "pk": 3,
      "fields": {
        "id_user": "679835756",
        "name": "Pancracio Ispuzua Chave",
        "email": "Pancracio@yahoo.com",
        "password": "pbkdf2_sha256$180000$QswsmZs663Kj$BOts/BEmR1qh+ab9DTnetIkHSFTzTsZ0QPi0TmIh0YU=",
        "phone": "4683373",
        "address": "Transversal 27D # 58 - 90",
        "neighborhood": "Calima",
        "is_active": true,
        "is_staff": false,
        "is_superuser": false
      }
    },
    {
      "model": "users.CustomUser",
      "pk": 4,
      "fields": {
        "id_user": "1093506705",
        "name": "Celeste Ganzo Vicente",
        "email": "Celeste@gmail.com",
        "password": "pbkdf2_sha256$180000$GLK0B8n32Sij$W932OZ/RnnwtgYsh7xxTAqzwl/8d5NL+JTY6tnbAtx8=",
        "phone": "3305571",
        "address": "Carrera 94C # 39 - 165",
        "neighborhood": "Sindical",
        "is_active": true,
        "is_staff": false,
        "is_superuser": false
      }
    },
    {
      "model": "users.CustomUser",
      "pk": 5,
      "fields": {
        "id_user": "176668976",
        "name": "Luis Valino Vango",
        "email": "Luis@gmail.com",
        "password": "pbkdf2_sha256$180000$fyxvsIo5a2ei$ZUKryfar6O+l+dWwdGEgaELnSH/c5v6TONfml7HVpB0=",
        "phone": "3799080",
        "address": "Transversal 90A # 27 - 139",
        "neighborhood": "Aguablanca",
        "is_active": true,
        "is_staff": false,
        "is_superuser": false
      }
    },
    {
      "model": "users.CustomUser",
      "pk": 6,
      "fields": {
        "id_user": "405615889",
        "name": "Florencia Cucho Ahedo",
        "email": "Florencia@yahoo.com",
        "password": "pbkdf2_sha256$180000$DbA2ePFgWzCL$FN68YqWET2fZiOowl2RWhw19xHOdVD2B+L+5IlI932Q=",
        "phone": "4103124",
        "address": "Avenida 85C # 99 - 145",
        "neighborhood": "El bronx",
        "is_active": true,
        "is_staff": false,
        "is_superuser": false
      }
    },
    {
      "model": "users.CustomUser",
      "pk": 7,
      "fields": {
        "id_user": "402732996",
        "name": "Mariano Mogrovejo Gante",
        "email": "Mariano@yahoo.com",
        "password": "pbkdf2_sha256$180000$2DnJlafkIsAP$czL09E0GUqhKpKRXTzq/I9YiRiTTece79aAPBZdXv9Q=",
        "phone": "3950722",
        "address": "Calle 58B # 77 - 143",
        "neighborhood": "Sindical",
        "is_active": true,
        "is_staff": false,
        "is_superuser": false
      }
    },
    {
      "model": "users.CustomUser",
      "pk": 8,
      "fields": {
        "id_user": "379761446",
        "name": "Angélica Ter Tosantos",
        "email": "Angelica@gmail.com",
        "password": "pbkdf2_sha256$180000$Io10AJJaXHrg$1DrXRehEIC/zy9rURYOVL8KpmG++Mf6EfW9ZZs99VHQ=",
        "phone": "3610718",
        "address": "Avenida 76B # 16 - 184",
        "neighborhood": "Manuela Beltran",
        "is_active": true,
        "is_staff": false,
        "is_superuser": false
      }
    },
    {
      "model": "users.CustomUser",
      "pk": 9,
      "fields": {
        "id_user": "163988376",
        "name": "Antonio Incera Fontoria",
        "email": "Antonio@yahoo.com",
        "password": "pbkdf2_sha256$180000$eHuvsTTcxHkk$ypryVjxKzVSvYhN1nTlkX3Phf+WgsFDBlm8c4OLfyeo=",
        "phone": "3265577",
        "address": "Transversal 87A # 43 - 182",
        "neighborhood": "Sindical",
        "is_active": true,
        "is_staff": false,
        "is_superuser": false
      }
    },
    {
      "model": "users.CustomUser",
      "pk": 10,
      "fields": {
        "id_user": "784400889",
        "name": "Lupita Soret Garmendia",
        "email": "Lupita@yahoo.com",
        "password": "pbkdf2_sha256$180000$4wiKMSdL9PYO$PvScKi1z/mMMbop4VZJtrSjsN/sew/sLw51KtCmyvk4=",
        "phone": "3614006",
        "address": "Calle 24D # 53 - 119",
        "neighborhood": "El bronx",
        "is_active": true,
        "is_staff": false,
        "is_superuser": false
      }
    },
    {
      "model": "users.CustomUser",
      "pk": 11,
      "fields": {
        "id_user": "1144189914",
        "name": "Esneider Manzano",
        "email": "esneider@gmail.com",
        "password": "pbkdf2_sha256$180000$W4DSmgbKj7dK$s6p1mSZZ7bhhcbaKuQxpXLN8QP03eGULkW9/Rd+819w=",
        "phone": "4455971",
        "address": "cra28 C # 54-123",
        "neighborhood": "sindical",
        "is_active": true,
        "is_staff": true,
        "is_superuser": false
      }
    },
    {
      "model": "users.CustomUser",
      "pk": 12,
      "fields": {
        "id_user": "1144189915",
        "name": "Luis de Huevosalva",
        "email": "luis@gmail.com",
        "password": "pbkdf2_sha256$180000$W4DSmgbKj7dK$s6p1mSZZ7bhhcbaKuQxpXLN8QP03eGULkW9/Rd+819w=",
        "phone": "4455972",
        "address": "cra28 C # 54-124",
        "neighborhood": "sindical",
        "is_active": true,
        "is_staff": true,
        "is_superuser": false
      }
    },
    {
      "model": "users.CustomUser",
      "pk": 13,
      "fields": {
        "id_user": "1144189910",
        "name": "Taborda",
        "email": "taborda@gmail.com",
        "password": "pbkdf2_sha256$180000$W4DSmgbKj7dK$s6p1mSZZ7bhhcbaKuQxpXLN8QP03eGULkW9/Rd+819w=",
        "phone": "4455970",
        "address": "cra28 C # 54-127",
        "neighborhood": "sindical",
        "is_active": true,
        "is_staff": true,
        "is_superuser": false
      }
    },
    {
      "model": "users.Worker",
      "pk": 1,
      "fields": {
        "user": 11,
        "user_type": 1
      }
    },
    {
      "model": "users.Worker",
      "pk": 2,
      "fields": {
        "user": 12,
        "user_type": 2
      }
    },
    {
      "model": "users.Worker",
      "pk": 3,
      "fields": {
        "user": 13,
        "user_type": 3
      }
    },
    {
      "model": "users.Client",
      "pk": 1,
      "fields": {
        "user": 1,
        "type_client": 1
      }
    },
    {
      "model": "users.Client",
      "pk": 2,
      "fields": {
        "user": 2,
        "type_client": 1
      }
    },
    {
      "model": "users.Client",
      "pk": 3,
      "fields": {
        "user": 3,
        "type_client": 1
      }
    },
    {
      "model": "users.Client",
      "pk": 4,
      "fields": {
        "user": 4,
        "type_client": 1
      }
    },
    {
      "model": "users.Client",
      "pk": 5,
      "fields": {
        "user": 5,
        "type_client": 1
      }
    },
    {
      "model": "users.Client",
      "pk": 6,
      "fields": {
        "user": 6,
        "type_client": 1
      }
    },
    {
      "model": "users.Client",
      "pk": 7,
      "fields": {
        "user": 7,
        "type_client": 1
      }
    },
    {
      "model": "users.Client",
      "pk": 8,
      "fields": {
        "user": 8,
        "type_client": 1
      }
    },
    {
      "model": "users.Client",
      "pk": 9,
      "fields": {
        "user": 9,
        "type_client": 1
      }
    },
    {
      "model": "users.Client",
      "pk": 10,
      "fields": {
        "user": 10,
        "type_client": 1
      }
    },
    {
      "model": "energytransfers.substation",
      "pk": 1,
      "fields": {
        "latitudeSubstation": "3.372908",
        "lengthSubstation": "-76.532479",
        "is_active": true
      }
    },
    {
      "model": "energytransfers.substation",
      "pk": 2,
      "fields": {
        "latitudeSubstation": "3.428119",
        "lengthSubstation": "-76.479726",
        "is_active": true
      }
    },
    {
      "model": "energytransfers.substation",
      "pk": 3,
      "fields": {
        "latitudeSubstation": "3.425783",
        "lengthSubstation": "-76.508505",
        "is_active": true
      }
    },
    {
      "model": "energytransfers.substation",
      "pk": 4,
      "fields": {
        "latitudeSubstation": "3.456173",
        "lengthSubstation": "-76.532861",
        "is_active": true
      }
    },
    {
      "model": "energytransfers.substation",
      "pk": 5,
      "fields": {
        "latitudeSubstation": "3.467536",
        "lengthSubstation": "-76.495797",
        "is_active": true
      }
    },
    {
      "model": "energytransfers.transformator",
      "pk": 1,
      "fields": {
        "latitudeTransformator": "3.395716",
        "lengthTransformator": "-76.54822",
        "is_active": true,
        "substationTransformator": 1
      }
    },
    {
      "model": "energytransfers.transformator",
      "pk": 2,
      "fields": {
        "latitudeTransformator": "3.380439",
        "lengthTransformator": "-76.54449",
        "is_active": true,
        "substationTransformator": 1
      }
    },
    {
      "model": "energytransfers.transformator",
      "pk": 3,
      "fields": {
        "latitudeTransformator": "3.42622",
        "lengthTransformator": "-76.480782",
        "is_active": true,
        "substationTransformator": 2
      }
    },
    {
      "model": "energytransfers.transformator",
      "pk": 4,
      "fields": {
        "latitudeTransformator": "3.418405",
        "lengthTransformator": "-76.471679",
        "is_active": true,
        "substationTransformator": 2
      }
    },
    {
      "model": "energytransfers.transformator",
      "pk": 5,
      "fields": {
        "latitudeTransformator": "3.427807",
        "lengthTransformator": "-76.50048",
        "is_active": true,
        "substationTransformator": 3
      }
    },
    {
      "model": "energytransfers.transformator",
      "pk": 6,
      "fields": {
        "latitudeTransformator": "3.433637",
        "lengthTransformator": "-76.504623",
        "is_active": true,
        "substationTransformator": 3
      }
    },
    {
      "model": "energytransfers.transformator",
      "pk": 7,
      "fields": {
        "latitudeTransformator": "3.44834",
        "lengthTransformator": "-76.538648",
        "is_active": true,
        "substationTransformator": 4
      }
    },
    {
      "model": "energytransfers.transformator",
      "pk": 8,
      "fields": {
        "latitudeTransformator": "3.448628",
        "lengthTransformator": "-76.523636",
        "is_active": true,
        "substationTransformator": 4
      }
    },
    {
      "model": "energytransfers.transformator",
      "pk": 9,
      "fields": {
        "latitudeTransformator": "3.465657",
        "lengthTransformator": "-76.500669",
        "is_active": true,
        "substationTransformator": 5
      }
    },
    {
      "model": "energytransfers.transformator",
      "pk": 10,
      "fields": {
        "latitudeTransformator": "3.484713",
        "lengthTransformator": "-76.497644",
        "is_active": true,
        "substationTransformator": 5
      }
    },
    {
      "model": "energytransfers.counter",
      "pk": 1,
      "fields": {
        "latitudeCounter": "3.4613754609402134",
        "lengthCounter": "-76.50162220001222",
        "value": 1490,
        "is_active": true,
        "addressCounter": "Carrera 5 # 14-4",
        "stratum": 1,
        "transformatorCounter": 9
      }
    },
    {
      "model": "energytransfers.counter",
      "pk": 2,
      "fields": {
        "latitudeCounter": "3.463560148219834",
        "lengthCounter": "-76.49715900421144",
        "value": 1523,
        "is_active": true,
        "addressCounter": "Carrera 5 con calle 56",
        "stratum": 3,
        "transformatorCounter": 9
      }
    },
    {
      "model": "energytransfers.counter",
      "pk": 3,
      "fields": {
        "latitudeCounter": "3.468572058805507",
        "lengthCounter": "-76.50488376617432",
        "value": 1483,
        "is_active": true,
        "addressCounter": "Carrera 2 # 45",
        "stratum": 2,
        "transformatorCounter": 9
      }
    },
    {
      "model": "energytransfers.counter",
      "pk": 4,
      "fields": {
        "latitudeCounter": "3.4810374646865485",
        "lengthCounter": "-76.49346828460695",
        "value": 1425,
        "is_active": true,
        "addressCounter": "Calle 66A #43",
        "stratum": 6,
        "transformatorCounter": 10
      }
    },
    {
      "model": "energytransfers.counter",
      "pk": 5,
      "fields": {
        "latitudeCounter": "3.488105405079248",
        "lengthCounter": "-76.49904727935792",
        "value": 1532,
        "is_active": true,
        "addressCounter": "Calle 71 #42",
        "stratum": 4,
        "transformatorCounter": 10
      }
    },
    {
      "model": "energytransfers.counter",
      "pk": 6,
      "fields": {
        "latitudeCounter": "3.4357371374880414",
        "lengthCounter": "-76.5101408958435",
        "value": 1018,
        "is_active": true,
        "addressCounter": "Carrera 24 #4B",
        "stratum": 4,
        "transformatorCounter": 6
      }
    },
    {
      "model": "energytransfers.counter",
      "pk": 7,
      "fields": {
        "latitudeCounter": "3.437086540149677",
        "lengthCounter": "-76.504282951355",
        "value": 1128,
        "is_active": true,
        "addressCounter": "Carrera 24C #10",
        "stratum": 3,
        "transformatorCounter": 6
      }
    },
    {
      "model": "energytransfers.counter",
      "pk": 8,
      "fields": {
        "latitudeCounter": "3.4278120357529867",
        "lengthCounter": "-76.4970088005066",
        "value": 1639,
        "is_active": true,
        "addressCounter": "Carrera 28B #9",
        "stratum": 3,
        "transformatorCounter": 5
      }
    },
    {
      "model": "energytransfers.counter",
      "pk": 9,
      "fields": {
        "latitudeCounter": "3.4380932361303143",
        "lengthCounter": "-76.49919748306276",
        "value": 1206,
        "is_active": true,
        "addressCounter": "Carrera 25 #33-17",
        "stratum": 5,
        "transformatorCounter": 6
      }
    },
    {
      "model": "energytransfers.counter",
      "pk": 10,
      "fields": {
        "latitudeCounter": "3.4223072642741497",
        "lengthCounter": "-76.50091409683229",
        "value": 1532,
        "is_active": false,
        "addressCounter": "Carrera 29A #12-89",
        "stratum": 4,
        "transformatorCounter": 5
      }
    },
    {
      "model": "energytransfers.history",
      "pk": 1,
      "fields": {
        "current": 357,
        "consumption": 357,
        "registryHistory": "2019-12-31",
        "counter": 1
      }
    },
    {
      "model": "energytransfers.history",
      "pk": 2,
      "fields": {
        "current": 640,
        "consumption": 283,
        "registryHistory": "2020-01-31",
        "counter": 1
      }
    },
    {
      "model": "energytransfers.history",
      "pk": 3,
      "fields": {
        "current": 938,
        "consumption": 298,
        "registryHistory": "2020-02-29",
        "counter": 1
      }
    },
    {
      "model": "energytransfers.history",
      "pk": 4,
      "fields": {
        "current": 1161,
        "consumption": 223,
        "registryHistory": "2020-03-31",
        "counter": 1
      }
    },
    {
      "model": "energytransfers.history",
      "pk": 5,
      "fields": {
        "current": 1488,
        "consumption": 327,
        "registryHistory": "2020-04-30",
        "counter": 1
      }
    },
    {
      "model": "energytransfers.history",
      "pk": 6,
      "fields": {
        "current": 365,
        "consumption": 365,
        "registryHistory": "2019-12-31",
        "counter": 2
      }
    },
    {
      "model": "energytransfers.history",
      "pk": 7,
      "fields": {
        "current": 593,
        "consumption": 228,
        "registryHistory": "2020-01-31",
        "counter": 2
      }
    },
    {
      "model": "energytransfers.history",
      "pk": 8,
      "fields": {
        "current": 988,
        "consumption": 395,
        "registryHistory": "2020-02-29",
        "counter": 2
      }
    },
    {
      "model": "energytransfers.history",
      "pk": 9,
      "fields": {
        "current": 1246,
        "consumption": 258,
        "registryHistory": "2020-03-31",
        "counter": 2
      }
    },
    {
      "model": "energytransfers.history",
      "pk": 10,
      "fields": {
        "current": 1520,
        "consumption": 274,
        "registryHistory": "2020-04-30",
        "counter": 2
      }
    },
    {
      "model": "energytransfers.history",
      "pk": 11,
      "fields": {
        "current": 296,
        "consumption": 296,
        "registryHistory": "2019-12-31",
        "counter": 3
      }
    },
    {
      "model": "energytransfers.history",
      "pk": 12,
      "fields": {
        "current": 622,
        "consumption": 326,
        "registryHistory": "2020-01-31",
        "counter": 3
      }
    },
    {
      "model": "energytransfers.history",
      "pk": 13,
      "fields": {
        "current": 903,
        "consumption": 281,
        "registryHistory": "2020-02-29",
        "counter": 3
      }
    },
    {
      "model": "energytransfers.history",
      "pk": 14,
      "fields": {
        "current": 1258,
        "consumption": 355,
        "registryHistory": "2020-03-31",
        "counter": 3
      }
    },
    {
      "model": "energytransfers.history",
      "pk": 15,
      "fields": {
        "current": 1480,
        "consumption": 222,
        "registryHistory": "2020-04-30",
        "counter": 3
      }
    },
    {
      "model": "energytransfers.history",
      "pk": 16,
      "fields": {
        "current": 213,
        "consumption": 213,
        "registryHistory": "2019-12-31",
        "counter": 4
      }
    },
    {
      "model": "energytransfers.history",
      "pk": 17,
      "fields": {
        "current": 469,
        "consumption": 256,
        "registryHistory": "2020-01-31",
        "counter": 4
      }
    },
    {
      "model": "energytransfers.history",
      "pk": 18,
      "fields": {
        "current": 811,
        "consumption": 342,
        "registryHistory": "2020-02-29",
        "counter": 4
      }
    },
    {
      "model": "energytransfers.history",
      "pk": 19,
      "fields": {
        "current": 1053,
        "consumption": 242,
        "registryHistory": "2020-03-31",
        "counter": 4
      }
    },
    {
      "model": "energytransfers.history",
      "pk": 20,
      "fields": {
        "current": 1423,
        "consumption": 370,
        "registryHistory": "2020-04-30",
        "counter": 4
      }
    },
    {
      "model": "energytransfers.history",
      "pk": 21,
      "fields": {
        "current": 306,
        "consumption": 306,
        "registryHistory": "2019-12-31",
        "counter": 5
      }
    },
    {
      "model": "energytransfers.history",
      "pk": 22,
      "fields": {
        "current": 673,
        "consumption": 367,
        "registryHistory": "2020-01-31",
        "counter": 5
      }
    },
    {
      "model": "energytransfers.history",
      "pk": 23,
      "fields": {
        "current": 902,
        "consumption": 229,
        "registryHistory": "2020-02-29",
        "counter": 5
      }
    },
    {
      "model": "energytransfers.history",
      "pk": 24,
      "fields": {
        "current": 1239,
        "consumption": 337,
        "registryHistory": "2020-03-31",
        "counter": 5
      }
    },
    {
      "model": "energytransfers.history",
      "pk": 25,
      "fields": {
        "current": 1530,
        "consumption": 291,
        "registryHistory": "2020-04-30",
        "counter": 5
      }
    },
    {
      "model": "energytransfers.history",
      "pk": 26,
      "fields": {
        "current": 183,
        "consumption": 183,
        "registryHistory": "2019-12-31",
        "counter": 6
      }
    },
    {
      "model": "energytransfers.history",
      "pk": 27,
      "fields": {
        "current": 335,
        "consumption": 152,
        "registryHistory": "2020-01-31",
        "counter": 6
      }
    },
    {
      "model": "energytransfers.history",
      "pk": 28,
      "fields": {
        "current": 508,
        "consumption": 173,
        "registryHistory": "2020-02-29",
        "counter": 6
      }
    },
    {
      "model": "energytransfers.history",
      "pk": 29,
      "fields": {
        "current": 752,
        "consumption": 244,
        "registryHistory": "2020-03-31",
        "counter": 6
      }
    },
    {
      "model": "energytransfers.history",
      "pk": 30,
      "fields": {
        "current": 1016,
        "consumption": 264,
        "registryHistory": "2020-04-30",
        "counter": 6
      }
    },
    {
      "model": "energytransfers.history",
      "pk": 31,
      "fields": {
        "current": 248,
        "consumption": 248,
        "registryHistory": "2019-12-31",
        "counter": 7
      }
    },
    {
      "model": "energytransfers.history",
      "pk": 32,
      "fields": {
        "current": 462,
        "consumption": 214,
        "registryHistory": "2020-01-31",
        "counter": 7
      }
    },
    {
      "model": "energytransfers.history",
      "pk": 33,
      "fields": {
        "current": 687,
        "consumption": 225,
        "registryHistory": "2020-02-29",
        "counter": 7
      }
    },
    {
      "model": "energytransfers.history",
      "pk": 34,
      "fields": {
        "current": 957,
        "consumption": 270,
        "registryHistory": "2020-03-31",
        "counter": 7
      }
    },
    {
      "model": "energytransfers.history",
      "pk": 35,
      "fields": {
        "current": 1126,
        "consumption": 169,
        "registryHistory": "2020-04-30",
        "counter": 7
      }
    },
    {
      "model": "energytransfers.history",
      "pk": 36,
      "fields": {
        "current": 295,
        "consumption": 295,
        "registryHistory": "2019-12-31",
        "counter": 8
      }
    },
    {
      "model": "energytransfers.history",
      "pk": 37,
      "fields": {
        "current": 573,
        "consumption": 278,
        "registryHistory": "2020-01-31",
        "counter": 8
      }
    },
    {
      "model": "energytransfers.history",
      "pk": 38,
      "fields": {
        "current": 999,
        "consumption": 426,
        "registryHistory": "2020-02-29",
        "counter": 8
      }
    },
    {
      "model": "energytransfers.history",
      "pk": 39,
      "fields": {
        "current": 1244,
        "consumption": 245,
        "registryHistory": "2020-03-31",
        "counter": 8
      }
    },
    {
      "model": "energytransfers.history",
      "pk": 40,
      "fields": {
        "current": 1637,
        "consumption": 393,
        "registryHistory": "2020-04-30",
        "counter": 8
      }
    },
    {
      "model": "energytransfers.history",
      "pk": 41,
      "fields": {
        "current": 265,
        "consumption": 265,
        "registryHistory": "2019-12-31",
        "counter": 9
      }
    },
    {
      "model": "energytransfers.history",
      "pk": 42,
      "fields": {
        "current": 554,
        "consumption": 289,
        "registryHistory": "2020-01-31",
        "counter": 9
      }
    },
    {
      "model": "energytransfers.history",
      "pk": 43,
      "fields": {
        "current": 795,
        "consumption": 241,
        "registryHistory": "2020-02-29",
        "counter": 9
      }
    },
    {
      "model": "energytransfers.history",
      "pk": 44,
      "fields": {
        "current": 1024,
        "consumption": 229,
        "registryHistory": "2020-03-31",
        "counter": 9
      }
    },
    {
      "model": "energytransfers.history",
      "pk": 45,
      "fields": {
        "current": 1204,
        "consumption": 180,
        "registryHistory": "2020-04-30",
        "counter": 9
      }
    },
    {
      "model": "energytransfers.history",
      "pk": 46,
      "fields": {
        "current": 398,
        "consumption": 398,
        "registryHistory": "2019-12-31",
        "counter": 10
      }
    },
    {
      "model": "energytransfers.history",
      "pk": 47,
      "fields": {
        "current": 673,
        "consumption": 275,
        "registryHistory": "2020-01-31",
        "counter": 10
      }
    },
    {
      "model": "energytransfers.history",
      "pk": 48,
      "fields": {
        "current": 1040,
        "consumption": 367,
        "registryHistory": "2020-02-29",
        "counter": 10
      }
    },
    {
      "model": "energytransfers.history",
      "pk": 49,
      "fields": {
        "current": 1269,
        "consumption": 229,
        "registryHistory": "2020-03-31",
        "counter": 10
      }
    },
    {
      "model": "energytransfers.history",
      "pk": 50,
      "fields": {
        "current": 1529,
        "consumption": 260,
        "registryHistory": "2020-04-30",
        "counter": 10
      }
    },
    {
      "model": "contract.contract",
      "pk": 20200515,
      "fields": {
        "interes_mora": 0,
        "client": 1,
        "counter": 1
      }
    },
    {
      "model": "contract.contract",
      "pk": 20200516,
      "fields": {
        "interes_mora": 0,
        "client": 2,
        "counter": 2
      }
    },
    {
      "model": "contract.contract",
      "pk": 20200517,
      "fields": {
        "interes_mora": 0,
        "client": 3,
        "counter": 3
      }
    },
    {
      "model": "contract.contract",
      "pk": 20200518,
      "fields": {
        "interes_mora": 0,
        "client": 4,
        "counter": 4
      }
    },
    {
      "model": "contract.contract",
      "pk": 20200519,
      "fields": {
        "interes_mora": 0,
        "client": 5,
        "counter": 5
      }
    },
    {
      "model": "contract.contract",
      "pk": 20200520,
      "fields": {
        "interes_mora": 0,
        "client": 6,
        "counter": 6
      }
    },
    {
      "model": "contract.contract",
      "pk": 20200521,
      "fields": {
        "interes_mora": 0.09,
        "client": 7,
        "counter": 7
      }
    },
    {
      "model": "contract.contract",
      "pk": 20200522,
      "fields": {
        "interes_mora": 0.1,
        "client": 8,
        "counter": 8
      }
    },
    {
      "model": "contract.contract",
      "pk": 20200523,
      "fields": {
        "interes_mora": 0,
        "client": 9,
        "counter": 9
      }
    },
    {
      "model": "contract.contract",
      "pk": 20200524,
      "fields": {
        "interes_mora": 0.3,
        "client": 10,
        "counter": 10
      }
    },
    {
      "model": "commercial.commercial",
      "pk": 1,
      "fields": {
        "urlCommercial": "https://firebasestorage.googleapis.com/v0/b/energy-corp.appspot.com/o/publicidad.png?alt=media&token=e29e85d8-4da3-42be-965d-32a0ddc5c201",
        "nameCommercial": "EnergyCop",
        "contractorCommercial": "EnergyCop",
        "resourceCommercial": "EnergyCop",
        "is_active": true
      }
    },
    {
      "model": "contract.Invoice",
      "pk": 2001,
      "fields": {
        "billingDate": "2019-12-31",
        "deadDatePay": "2020-01-10",
        "counter": 1,
        "address": "Carrera 5 # 14-4",
        "stratum": 1,
        "currentRecord": 357,
        "pastRecord": 0,
        "basicTake": 173,
        "remainder": 184,
        "unitaryValue": 589,
        "interestMora": 0,
        "totalMora": 0.0,
        "overdue": 0.0,
        "intakes": "12-357",
        "referencecodeInvoice": "202004301759309261533497726",
        "total": 149134.8,
        "stateInvoice": true,
        "is_active": false,
        "contract": 20200515,
        "publicity": 1
      }
    },
    {
      "model": "contract.Invoice",
      "pk": 2002,
      "fields": {
        "billingDate": "2020-01-31",
        "deadDatePay": "2020-02-10",
        "counter": 1,
        "address": "Carrera 5 # 14-4",
        "stratum": 1,
        "currentRecord": 640,
        "pastRecord": 357,
        "basicTake": 173,
        "remainder": 110,
        "unitaryValue": 589,
        "interestMora": 0,
        "totalMora": 0.0,
        "overdue": 0.0,
        "intakes": "1-283,12-357",
        "referencecodeInvoice": "202004301759417261538337947",
        "total": 105548.79999999999,
        "stateInvoice": true,
        "is_active": false,
        "contract": 20200515,
        "publicity": 1
      }
    },
    {
      "model": "contract.Invoice",
      "pk": 2003,
      "fields": {
        "billingDate": "2020-02-29",
        "deadDatePay": "2020-03-10",
        "counter": 1,
        "address": "Carrera 5 # 14-4",
        "stratum": 1,
        "currentRecord": 938,
        "pastRecord": 640,
        "basicTake": 173,
        "remainder": 125,
        "unitaryValue": 589,
        "interestMora": 0,
        "totalMora": 0.0,
        "overdue": 0.0,
        "intakes": "2-298,1-283,12-357",
        "referencecodeInvoice": "202004301759393261538336422",
        "total": 114383.79999999999,
        "stateInvoice": true,
        "is_active": false,
        "contract": 20200515,
        "publicity": 1
      }
    },
    {
      "model": "contract.Invoice",
      "pk": 2004,
      "fields": {
        "billingDate": "2020-03-31",
        "deadDatePay": "2020-04-10",
        "counter": 1,
        "address": "Carrera 5 # 14-4",
        "stratum": 1,
        "currentRecord": 1161,
        "pastRecord": 938,
        "basicTake": 173,
        "remainder": 50,
        "unitaryValue": 589,
        "interestMora": 0,
        "totalMora": 0.0,
        "overdue": 0.0,
        "intakes": "3-223,2-298,1-283,12-357",
        "referencecodeInvoice": "202004301759419261539570345",
        "total": 70208.8,
        "stateInvoice": true,
        "is_active": false,
        "contract": 20200515,
        "publicity": 1
      }
    },
    {
      "model": "contract.Invoice",
      "pk": 2005,
      "fields": {
        "billingDate": "2020-04-30",
        "deadDatePay": "2020-05-10",
        "counter": 1,
        "address": "Carrera 5 # 14-4",
        "stratum": 1,
        "currentRecord": 1488,
        "pastRecord": 1161,
        "basicTake": 173,
        "remainder": 154,
        "unitaryValue": 589,
        "interestMora": 0,
        "totalMora": 0.0,
        "overdue": 0.0,
        "intakes": "4-327,3-223,2-298,1-283,12-357",
        "referencecodeInvoice": "202004301759319261532975214",
        "total": 131464.8,
        "stateInvoice": true,
        "is_active": true,
        "contract": 20200515,
        "publicity": 1
      }
    },
    {
      "model": "contract.Invoice",
      "pk": 2006,
      "fields": {
        "billingDate": "2019-12-31",
        "deadDatePay": "2020-01-10",
        "counter": 2,
        "address": "Carrera 5 con calle 56",
        "stratum": 3,
        "currentRecord": 365,
        "pastRecord": 0,
        "basicTake": 173,
        "remainder": 192,
        "unitaryValue": 589,
        "interestMora": 0,
        "totalMora": 0.0,
        "overdue": 0.0,
        "intakes": "12-365",
        "referencecodeInvoice": "202004301759294261534898282",
        "total": 199700.44999999998,
        "stateInvoice": true,
        "is_active": false,
        "contract": 20200516,
        "publicity": 1
      }
    },
    {
      "model": "contract.Invoice",
      "pk": 2007,
      "fields": {
        "billingDate": "2020-01-31",
        "deadDatePay": "2020-02-10",
        "counter": 2,
        "address": "Carrera 5 con calle 56",
        "stratum": 3,
        "currentRecord": 593,
        "pastRecord": 365,
        "basicTake": 173,
        "remainder": 55,
        "unitaryValue": 589,
        "interestMora": 0,
        "totalMora": 0.0,
        "overdue": 0.0,
        "intakes": "1-228,12-365",
        "referencecodeInvoice": "202004301759424261533641302",
        "total": 119007.45,
        "stateInvoice": true,
        "is_active": false,
        "contract": 20200516,
        "publicity": 1
      }
    },
    {
      "model": "contract.Invoice",
      "pk": 2008,
      "fields": {
        "billingDate": "2020-02-29",
        "deadDatePay": "2020-03-10",
        "counter": 2,
        "address": "Carrera 5 con calle 56",
        "stratum": 3,
        "currentRecord": 988,
        "pastRecord": 593,
        "basicTake": 173,
        "remainder": 222,
        "unitaryValue": 589,
        "interestMora": 0,
        "totalMora": 0.0,
        "overdue": 0.0,
        "intakes": "2-395,1-228,12-365",
        "referencecodeInvoice": "202004301759724261533197578",
        "total": 217370.44999999998,
        "stateInvoice": true,
        "is_active": false,
        "contract": 20200516,
        "publicity": 1
      }
    },
    {
      "model": "contract.Invoice",
      "pk": 2009,
      "fields": {
        "billingDate": "2020-03-31",
        "deadDatePay": "2020-04-10",
        "counter": 2,
        "address": "Carrera 5 con calle 56",
        "stratum": 3,
        "currentRecord": 1246,
        "pastRecord": 988,
        "basicTake": 173,
        "remainder": 85,
        "unitaryValue": 589,
        "interestMora": 0,
        "totalMora": 0.0,
        "overdue": 0.0,
        "intakes": "3-258,2-395,1-228,12-365",
        "referencecodeInvoice": "202004301759815261532801979",
        "total": 136677.44999999998,
        "stateInvoice": true,
        "is_active": false,
        "contract": 20200516,
        "publicity": 1
      }
    },
    {
      "model": "contract.Invoice",
      "pk": 2010,
      "fields": {
        "billingDate": "2020-04-30",
        "deadDatePay": "2020-05-10",
        "counter": 2,
        "address": "Carrera 5 con calle 56",
        "stratum": 3,
        "currentRecord": 1520,
        "pastRecord": 1246,
        "basicTake": 173,
        "remainder": 101,
        "unitaryValue": 589,
        "interestMora": 0,
        "totalMora": 0.0,
        "overdue": 0.0,
        "intakes": "4-274,3-258,2-395,1-228,12-365",
        "referencecodeInvoice": "202004301759817261536391195",
        "total": 146101.44999999998,
        "stateInvoice": true,
        "is_active": true,
        "contract": 20200516,
        "publicity": 1
      }
    },
    {
      "model": "contract.Invoice",
      "pk": 2011,
      "fields": {
        "billingDate": "2019-12-31",
        "deadDatePay": "2020-01-10",
        "counter": 3,
        "address": "Carrera 2 # 45",
        "stratum": 2,
        "currentRecord": 296,
        "pastRecord": 0,
        "basicTake": 173,
        "remainder": 123,
        "unitaryValue": 589,
        "interestMora": 0,
        "totalMora": 0.0,
        "overdue": 0.0,
        "intakes": "12-296",
        "referencecodeInvoice": "202004301759881261537202313",
        "total": 123395.5,
        "stateInvoice": true,
        "is_active": false,
        "contract": 20200517,
        "publicity": 1
      }
    },
    {
      "model": "contract.Invoice",
      "pk": 2012,
      "fields": {
        "billingDate": "2020-01-31",
        "deadDatePay": "2020-02-10",
        "counter": 3,
        "address": "Carrera 2 # 45",
        "stratum": 2,
        "currentRecord": 622,
        "pastRecord": 296,
        "basicTake": 173,
        "remainder": 153,
        "unitaryValue": 589,
        "interestMora": 0,
        "totalMora": 0.0,
        "overdue": 0.0,
        "intakes": "1-326,12-296",
        "referencecodeInvoice": "202004301759756261538970134",
        "total": 141065.5,
        "stateInvoice": true,
        "is_active": false,
        "contract": 20200517,
        "publicity": 1
      }
    },
    {
      "model": "contract.Invoice",
      "pk": 2013,
      "fields": {
        "billingDate": "2020-02-29",
        "deadDatePay": "2020-03-10",
        "counter": 3,
        "address": "Carrera 2 # 45",
        "stratum": 2,
        "currentRecord": 903,
        "pastRecord": 622,
        "basicTake": 173,
        "remainder": 108,
        "unitaryValue": 589,
        "interestMora": 0,
        "totalMora": 0.0,
        "overdue": 0.0,
        "intakes": "2-281,1-326,12-296",
        "referencecodeInvoice": "202004301759143261537412775",
        "total": 114560.5,
        "stateInvoice": true,
        "is_active": false,
        "contract": 20200517,
        "publicity": 1
      }
    },
    {
      "model": "contract.Invoice",
      "pk": 2014,
      "fields": {
        "billingDate": "2020-03-31",
        "deadDatePay": "2020-04-10",
        "counter": 3,
        "address": "Carrera 2 # 45",
        "stratum": 2,
        "currentRecord": 1258,
        "pastRecord": 903,
        "basicTake": 173,
        "remainder": 182,
        "unitaryValue": 589,
        "interestMora": 0,
        "totalMora": 0.0,
        "overdue": 0.0,
        "intakes": "3-355,2-281,1-326,12-296",
        "referencecodeInvoice": "202004301759466261533763956",
        "total": 158146.5,
        "stateInvoice": true,
        "is_active": false,
        "contract": 20200517,
        "publicity": 1
      }
    },
    {
      "model": "contract.Invoice",
      "pk": 2015,
      "fields": {
        "billingDate": "2020-04-30",
        "deadDatePay": "2020-05-10",
        "counter": 3,
        "address": "Carrera 2 # 45",
        "stratum": 2,
        "currentRecord": 1480,
        "pastRecord": 1258,
        "basicTake": 173,
        "remainder": 49,
        "unitaryValue": 589,
        "interestMora": 0,
        "totalMora": 0.0,
        "overdue": 0.0,
        "intakes": "4-222,3-355,2-281,1-326,12-296",
        "referencecodeInvoice": "202004301759441261537749081",
        "total": 79809.5,
        "stateInvoice": true,
        "is_active": true,
        "contract": 20200517,
        "publicity": 1
      }
    },
    {
      "model": "contract.Invoice",
      "pk": 2016,
      "fields": {
        "billingDate": "2019-12-31",
        "deadDatePay": "2020-01-10",
        "counter": 4,
        "address": "Calle 66A #43",
        "stratum": 6,
        "currentRecord": 213,
        "pastRecord": 0,
        "basicTake": 173,
        "remainder": 40,
        "unitaryValue": 589,
        "interestMora": 0,
        "totalMora": 0.0,
        "overdue": 0.0,
        "intakes": "12-213",
        "referencecodeInvoice": "202004301759973261533113495",
        "total": 125457,
        "stateInvoice": true,
        "is_active": false,
        "contract": 20200518,
        "publicity": 1
      }
    },
    {
      "model": "contract.Invoice",
      "pk": 2017,
      "fields": {
        "billingDate": "2020-01-31",
        "deadDatePay": "2020-02-10",
        "counter": 4,
        "address": "Calle 66A #43",
        "stratum": 6,
        "currentRecord": 469,
        "pastRecord": 213,
        "basicTake": 173,
        "remainder": 83,
        "unitaryValue": 589,
        "interestMora": 0,
        "totalMora": 0.0,
        "overdue": 0.0,
        "intakes": "1-256,12-213",
        "referencecodeInvoice": "202004301759977261539799197",
        "total": 150784,
        "stateInvoice": true,
        "is_active": false,
        "contract": 20200518,
        "publicity": 1
      }
    },
    {
      "model": "contract.Invoice",
      "pk": 2018,
      "fields": {
        "billingDate": "2020-02-29",
        "deadDatePay": "2020-03-10",
        "counter": 4,
        "address": "Calle 66A #43",
        "stratum": 6,
        "currentRecord": 811,
        "pastRecord": 469,
        "basicTake": 173,
        "remainder": 169,
        "unitaryValue": 589,
        "interestMora": 0,
        "totalMora": 0.0,
        "overdue": 0.0,
        "intakes": "2-342,1-256,12-213",
        "referencecodeInvoice": "202004301759529261538237878",
        "total": 201438,
        "stateInvoice": true,
        "is_active": false,
        "contract": 20200518,
        "publicity": 1
      }
    },
    {
      "model": "contract.Invoice",
      "pk": 2019,
      "fields": {
        "billingDate": "2020-03-31",
        "deadDatePay": "2020-04-10",
        "counter": 4,
        "address": "Calle 66A #43",
        "stratum": 6,
        "currentRecord": 1053,
        "pastRecord": 811,
        "basicTake": 173,
        "remainder": 69,
        "unitaryValue": 589,
        "interestMora": 0,
        "totalMora": 0.0,
        "overdue": 0.0,
        "intakes": "3-242,2-342,1-256,12-213",
        "referencecodeInvoice": "202004301759711261531655085",
        "total": 142538,
        "stateInvoice": true,
        "is_active": false,
        "contract": 20200518,
        "publicity": 1
      }
    },
    {
      "model": "contract.Invoice",
      "pk": 2020,
      "fields": {
        "billingDate": "2020-04-30",
        "deadDatePay": "2020-05-10",
        "counter": 4,
        "address": "Calle 66A #43",
        "stratum": 6,
        "currentRecord": 1423,
        "pastRecord": 1053,
        "basicTake": 173,
        "remainder": 197,
        "unitaryValue": 589,
        "interestMora": 0,
        "totalMora": 0.0,
        "overdue": 0.0,
        "intakes": "4-370,3-242,2-342,1-256,12-213",
        "referencecodeInvoice": "202004301759977261532105375",
        "total": 217930,
        "stateInvoice": true,
        "is_active": true,
        "contract": 20200518,
        "publicity": 1
      }
    },
    {
      "model": "contract.Invoice",
      "pk": 2021,
      "fields": {
        "billingDate": "2019-12-31",
        "deadDatePay": "2020-01-10",
        "counter": 5,
        "address": "Calle 71 #42",
        "stratum": 4,
        "currentRecord": 306,
        "pastRecord": 0,
        "basicTake": 173,
        "remainder": 133,
        "unitaryValue": 589,
        "interestMora": 0,
        "totalMora": 0.0,
        "overdue": 0.0,
        "intakes": "12-306",
        "referencecodeInvoice": "202004301759331261539776775",
        "total": 180234,
        "stateInvoice": true,
        "is_active": false,
        "contract": 20200519,
        "publicity": 1
      }
    },
    {
      "model": "contract.Invoice",
      "pk": 2022,
      "fields": {
        "billingDate": "2020-01-31",
        "deadDatePay": "2020-02-10",
        "counter": 5,
        "address": "Calle 71 #42",
        "stratum": 4,
        "currentRecord": 673,
        "pastRecord": 306,
        "basicTake": 173,
        "remainder": 194,
        "unitaryValue": 589,
        "interestMora": 0,
        "totalMora": 0.0,
        "overdue": 0.0,
        "intakes": "1-367,12-306",
        "referencecodeInvoice": "202004301759435261532698019",
        "total": 216163,
        "stateInvoice": true,
        "is_active": false,
        "contract": 20200519,
        "publicity": 1
      }
    },
    {
      "model": "contract.Invoice",
      "pk": 2023,
      "fields": {
        "billingDate": "2020-02-29",
        "deadDatePay": "2020-03-10",
        "counter": 5,
        "address": "Calle 71 #42",
        "stratum": 4,
        "currentRecord": 902,
        "pastRecord": 673,
        "basicTake": 173,
        "remainder": 56,
        "unitaryValue": 589,
        "interestMora": 0,
        "totalMora": 0.0,
        "overdue": 0.0,
        "intakes": "2-229,1-367,12-306",
        "referencecodeInvoice": "202004301759252261539636910",
        "total": 134881,
        "stateInvoice": true,
        "is_active": false,
        "contract": 20200519,
        "publicity": 1
      }
    },
    {
      "model": "contract.Invoice",
      "pk": 2024,
      "fields": {
        "billingDate": "2020-03-31",
        "deadDatePay": "2020-04-10",
        "counter": 5,
        "address": "Calle 71 #42",
        "stratum": 4,
        "currentRecord": 1239,
        "pastRecord": 902,
        "basicTake": 173,
        "remainder": 164,
        "unitaryValue": 589,
        "interestMora": 0,
        "totalMora": 0.0,
        "overdue": 0.0,
        "intakes": "3-337,2-229,1-367,12-306",
        "referencecodeInvoice": "202004301759651261537151590",
        "total": 198493,
        "stateInvoice": true,
        "is_active": false,
        "contract": 20200519,
        "publicity": 1
      }
    },
    {
      "model": "contract.Invoice",
      "pk": 2025,
      "fields": {
        "billingDate": "2020-04-30",
        "deadDatePay": "2020-05-10",
        "counter": 5,
        "address": "Calle 71 #42",
        "stratum": 4,
        "currentRecord": 1530,
        "pastRecord": 1239,
        "basicTake": 173,
        "remainder": 118,
        "unitaryValue": 589,
        "interestMora": 0,
        "totalMora": 0.0,
        "overdue": 0.0,
        "intakes": "4-291,3-337,2-229,1-367,12-306",
        "referencecodeInvoice": "202004301759380261536178485",
        "total": 171399,
        "stateInvoice": true,
        "is_active": true,
        "contract": 20200519,
        "publicity": 1
      }
    },
    {
      "model": "contract.Invoice",
      "pk": 2026,
      "fields": {
        "billingDate": "2019-12-31",
        "deadDatePay": "2020-01-10",
        "counter": 6,
        "address": "Carrera 24 #4B",
        "stratum": 4,
        "currentRecord": 183,
        "pastRecord": 0,
        "basicTake": 173,
        "remainder": 10,
        "unitaryValue": 589,
        "interestMora": 0,
        "totalMora": 0.0,
        "overdue": 0.0,
        "intakes": "12-183",
        "referencecodeInvoice": "202004301759965261531904338",
        "total": 107787,
        "stateInvoice": true,
        "is_active": false,
        "contract": 20200520,
        "publicity": 1
      }
    },
    {
      "model": "contract.Invoice",
      "pk": 2027,
      "fields": {
        "billingDate": "2020-01-31",
        "deadDatePay": "2020-02-10",
        "counter": 6,
        "address": "Carrera 24 #4B",
        "stratum": 4,
        "currentRecord": 335,
        "pastRecord": 183,
        "basicTake": 152,
        "remainder": 0,
        "unitaryValue": 589,
        "interestMora": 0,
        "totalMora": 0.0,
        "overdue": 0.0,
        "intakes": "1-152,12-183",
        "referencecodeInvoice": "202004301759881261535122177",
        "total": 89528,
        "stateInvoice": true,
        "is_active": false,
        "contract": 20200520,
        "publicity": 1
      }
    },
    {
      "model": "contract.Invoice",
      "pk": 2028,
      "fields": {
        "billingDate": "2020-02-29",
        "deadDatePay": "2020-03-10",
        "counter": 6,
        "address": "Carrera 24 #4B",
        "stratum": 4,
        "currentRecord": 508,
        "pastRecord": 335,
        "basicTake": 173,
        "remainder": 0,
        "unitaryValue": 589,
        "interestMora": 0,
        "totalMora": 0.0,
        "overdue": 0.0,
        "intakes": "2-173,1-152,12-183",
        "referencecodeInvoice": "202004301759518261539328536",
        "total": 101897,
        "stateInvoice": true,
        "is_active": false,
        "contract": 20200520,
        "publicity": 1
      }
    },
    {
      "model": "contract.Invoice",
      "pk": 2029,
      "fields": {
        "billingDate": "2020-03-31",
        "deadDatePay": "2020-04-10",
        "counter": 6,
        "address": "Carrera 24 #4B",
        "stratum": 4,
        "currentRecord": 752,
        "pastRecord": 508,
        "basicTake": 173,
        "remainder": 71,
        "unitaryValue": 589,
        "interestMora": 0,
        "totalMora": 0.0,
        "overdue": 0.0,
        "intakes": "3-244,2-173,1-152,12-183",
        "referencecodeInvoice": "202004301759221261535034081",
        "total": 143716,
        "stateInvoice": true,
        "is_active": false,
        "contract": 20200520,
        "publicity": 1
      }
    },
    {
      "model": "contract.Invoice",
      "pk": 2030,
      "fields": {
        "billingDate": "2020-04-30",
        "deadDatePay": "2020-05-10",
        "counter": 6,
        "address": "Carrera 24 #4B",
        "stratum": 4,
        "currentRecord": 1016,
        "pastRecord": 752,
        "basicTake": 173,
        "remainder": 91,
        "unitaryValue": 589,
        "interestMora": 0,
        "totalMora": 0.0,
        "overdue": 0.0,
        "intakes": "4-264,3-244,2-173,1-152,12-183",
        "referencecodeInvoice": "202004301759497261535618381",
        "total": 155496,
        "stateInvoice": true,
        "is_active": true,
        "contract": 20200520,
        "publicity": 1
      }
    },
    {
      "model": "contract.Invoice",
      "pk": 2031,
      "fields": {
        "billingDate": "2019-12-31",
        "deadDatePay": "2020-01-10",
        "counter": 7,
        "address": "Carrera 24C #10",
        "stratum": 3,
        "currentRecord": 248,
        "pastRecord": 0,
        "basicTake": 173,
        "remainder": 75,
        "unitaryValue": 589,
        "interestMora": 0,
        "totalMora": 0.0,
        "overdue": 0.0,
        "intakes": "12-248",
        "referencecodeInvoice": "202004301759890261538838550",
        "total": 130787.45,
        "stateInvoice": true,
        "is_active": false,
        "contract": 20200521,
        "publicity": 1
      }
    },
    {
      "model": "contract.Invoice",
      "pk": 2032,
      "fields": {
        "billingDate": "2020-01-31",
        "deadDatePay": "2020-02-10",
        "counter": 7,
        "address": "Carrera 24C #10",
        "stratum": 3,
        "currentRecord": 462,
        "pastRecord": 248,
        "basicTake": 173,
        "remainder": 41,
        "unitaryValue": 589,
        "interestMora": 0,
        "totalMora": 0.0,
        "overdue": 0.0,
        "intakes": "1-214,12-248",
        "referencecodeInvoice": "202004301759758261534317593",
        "total": 110761.45,
        "stateInvoice": true,
        "is_active": false,
        "contract": 20200521,
        "publicity": 1
      }
    },
    {
      "model": "contract.Invoice",
      "pk": 2033,
      "fields": {
        "billingDate": "2020-02-29",
        "deadDatePay": "2020-03-10",
        "counter": 7,
        "address": "Carrera 24C #10",
        "stratum": 3,
        "currentRecord": 687,
        "pastRecord": 462,
        "basicTake": 173,
        "remainder": 52,
        "unitaryValue": 589,
        "interestMora": 0,
        "totalMora": 0.0,
        "overdue": 0.0,
        "intakes": "2-225,1-214,12-248",
        "referencecodeInvoice": "202004301759936261531559455",
        "total": 117240.45,
        "stateInvoice": true,
        "is_active": false,
        "contract": 20200521,
        "publicity": 1
      }
    },
    {
      "model": "contract.Invoice",
      "pk": 2034,
      "fields": {
        "billingDate": "2020-03-31",
        "deadDatePay": "2020-04-10",
        "counter": 7,
        "address": "Carrera 24C #10",
        "stratum": 3,
        "currentRecord": 957,
        "pastRecord": 687,
        "basicTake": 173,
        "remainder": 97,
        "unitaryValue": 589,
        "interestMora": 0,
        "totalMora": 0.0,
        "overdue": 0.0,
        "intakes": "3-270,2-225,1-214,12-248",
        "referencecodeInvoice": "202004301759263261538035466",
        "total": 143745.44999999998,
        "stateInvoice": true,
        "is_active": false,
        "contract": 20200521,
        "publicity": 1
      }
    },
    {
      "model": "contract.Invoice",
      "pk": 2035,
      "fields": {
        "billingDate": "2020-04-30",
        "deadDatePay": "2020-05-10",
        "counter": 7,
        "address": "Carrera 24C #10",
        "stratum": 3,
        "currentRecord": 1126,
        "pastRecord": 957,
        "basicTake": 169,
        "remainder": 0,
        "unitaryValue": 589,
        "interestMora": 0,
        "totalMora": 0.0,
        "overdue": 0.0,
        "intakes": "4-169,3-270,2-225,1-214,12-248",
        "referencecodeInvoice": "202004301759918261539183128",
        "total": 84609.85,
        "stateInvoice": true,
        "is_active": true,
        "contract": 20200521,
        "publicity": 1
      }
    },
    {
      "model": "contract.Invoice",
      "pk": 2036,
      "fields": {
        "billingDate": "2019-12-31",
        "deadDatePay": "2020-01-10",
        "counter": 8,
        "address": "Carrera 28B #9",
        "stratum": 3,
        "currentRecord": 295,
        "pastRecord": 0,
        "basicTake": 173,
        "remainder": 122,
        "unitaryValue": 589,
        "interestMora": 0,
        "totalMora": 0.0,
        "overdue": 0.0,
        "intakes": "12-295",
        "referencecodeInvoice": "202004301759280261536824412",
        "total": 158470.44999999998,
        "stateInvoice": true,
        "is_active": false,
        "contract": 20200522,
        "publicity": 1
      }
    },
    {
      "model": "contract.Invoice",
      "pk": 2037,
      "fields": {
        "billingDate": "2020-01-31",
        "deadDatePay": "2020-02-10",
        "counter": 8,
        "address": "Carrera 28B #9",
        "stratum": 3,
        "currentRecord": 573,
        "pastRecord": 295,
        "basicTake": 173,
        "remainder": 105,
        "unitaryValue": 589,
        "interestMora": 0,
        "totalMora": 0.0,
        "overdue": 0.0,
        "intakes": "1-278,12-295",
        "referencecodeInvoice": "202004301759644261538435565",
        "total": 148457.44999999998,
        "stateInvoice": true,
        "is_active": false,
        "contract": 20200522,
        "publicity": 1
      }
    },
    {
      "model": "contract.Invoice",
      "pk": 2038,
      "fields": {
        "billingDate": "2020-02-29",
        "deadDatePay": "2020-03-10",
        "counter": 8,
        "address": "Carrera 28B #9",
        "stratum": 3,
        "currentRecord": 999,
        "pastRecord": 573,
        "basicTake": 173,
        "remainder": 253,
        "unitaryValue": 589,
        "interestMora": 0,
        "totalMora": 0.0,
        "overdue": 0.0,
        "intakes": "2-426,1-278,12-295",
        "referencecodeInvoice": "202004301759938261537005700",
        "total": 235629.44999999998,
        "stateInvoice": true,
        "is_active": false,
        "contract": 20200522,
        "publicity": 1
      }
    },
    {
      "model": "contract.Invoice",
      "pk": 2039,
      "fields": {
        "billingDate": "2020-03-31",
        "deadDatePay": "2020-04-10",
        "counter": 8,
        "address": "Carrera 28B #9",
        "stratum": 3,
        "currentRecord": 1244,
        "pastRecord": 999,
        "basicTake": 173,
        "remainder": 72,
        "unitaryValue": 589,
        "interestMora": 0,
        "totalMora": 0.0,
        "overdue": 0.0,
        "intakes": "3-245,2-426,1-278,12-295",
        "referencecodeInvoice": "202004301759501261531467865",
        "total": 129020.45,
        "stateInvoice": true,
        "is_active": false,
        "contract": 20200522,
        "publicity": 1
      }
    },
    {
      "model": "contract.Invoice",
      "pk": 2040,
      "fields": {
        "billingDate": "2020-04-30",
        "deadDatePay": "2020-05-10",
        "counter": 8,
        "address": "Carrera 28B #9",
        "stratum": 3,
        "currentRecord": 1637,
        "pastRecord": 1244,
        "basicTake": 173,
        "remainder": 220,
        "unitaryValue": 589,
        "interestMora": 0,
        "totalMora": 0.0,
        "overdue": 0.0,
        "intakes": "4-393,3-245,2-426,1-278,12-295",
        "referencecodeInvoice": "202004301759266261533225080",
        "total": 216192.44999999998,
        "stateInvoice": true,
        "is_active": true,
        "contract": 20200522,
        "publicity": 1
      }
    },
    {
      "model": "contract.Invoice",
      "pk": 2041,
      "fields": {
        "billingDate": "2019-12-31",
        "deadDatePay": "2020-01-10",
        "counter": 9,
        "address": "Carrera 25 #33-17",
        "stratum": 5,
        "currentRecord": 265,
        "pastRecord": 0,
        "basicTake": 173,
        "remainder": 92,
        "unitaryValue": 589,
        "interestMora": 0,
        "totalMora": 0.0,
        "overdue": 0.0,
        "intakes": "12-265",
        "referencecodeInvoice": "202004301759574261533351557",
        "total": 156085,
        "stateInvoice": true,
        "is_active": false,
        "contract": 20200523,
        "publicity": 1
      }
    },
    {
      "model": "contract.Invoice",
      "pk": 2042,
      "fields": {
        "billingDate": "2020-01-31",
        "deadDatePay": "2020-02-10",
        "counter": 9,
        "address": "Carrera 25 #33-17",
        "stratum": 5,
        "currentRecord": 554,
        "pastRecord": 265,
        "basicTake": 173,
        "remainder": 116,
        "unitaryValue": 589,
        "interestMora": 0,
        "totalMora": 0.0,
        "overdue": 0.0,
        "intakes": "1-289,12-265",
        "referencecodeInvoice": "202004301759172261531373158",
        "total": 170221,
        "stateInvoice": true,
        "is_active": false,
        "contract": 20200523,
        "publicity": 1
      }
    },
    {
      "model": "contract.Invoice",
      "pk": 2043,
      "fields": {
        "billingDate": "2020-02-29",
        "deadDatePay": "2020-03-10",
        "counter": 9,
        "address": "Carrera 25 #33-17",
        "stratum": 5,
        "currentRecord": 795,
        "pastRecord": 554,
        "basicTake": 173,
        "remainder": 68,
        "unitaryValue": 589,
        "interestMora": 0,
        "totalMora": 0.0,
        "overdue": 0.0,
        "intakes": "2-241,1-289,12-265",
        "referencecodeInvoice": "202004301759879261534555322",
        "total": 141949,
        "stateInvoice": true,
        "is_active": false,
        "contract": 20200523,
        "publicity": 1
      }
    },
    {
      "model": "contract.Invoice",
      "pk": 2044,
      "fields": {
        "billingDate": "2020-03-31",
        "deadDatePay": "2020-04-10",
        "counter": 9,
        "address": "Carrera 25 #33-17",
        "stratum": 5,
        "currentRecord": 1024,
        "pastRecord": 795,
        "basicTake": 173,
        "remainder": 56,
        "unitaryValue": 589,
        "interestMora": 0,
        "totalMora": 0.0,
        "overdue": 0.0,
        "intakes": "3-229,2-241,1-289,12-265",
        "referencecodeInvoice": "202004301759224261535320291",
        "total": 134881,
        "stateInvoice": true,
        "is_active": false,
        "contract": 20200523,
        "publicity": 1
      }
    },
    {
      "model": "contract.Invoice",
      "pk": 2045,
      "fields": {
        "billingDate": "2020-04-30",
        "deadDatePay": "2020-05-10",
        "counter": 9,
        "address": "Carrera 25 #33-17",
        "stratum": 5,
        "currentRecord": 1204,
        "pastRecord": 1024,
        "basicTake": 173,
        "remainder": 7,
        "unitaryValue": 589,
        "interestMora": 0,
        "totalMora": 0.0,
        "overdue": 0.0,
        "intakes": "4-180,3-229,2-241,1-289,12-265",
        "referencecodeInvoice": "202004301759579261539107599",
        "total": 106020,
        "stateInvoice": false,
        "is_active": true,
        "contract": 20200523,
        "publicity": 1
      }
    },
    {
      "model": "contract.Invoice",
      "pk": 2046,
      "fields": {
        "billingDate": "2019-12-31",
        "deadDatePay": "2020-01-10",
        "counter": 10,
        "address": "Carrera 29A #12-89",
        "stratum": 4,
        "currentRecord": 398,
        "pastRecord": 0,
        "basicTake": 173,
        "remainder": 225,
        "unitaryValue": 589,
        "interestMora": 0,
        "totalMora": 0.0,
        "overdue": 0.0,
        "intakes": "12-398",
        "referencecodeInvoice": "202004301759328261537245459",
        "total": 234422,
        "stateInvoice": true,
        "is_active": false,
        "contract": 20200524,
        "publicity": 1
      }
    },
    {
      "model": "contract.Invoice",
      "pk": 2047,
      "fields": {
        "billingDate": "2020-01-31",
        "deadDatePay": "2020-02-10",
        "counter": 10,
        "address": "Carrera 29A #12-89",
        "stratum": 4,
        "currentRecord": 673,
        "pastRecord": 398,
        "basicTake": 173,
        "remainder": 102,
        "unitaryValue": 589,
        "interestMora": 0,
        "totalMora": 0.0,
        "overdue": 0.0,
        "intakes": "1-275,12-398",
        "referencecodeInvoice": "202004301759765261539062898",
        "total": 161975,
        "stateInvoice": true,
        "is_active": false,
        "contract": 20200524,
        "publicity": 1
      }
    },
    {
      "model": "contract.Invoice",
      "pk": 2048,
      "fields": {
        "billingDate": "2020-02-29",
        "deadDatePay": "2020-03-10",
        "counter": 10,
        "address": "Carrera 29A #12-89",
        "stratum": 4,
        "currentRecord": 1040,
        "pastRecord": 673,
        "basicTake": 173,
        "remainder": 194,
        "unitaryValue": 589,
        "interestMora": 0,
        "totalMora": 0.0,
        "overdue": 0.0,
        "intakes": "2-367,1-275,12-398",
        "referencecodeInvoice": "202004301759651261535986856",
        "total": 216163,
        "stateInvoice": false,
        "is_active": false,
        "contract": 20200524,
        "publicity": 1
      }
    },
    {
      "model": "contract.Invoice",
      "pk": 2049,
      "fields": {
        "billingDate": "2020-03-31",
        "deadDatePay": "2020-04-10",
        "counter": 10,
        "address": "Carrera 29A #12-89",
        "stratum": 4,
        "currentRecord": 1269,
        "pastRecord": 1040,
        "basicTake": 173,
        "remainder": 56,
        "unitaryValue": 589,
        "interestMora": 0,
        "totalMora": 0.0,
        "overdue": 216163,
        "intakes": "3-229,2-367,1-275,12-398",
        "referencecodeInvoice": "202004301759645261533641754",
        "total": 351044,
        "stateInvoice": false,
        "is_active": false,
        "contract": 20200524,
        "publicity": 1
      }
    },
    {
      "model": "contract.Invoice",
      "pk": 2050,
      "fields": {
        "billingDate": "2020-04-30",
        "deadDatePay": "2020-05-10",
        "counter": 10,
        "address": "Carrera 29A #12-89",
        "stratum": 4,
        "currentRecord": 1529,
        "pastRecord": 1269,
        "basicTake": 173,
        "remainder": 87,
        "unitaryValue": 589,
        "interestMora": 0.3,
        "totalMora": 105313.2,
        "overdue": 351044,
        "intakes": "4-260,3-229,2-367,1-275,12-398",
        "referencecodeInvoice": "202004301759550261537172880",
        "total": 609497.2,
        "stateInvoice": false,
        "is_active": true,
        "contract": 20200524,
        "publicity": 1
      }
    },
    {
      "model": "payments.payment",
      "pk": 4001,
      "fields": {
        "valuePayment": 149134.8,
        "datePayment": "2020-01-05 00:00:00",
        "facturaPayment": 2001
      }
    },
    {
      "model": "payments.payment",
      "pk": 4002,
      "fields": {
        "valuePayment": 105548.79999999999,
        "datePayment": "2020-02-04 00:00:00",
        "facturaPayment": 2002
      }
    },
    {
      "model": "payments.payment",
      "pk": 4003,
      "fields": {
        "valuePayment": 114383.79999999999,
        "datePayment": "2020-03-07 00:00:00",
        "facturaPayment": 2003
      }
    },
    {
      "model": "payments.payment",
      "pk": 4004,
      "fields": {
        "valuePayment": 70208.8,
        "datePayment": "2020-04-08 00:00:00",
        "facturaPayment": 2004
      }
    },
    {
      "model": "payments.payment",
      "pk": 4005,
      "fields": {
        "valuePayment": 131464.8,
        "datePayment": "2020-05-02 00:00:00",
        "facturaPayment": 2005
      }
    },
    {
      "model": "payments.payment",
      "pk": 4006,
      "fields": {
        "valuePayment": 199700.44999999998,
        "datePayment": "2020-01-09 00:00:00",
        "facturaPayment": 2006
      }
    },
    {
      "model": "payments.payment",
      "pk": 4007,
      "fields": {
        "valuePayment": 119007.45,
        "datePayment": "2020-02-01 00:00:00",
        "facturaPayment": 2007
      }
    },
    {
      "model": "payments.payment",
      "pk": 4008,
      "fields": {
        "valuePayment": 217370.44999999998,
        "datePayment": "2020-03-03 00:00:00",
        "facturaPayment": 2008
      }
    },
    {
      "model": "payments.payment",
      "pk": 4009,
      "fields": {
        "valuePayment": 136677.44999999998,
        "datePayment": "2020-04-03 00:00:00",
        "facturaPayment": 2009
      }
    },
    {
      "model": "payments.payment",
      "pk": 4010,
      "fields": {
        "valuePayment": 146101.44999999998,
        "datePayment": "2020-05-03 00:00:00",
        "facturaPayment": 2010
      }
    },
    {
      "model": "payments.payment",
      "pk": 4011,
      "fields": {
        "valuePayment": 123395.5,
        "datePayment": "2020-01-01 00:00:00",
        "facturaPayment": 2011
      }
    },
    {
      "model": "payments.payment",
      "pk": 4012,
      "fields": {
        "valuePayment": 141065.5,
        "datePayment": "2020-02-03 00:00:00",
        "facturaPayment": 2012
      }
    },
    {
      "model": "payments.payment",
      "pk": 4013,
      "fields": {
        "valuePayment": 114560.5,
        "datePayment": "2020-03-07 00:00:00",
        "facturaPayment": 2013
      }
    },
    {
      "model": "payments.payment",
      "pk": 4014,
      "fields": {
        "valuePayment": 158146.5,
        "datePayment": "2020-04-02 00:00:00",
        "facturaPayment": 2014
      }
    },
    {
      "model": "payments.payment",
      "pk": 4015,
      "fields": {
        "valuePayment": 79809.5,
        "datePayment": "2020-05-06 00:00:00",
        "facturaPayment": 2015
      }
    },
    {
      "model": "payments.payment",
      "pk": 4016,
      "fields": {
        "valuePayment": 125457,
        "datePayment": "2020-01-07 00:00:00",
        "facturaPayment": 2016
      }
    },
    {
      "model": "payments.payment",
      "pk": 4017,
      "fields": {
        "valuePayment": 150784,
        "datePayment": "2020-02-08 00:00:00",
        "facturaPayment": 2017
      }
    },
    {
      "model": "payments.payment",
      "pk": 4018,
      "fields": {
        "valuePayment": 201438,
        "datePayment": "2020-03-08 00:00:00",
        "facturaPayment": 2018
      }
    },
    {
      "model": "payments.payment",
      "pk": 4019,
      "fields": {
        "valuePayment": 142538,
        "datePayment": "2020-04-06 00:00:00",
        "facturaPayment": 2019
      }
    },
    {
      "model": "payments.payment",
      "pk": 4020,
      "fields": {
        "valuePayment": 217930,
        "datePayment": "2020-05-04 00:00:00",
        "facturaPayment": 2020
      }
    },
    {
      "model": "payments.payment",
      "pk": 4021,
      "fields": {
        "valuePayment": 180234,
        "datePayment": "2020-01-06 00:00:00",
        "facturaPayment": 2021
      }
    },
    {
      "model": "payments.payment",
      "pk": 4022,
      "fields": {
        "valuePayment": 216163,
        "datePayment": "2020-02-03 00:00:00",
        "facturaPayment": 2022
      }
    },
    {
      "model": "payments.payment",
      "pk": 4023,
      "fields": {
        "valuePayment": 134881,
        "datePayment": "2020-03-09 00:00:00",
        "facturaPayment": 2023
      }
    },
    {
      "model": "payments.payment",
      "pk": 4024,
      "fields": {
        "valuePayment": 198493,
        "datePayment": "2020-04-03 00:00:00",
        "facturaPayment": 2024
      }
    },
    {
      "model": "payments.payment",
      "pk": 4025,
      "fields": {
        "valuePayment": 171399,
        "datePayment": "2020-05-03 00:00:00",
        "facturaPayment": 2025
      }
    },
    {
      "model": "payments.payment",
      "pk": 4026,
      "fields": {
        "valuePayment": 107787,
        "datePayment": "2020-01-06 00:00:00",
        "facturaPayment": 2026
      }
    },
    {
      "model": "payments.payment",
      "pk": 4027,
      "fields": {
        "valuePayment": 89528,
        "datePayment": "2020-02-05 00:00:00",
        "facturaPayment": 2027
      }
    },
    {
      "model": "payments.payment",
      "pk": 4028,
      "fields": {
        "valuePayment": 101897,
        "datePayment": "2020-03-02 00:00:00",
        "facturaPayment": 2028
      }
    },
    {
      "model": "payments.payment",
      "pk": 4029,
      "fields": {
        "valuePayment": 143716,
        "datePayment": "2020-04-07 00:00:00",
        "facturaPayment": 2029
      }
    },
    {
      "model": "payments.payment",
      "pk": 4030,
      "fields": {
        "valuePayment": 155496,
        "datePayment": "2020-05-06 00:00:00",
        "facturaPayment": 2030
      }
    },
    {
      "model": "payments.payment",
      "pk": 4031,
      "fields": {
        "valuePayment": 130787.45,
        "datePayment": "2020-01-01 00:00:00",
        "facturaPayment": 2031
      }
    },
    {
      "model": "payments.payment",
      "pk": 4032,
      "fields": {
        "valuePayment": 110761.45,
        "datePayment": "2020-02-02 00:00:00",
        "facturaPayment": 2032
      }
    },
    {
      "model": "payments.payment",
      "pk": 4033,
      "fields": {
        "valuePayment": 117240.45,
        "datePayment": "2020-03-05 00:00:00",
        "facturaPayment": 2033
      }
    },
    {
      "model": "payments.payment",
      "pk": 4034,
      "fields": {
        "valuePayment": 143745.44999999998,
        "datePayment": "2020-04-04 00:00:00",
        "facturaPayment": 2034
      }
    },
    {
      "model": "payments.payment",
      "pk": 4035,
      "fields": {
        "valuePayment": 84609.85,
        "datePayment": "2020-05-19",
        "facturaPayment": 2035
      }
    },
    {
      "model": "payments.payment",
      "pk": 4036,
      "fields": {
        "valuePayment": 158470.44999999998,
        "datePayment": "2020-01-03 00:00:00",
        "facturaPayment": 2036
      }
    },
    {
      "model": "payments.payment",
      "pk": 4037,
      "fields": {
        "valuePayment": 148457.44999999998,
        "datePayment": "2020-02-03 00:00:00",
        "facturaPayment": 2037
      }
    },
    {
      "model": "payments.payment",
      "pk": 4038,
      "fields": {
        "valuePayment": 235629.44999999998,
        "datePayment": "2020-03-07 00:00:00",
        "facturaPayment": 2038
      }
    },
    {
      "model": "payments.payment",
      "pk": 4039,
      "fields": {
        "valuePayment": 129020.45,
        "datePayment": "2020-04-01 00:00:00",
        "facturaPayment": 2039
      }
    },
    {
      "model": "payments.payment",
      "pk": 4040,
      "fields": {
        "valuePayment": 216192.44999999998,
        "datePayment": "2020-05-20",
        "facturaPayment": 2040
      }
    },
    {
      "model": "payments.payment",
      "pk": 4041,
      "fields": {
        "valuePayment": 156085,
        "datePayment": "2020-01-02 00:00:00",
        "facturaPayment": 2041
      }
    },
    {
      "model": "payments.payment",
      "pk": 4042,
      "fields": {
        "valuePayment": 170221,
        "datePayment": "2020-02-05 00:00:00",
        "facturaPayment": 2042
      }
    },
    {
      "model": "payments.payment",
      "pk": 4043,
      "fields": {
        "valuePayment": 141949,
        "datePayment": "2020-03-09 00:00:00",
        "facturaPayment": 2043
      }
    },
    {
      "model": "payments.payment",
      "pk": 4044,
      "fields": {
        "valuePayment": 134881,
        "datePayment": "2020-04-09 00:00:00",
        "facturaPayment": 2044
      }
    },
    {
      "model": "payments.payment",
      "pk": 4046,
      "fields": {
        "valuePayment": 234422,
        "datePayment": "2020-01-02 00:00:00",
        "facturaPayment": 2046
      }
    },
    {
      "model": "payments.payment",
      "pk": 4047,
      "fields": {
        "valuePayment": 161975,
        "datePayment": "2020-02-08 00:00:00",
        "facturaPayment": 2047
      }
    },
    {
      "model": "bancks.Banck",
      "pk": 1,
      "fields": {
        "nameBanck": "Colpatria",
        "referenceBanck": "775489523145698",
        "is_active": true
      }
    },
    {
      "model": "bancks.Banck",
      "pk": 2,
      "fields": {
        "nameBanck": "Davivienda",
        "referenceBanck": "746987355681374",
        "is_active": true
      }
    },
    {
      "model": "bancks.Banck",
      "pk": 3,
      "fields": {
        "nameBanck": "Bancolombia",
        "referenceBanck": "775489525681374",
        "is_active": true
      }
    },
    {
      "model": "payments.BanckPayment",
      "pk": 201,
      "fields": {
        "payment": 4002,
        "banckPayment": 1
      }
    },
    {
      "model": "payments.BanckPayment",
      "pk": 202,
      "fields": {
        "payment": 4005,
        "banckPayment": 3
      }
    },
    {
      "model": "payments.BanckPayment",
      "pk": 203,
      "fields": {
        "payment": 4008,
        "banckPayment": 1
      }
    },
    {
      "model": "payments.BanckPayment",
      "pk": 204,
      "fields": {
        "payment": 4009,
        "banckPayment": 2
      }
    },
    {
      "model": "payments.BanckPayment",
      "pk": 205,
      "fields": {
        "payment": 4010,
        "banckPayment": 1
      }
    },
    {
      "model": "payments.BanckPayment",
      "pk": 206,
      "fields": {
        "payment": 4017,
        "banckPayment": 3
      }
    },
    {
      "model": "payments.BanckPayment",
      "pk": 207,
      "fields": {
        "payment": 4018,
        "banckPayment": 3
      }
    },
    {
      "model": "payments.BanckPayment",
      "pk": 208,
      "fields": {
        "payment": 4021,
        "banckPayment": 2
      }
    },
    {
      "model": "payments.BanckPayment",
      "pk": 209,
      "fields": {
        "payment": 4023,
        "banckPayment": 1
      }
    },
    {
      "model": "payments.BanckPayment",
      "pk": 210,
      "fields": {
        "payment": 4024,
        "banckPayment": 3
      }
    },
    {
      "model": "payments.BanckPayment",
      "pk": 211,
      "fields": {
        "payment": 4026,
        "banckPayment": 1
      }
    },
    {
      "model": "payments.BanckPayment",
      "pk": 212,
      "fields": {
        "payment": 4029,
        "banckPayment": 3
      }
    },
    {
      "model": "payments.BanckPayment",
      "pk": 213,
      "fields": {
        "payment": 4030,
        "banckPayment": 2
      }
    },
    {
      "model": "payments.BanckPayment",
      "pk": 214,
      "fields": {
        "payment": 4031,
        "banckPayment": 3
      }
    },
    {
      "model": "payments.BanckPayment",
      "pk": 215,
      "fields": {
        "payment": 4032,
        "banckPayment": 3
      }
    },
    {
      "model": "payments.BanckPayment",
      "pk": 216,
      "fields": {
        "payment": 4037,
        "banckPayment": 3
      }
    },
    {
      "model": "payments.BanckPayment",
      "pk": 217,
      "fields": {
        "payment": 4038,
        "banckPayment": 2
      }
    },
    {
      "model": "payments.BanckPayment",
      "pk": 218,
      "fields": {
        "payment": 4039,
        "banckPayment": 1
      }
    },
    {
      "model": "payments.BanckPayment",
      "pk": 219,
      "fields": {
        "payment": 4040,
        "banckPayment": 3
      }
    },
    {
      "model": "payments.BanckPayment",
      "pk": 220,
      "fields": {
        "payment": 4041,
        "banckPayment": 3
      }
    },
    {
      "model": "payments.BanckPayment",
      "pk": 221,
      "fields": {
        "payment": 4042,
        "banckPayment": 3
      }
    },
    {
      "model": "payments.BanckPayment",
      "pk": 222,
      "fields": {
        "payment": 4047,
        "banckPayment": 3
      }
    },
    {
      "model": "payments.DirectPayment",
      "pk": 201,
      "fields": {
        "payment": 4001,
        "workerPayment": 3
      }
    },
    {
      "model": "payments.DirectPayment",
      "pk": 202,
      "fields": {
        "payment": 4003,
        "workerPayment": 3
      }
    },
    {
      "model": "payments.DirectPayment",
      "pk": 203,
      "fields": {
        "payment": 4004,
        "workerPayment": 3
      }
    },
    {
      "model": "payments.DirectPayment",
      "pk": 204,
      "fields": {
        "payment": 4006,
        "workerPayment": 3
      }
    },
    {
      "model": "payments.DirectPayment",
      "pk": 205,
      "fields": {
        "payment": 4007,
        "workerPayment": 3
      }
    },
    {
      "model": "payments.DirectPayment",
      "pk": 206,
      "fields": {
        "payment": 4011,
        "workerPayment": 3
      }
    },
    {
      "model": "payments.DirectPayment",
      "pk": 207,
      "fields": {
        "payment": 4012,
        "workerPayment": 3
      }
    },
    {
      "model": "payments.DirectPayment",
      "pk": 208,
      "fields": {
        "payment": 4013,
        "workerPayment": 3
      }
    },
    {
      "model": "payments.DirectPayment",
      "pk": 209,
      "fields": {
        "payment": 4014,
        "workerPayment": 3
      }
    },
    {
      "model": "payments.DirectPayment",
      "pk": 210,
      "fields": {
        "payment": 4015,
        "workerPayment": 3
      }
    },
    {
      "model": "payments.DirectPayment",
      "pk": 211,
      "fields": {
        "payment": 4016,
        "workerPayment": 3
      }
    },
    {
      "model": "payments.DirectPayment",
      "pk": 212,
      "fields": {
        "payment": 4019,
        "workerPayment": 3
      }
    },
    {
      "model": "payments.DirectPayment",
      "pk": 213,
      "fields": {
        "payment": 4020,
        "workerPayment": 3
      }
    },
    {
      "model": "payments.DirectPayment",
      "pk": 214,
      "fields": {
        "payment": 4022,
        "workerPayment": 3
      }
    },
    {
      "model": "payments.DirectPayment",
      "pk": 215,
      "fields": {
        "payment": 4025,
        "workerPayment": 3
      }
    },
    {
      "model": "payments.DirectPayment",
      "pk": 216,
      "fields": {
        "payment": 4027,
        "workerPayment": 3
      }
    },
    {
      "model": "payments.DirectPayment",
      "pk": 217,
      "fields": {
        "payment": 4028,
        "workerPayment": 3
      }
    },
    {
      "model": "payments.DirectPayment",
      "pk": 218,
      "fields": {
        "payment": 4033,
        "workerPayment": 3
      }
    },
    {
      "model": "payments.DirectPayment",
      "pk": 219,
      "fields": {
        "payment": 4034,
        "workerPayment": 3
      }
    },
    {
      "model": "payments.DirectPayment",
      "pk": 220,
      "fields": {
        "payment": 4035,
        "workerPayment": 3
      }
    },
    {
      "model": "payments.DirectPayment",
      "pk": 221,
      "fields": {
        "payment": 4036,
        "workerPayment": 3
      }
    },
    {
      "model": "payments.DirectPayment",
      "pk": 222,
      "fields": {
        "payment": 4043,
        "workerPayment": 3
      }
    },
    {
      "model": "payments.DirectPayment",
      "pk": 223,
      "fields": {
        "payment": 4044,
        "workerPayment": 3
      }
    },
    {
      "model": "payments.DirectPayment",
      "pk": 224,
      "fields": {
        "payment": 4046,
        "workerPayment": 3
      }
    }
  ]