[
    {
      "model": "users.CustomUser",
      "pk": 1,
      "fields": {
        "id_user": "207113792",
        "name": "Cecilia Urquijo Barma",
        "email": "Cecilia@hotmail.com",
        "password": "pbkdf2_sha256$180000$j23uaeU8cCwa$bjaGAXIYBuPcdAK5YFD6Y89J3GHhL/kRcQxvZletaxU=",
        "phone": "4456714",
        "address": "Carrera 63E # 41 - 17",
        "neighborhood": "Los Robles",
        "stratus": 4,
        "is_active": true,
        "is_staff": false,
        "is_superuser": false
      }
    },
    {
      "model": "users.CustomUser",
      "pk": 2,
      "fields": {
        "id_user": "808124609",
        "name": "Teófilo Egusquiza Madariaga",
        "email": "Teofilo@hotmail.com",
        "password": "pbkdf2_sha256$180000$xqTFgO9wSURZ$VYX3p4NsC2RT7RceJOU5NhS4vLl2iL0hcRWr3egSuLU=",
        "phone": "3026675",
        "address": "Avenida 15C # 89 - 26",
        "neighborhood": "Calipso",
        "stratus": 6,
        "is_active": true,
        "is_staff": false,
        "is_superuser": false
      }
    },
    {
      "model": "users.CustomUser",
      "pk": 3,
      "fields": {
        "id_user": "1071055419",
        "name": "Pancracio Ispuzua Chave",
        "email": "Pancracio@yahoo.com",
        "password": "pbkdf2_sha256$180000$FrDZpNKqE5I5$2bESv6csvyhwVJCrjylQYV6Rzv4pY9r4AibIC2UwUGQ=",
        "phone": "4178867",
        "address": "Diagonal 26D # 52 - 92",
        "neighborhood": "Los Robles",
        "stratus": 5,
        "is_active": true,
        "is_staff": false,
        "is_superuser": false
      }
    },
    {
      "model": "users.CustomUser",
      "pk": 4,
      "fields": {
        "id_user": "443658408",
        "name": "Celeste Ganzo Vicente",
        "email": "Celeste@hotmail.com",
        "password": "pbkdf2_sha256$180000$64vPc3cuMWLy$dR9xhL/P+GjYch9+jWnu5tJbBupqev8yXdJ5wkqV9uI=",
        "phone": "4149507",
        "address": "Diagonal 67A # 90 - 138",
        "neighborhood": "El bronx",
        "stratus": 4,
        "is_active": true,
        "is_staff": false,
        "is_superuser": false
      }
    },
    {
      "model": "users.CustomUser",
      "pk": 5,
      "fields": {
        "id_user": "196116976",
        "name": "Luis Valino Vango",
        "email": "Luis@hotmail.com",
        "password": "pbkdf2_sha256$180000$lpmYbCc2Y54L$YoZpzYXDCjtKP9XuWQBBIkLyRdqucjG/x2qJwUC3nnk=",
        "phone": "3585835",
        "address": "Transversal 92C # 53 - 174",
        "neighborhood": "Sindical",
        "stratus": 2,
        "is_active": true,
        "is_staff": false,
        "is_superuser": false
      }
    },
    {
      "model": "users.CustomUser",
      "pk": 6,
      "fields": {
        "id_user": "921114622",
        "name": "Florencia Cucho Ahedo",
        "email": "Florencia@gmail.com",
        "password": "pbkdf2_sha256$180000$V8DFJjB1FhHy$bRV/A5WuUhHh0RTU71qCMUjsBOhVxUeCiRXxU0oZIPs=",
        "phone": "3697883",
        "address": "Avenida 79C # 74 - 158",
        "neighborhood": "El Retiro",
        "stratus": 5,
        "is_active": true,
        "is_staff": false,
        "is_superuser": false
      }
    },
    {
      "model": "users.CustomUser",
      "pk": 7,
      "fields": {
        "id_user": "706480802",
        "name": "Mariano Mogrovejo Gante",
        "email": "Mariano@gmail.com",
        "password": "pbkdf2_sha256$180000$ddYPNfjwiHud$H1Hd80Br94+vEDZFua9rAA2WJqMaAzTn+gwddmzvV8k=",
        "phone": "3485300",
        "address": "Avenida 8D # 94 - 102",
        "neighborhood": "Los Robles",
        "stratus": 3,
        "is_active": true,
        "is_staff": false,
        "is_superuser": false
      }
    },
    {
      "model": "users.CustomUser",
      "pk": 8,
      "fields": {
        "id_user": "355774241",
        "name": "Angélica Ter Tosantos",
        "email": "Angelica@hotmail.com",
        "password": "pbkdf2_sha256$180000$iOJW1P6AdJR3$aU0x28nEASo/TL/q2/7EhzTDW4O+am7etRkSf1wMnmo=",
        "phone": "4574074",
        "address": "Diagonal 32D # 17 - 42",
        "neighborhood": "Marroquin",
        "stratus": 6,
        "is_active": true,
        "is_staff": false,
        "is_superuser": false
      }
    },
    {
      "model": "users.CustomUser",
      "pk": 9,
      "fields": {
        "id_user": "942284787",
        "name": "Antonio Incera Fontoria",
        "email": "Antonio@gmail.com",
        "password": "pbkdf2_sha256$180000$Og84c9yZTlhI$NEBjGW7AzYfoUApGF/QwJB/YxGNdb8rpl5E6enZpleI=",
        "phone": "3716162",
        "address": "Carrera 97A # 27 - 135",
        "neighborhood": "Eduardo Santos",
        "stratus": 5,
        "is_active": true,
        "is_staff": false,
        "is_superuser": false
      }
    },
    {
      "model": "users.CustomUser",
      "pk": 10,
      "fields": {
        "id_user": "584065801",
        "name": "Lupita Soret Garmendia",
        "email": "Lupita@gmail.com",
        "password": "pbkdf2_sha256$180000$mez1GPJrlh5D$xnYvyd5lHRFI4+ZcZ0qgn5C8qK+bTx3t3/49FuKRGQs=",
        "phone": "4703434",
        "address": "Diagonal 69D # 41 - 173",
        "neighborhood": "Eduardo Santos",
        "stratus": 6,
        "is_active": true,
        "is_staff": false,
        "is_superuser": false
      }
    },
    {
      "model": "users.CustomUser",
      "pk": 11,
      "fields": {
        "id_user": "1144189914",
        "name": "Esneider Manzano",
        "email": "esneider@gmail.com",
        "password": "pbkdf2_sha256$180000$W4DSmgbKj7dK$s6p1mSZZ7bhhcbaKuQxpXLN8QP03eGULkW9/Rd+819w=",
        "phone": "4455971",
        "address": "cra28 C # 54-123",
        "neighborhood": "sindical",
        "stratus": 2,
        "is_active": true,
        "is_staff": true,
        "is_superuser": false
      }
    },
    {
      "model": "users.CustomUser",
      "pk": 12,
      "fields": {
        "id_user": "1144189915",
        "name": "Luis de Huevosalva",
        "email": "luis@gmail.com",
        "password": "pbkdf2_sha256$180000$W4DSmgbKj7dK$s6p1mSZZ7bhhcbaKuQxpXLN8QP03eGULkW9/Rd+819w=",
        "phone": "4455972",
        "address": "cra28 C # 54-124",
        "neighborhood": "sindical",
        "stratus": 2,
        "is_active": true,
        "is_staff": true,
        "is_superuser": false
      }
    },
    {
      "model": "users.CustomUser",
      "pk": 13,
      "fields": {
        "id_user": "1144189910",
        "name": "Taborda",
        "email": "taborda@gmail.com",
        "password": "pbkdf2_sha256$180000$W4DSmgbKj7dK$s6p1mSZZ7bhhcbaKuQxpXLN8QP03eGULkW9/Rd+819w=",
        "phone": "4455970",
        "address": "cra28 C # 54-127",
        "neighborhood": "sindical",
        "stratus": 2,
        "is_active": true,
        "is_staff": true,
        "is_superuser": false
      }
    },
    {
      "model": "users.Worker",
      "pk": 1,
      "fields": {
        "user": 11,
        "user_type": 1
      }
    },
    {
      "model": "users.Worker",
      "pk": 2,
      "fields": {
        "user": 12,
        "user_type": 2
      }
    },
    {
      "model": "users.Worker",
      "pk": 3,
      "fields": {
        "user": 13,
        "user_type": 3
      }
    },
    {
      "model": "users.Client",
      "pk": 1,
      "fields": {
        "user": 1,
        "user_type": 1
      }
    },
    {
      "model": "users.Client",
      "pk": 2,
      "fields": {
        "user": 2,
        "user_type": 1
      }
    },
    {
      "model": "users.Client",
      "pk": 3,
      "fields": {
        "user": 3,
        "user_type": 1
      }
    },
    {
      "model": "users.Client",
      "pk": 4,
      "fields": {
        "user": 4,
        "user_type": 1
      }
    },
    {
      "model": "users.Client",
      "pk": 5,
      "fields": {
        "user": 5,
        "user_type": 1
      }
    },
    {
      "model": "users.Client",
      "pk": 6,
      "fields": {
        "user": 6,
        "user_type": 1
      }
    },
    {
      "model": "users.Client",
      "pk": 7,
      "fields": {
        "user": 7,
        "user_type": 1
      }
    },
    {
      "model": "users.Client",
      "pk": 8,
      "fields": {
        "user": 8,
        "user_type": 1
      }
    },
    {
      "model": "users.Client",
      "pk": 9,
      "fields": {
        "user": 9,
        "user_type": 1
      }
    },
    {
      "model": "users.Client",
      "pk": 10,
      "fields": {
        "user": 10,
        "user_type": 1
      }
    },
    {
      "model": "energytransfers.substation",
      "pk": 1,
      "fields": {
        "latitudeSubstation": "3.372908",
        "lengthSubstation": "-76.532479",
        "is_active": true
      }
    },
    {
      "model": "energytransfers.substation",
      "pk": 2,
      "fields": {
        "latitudeSubstation": "3.428119",
        "lengthSubstation": "-76.479726",
        "is_active": true
      }
    },
    {
      "model": "energytransfers.substation",
      "pk": 3,
      "fields": {
        "latitudeSubstation": "3.425783",
        "lengthSubstation": "-76.508505",
        "is_active": true
      }
    },
    {
      "model": "energytransfers.substation",
      "pk": 4,
      "fields": {
        "latitudeSubstation": "3.456173",
        "lengthSubstation": "-76.532861",
        "is_active": true
      }
    },
    {
      "model": "energytransfers.substation",
      "pk": 5,
      "fields": {
        "latitudeSubstation": "3.467536",
        "lengthSubstation": "-76.495797",
        "is_active": true
      }
    },
    {
      "model": "energytransfers.transformator",
      "pk": 1,
      "fields": {
        "latitudeTransformator": "3.395716",
        "lengthTransformator": "-76.54822",
        "is_active": true,
        "substationTransformator": 1
      }
    },
    {
      "model": "energytransfers.transformator",
      "pk": 2,
      "fields": {
        "latitudeTransformator": "3.380439",
        "lengthTransformator": "-76.54449",
        "is_active": true,
        "substationTransformator": 1
      }
    },
    {
      "model": "energytransfers.transformator",
      "pk": 3,
      "fields": {
        "latitudeTransformator": "3.42622",
        "lengthTransformator": "-76.480782",
        "is_active": true,
        "substationTransformator": 2
      }
    },
    {
      "model": "energytransfers.transformator",
      "pk": 4,
      "fields": {
        "latitudeTransformator": "3.418405",
        "lengthTransformator": "-76.471679",
        "is_active": true,
        "substationTransformator": 2
      }
    },
    {
      "model": "energytransfers.transformator",
      "pk": 5,
      "fields": {
        "latitudeTransformator": "3.427807",
        "lengthTransformator": "-76.50048",
        "is_active": true,
        "substationTransformator": 3
      }
    },
    {
      "model": "energytransfers.transformator",
      "pk": 6,
      "fields": {
        "latitudeTransformator": "3.433637",
        "lengthTransformator": "-76.504623",
        "is_active": true,
        "substationTransformator": 3
      }
    },
    {
      "model": "energytransfers.transformator",
      "pk": 7,
      "fields": {
        "latitudeTransformator": "3.44834",
        "lengthTransformator": "-76.538648",
        "is_active": true,
        "substationTransformator": 4
      }
    },
    {
      "model": "energytransfers.transformator",
      "pk": 8,
      "fields": {
        "latitudeTransformator": "3.448628",
        "lengthTransformator": "-76.523636",
        "is_active": true,
        "substationTransformator": 4
      }
    },
    {
      "model": "energytransfers.transformator",
      "pk": 9,
      "fields": {
        "latitudeTransformator": "3.465657",
        "lengthTransformator": "-76.500669",
        "is_active": true,
        "substationTransformator": 5
      }
    },
    {
      "model": "energytransfers.transformator",
      "pk": 10,
      "fields": {
        "latitudeTransformator": "3.484713",
        "lengthTransformator": "-76.497644",
        "is_active": true,
        "substationTransformator": 5
      }
    },
    {
      "model": "energytransfers.counter",
      "pk": 1,
      "fields": {
        "latitudeCounter": "3.429708",
        "lengthCounter": "-76.501172",
        "counter": 254,
        "is_active": true,
        "addressCounter": "Cra. 28c #50-2 a 50-178",
        "clientCounter": 1,
        "transformatorCounter": 1
      }
    },
    {
      "model": "energytransfers.counter",
      "pk": 2,
      "fields": {
        "latitudeCounter": "3.429556",
        "lengthCounter": "-76.504896",
        "counter": 273,
        "is_active": true,
        "addressCounter": "Tv. 33g #28e-2 a 28e-64",
        "clientCounter": 2,
        "transformatorCounter": 1
      }
    },
    {
      "model": "energytransfers.counter",
      "pk": 3,
      "fields": {
        "latitudeCounter": "3.428764",
        "lengthCounter": "-76.506723",
        "counter": 101,
        "is_active": true,
        "addressCounter": "Dg. 28d #29-2 a 29-96",
        "clientCounter": 3,
        "transformatorCounter": 1
      }
    },
    {
      "model": "energytransfers.counter",
      "pk": 4,
      "fields": {
        "latitudeCounter": "3.430769",
        "lengthCounter": "-76.508757",
        "counter": 241,
        "is_active": true,
        "addressCounter": "Tv. 28a #27a-89 a 27a-1",
        "clientCounter": 4,
        "transformatorCounter": 1
      }
    },
    {
      "model": "energytransfers.counter",
      "pk": 5,
      "fields": {
        "latitudeCounter": "3.43748",
        "lengthCounter": "-76.508385",
        "counter": 195,
        "is_active": true,
        "addressCounter": "Cl. 33f #23-12 a 23-64",
        "clientCounter": 5,
        "transformatorCounter": 1
      }
    },
    {
      "model": "energytransfers.counter",
      "pk": 6,
      "fields": {
        "latitudeCounter": "3.470128",
        "lengthCounter": "-76.490096",
        "counter": 282,
        "is_active": true,
        "addressCounter": "Cl. 64a #2d-39 a 2d-1",
        "clientCounter": 6,
        "transformatorCounter": 2
      }
    },
    {
      "model": "energytransfers.counter",
      "pk": 7,
      "fields": {
        "latitudeCounter": "3.462938",
        "lengthCounter": "-76.504564",
        "counter": 412,
        "is_active": true,
        "addressCounter": "Cl. 46 #4b-8 a 4b-28",
        "clientCounter": 7,
        "transformatorCounter": 2
      }
    },
    {
      "model": "energytransfers.counter",
      "pk": 8,
      "fields": {
        "latitudeCounter": "3.459106",
        "lengthCounter": "-76.487694",
        "counter": 336,
        "is_active": true,
        "addressCounter": "Cra. 7f #64-65 a 64-1",
        "clientCounter": 8,
        "transformatorCounter": 2
      }
    },
    {
      "model": "energytransfers.counter",
      "pk": 9,
      "fields": {
        "latitudeCounter": "3.475513",
        "lengthCounter": "-76.50132",
        "counter": 153,
        "is_active": true,
        "addressCounter": "Cra. 1B #5450",
        "clientCounter": 9,
        "transformatorCounter": 2
      }
    },
    {
      "model": "energytransfers.counter",
      "pk": 10,
      "fields": {
        "latitudeCounter": "3.471357",
        "lengthCounter": "-76.498292",
        "counter": 492,
        "is_active": true,
        "addressCounter": "Cra. 1d 2 #56-94",
        "clientCounter": 10,
        "transformatorCounter": 2
      }
    },
    {
      "model": "factures.history",
      "pk": 1,
      "fields": {
        "counter": 1,
        "consumption": 29,
        "registryHistory": "2020-04-30"
      }
    },
    {
      "model": "factures.history",
      "pk": 2,
      "fields": {
        "counter": 1,
        "consumption": 25,
        "registryHistory": "2020-05-13"
      }
    },
    {
      "model": "factures.history",
      "pk": 3,
      "fields": {
        "counter": 2,
        "consumption": 15,
        "registryHistory": "2020-04-30"
      }
    },
    {
      "model": "factures.history",
      "pk": 4,
      "fields": {
        "counter": 2,
        "consumption": 33,
        "registryHistory": "2020-05-13"
      }
    },
    {
      "model": "factures.history",
      "pk": 5,
      "fields": {
        "counter": 3,
        "consumption": 28,
        "registryHistory": "2020-04-30"
      }
    },
    {
      "model": "factures.history",
      "pk": 6,
      "fields": {
        "counter": 3,
        "consumption": 31,
        "registryHistory": "2020-05-13"
      }
    },
    {
      "model": "factures.history",
      "pk": 7,
      "fields": {
        "counter": 4,
        "consumption": 41,
        "registryHistory": "2020-04-30"
      }
    },
    {
      "model": "factures.history",
      "pk": 8,
      "fields": {
        "counter": 4,
        "consumption": 34,
        "registryHistory": "2020-05-13"
      }
    },
    {
      "model": "factures.history",
      "pk": 9,
      "fields": {
        "counter": 5,
        "consumption": 42,
        "registryHistory": "2020-04-30"
      }
    },
    {
      "model": "factures.history",
      "pk": 10,
      "fields": {
        "counter": 5,
        "consumption": 49,
        "registryHistory": "2020-05-13"
      }
    },
    {
      "model": "factures.history",
      "pk": 11,
      "fields": {
        "counter": 6,
        "consumption": 34,
        "registryHistory": "2020-04-30"
      }
    },
    {
      "model": "factures.history",
      "pk": 12,
      "fields": {
        "counter": 6,
        "consumption": 26,
        "registryHistory": "2020-05-13"
      }
    },
    {
      "model": "factures.history",
      "pk": 13,
      "fields": {
        "counter": 7,
        "consumption": 24,
        "registryHistory": "2020-04-30"
      }
    },
    {
      "model": "factures.history",
      "pk": 14,
      "fields": {
        "counter": 7,
        "consumption": 22,
        "registryHistory": "2020-05-13"
      }
    },
    {
      "model": "factures.history",
      "pk": 15,
      "fields": {
        "counter": 8,
        "consumption": 13,
        "registryHistory": "2020-04-30"
      }
    },
    {
      "model": "factures.history",
      "pk": 16,
      "fields": {
        "counter": 8,
        "consumption": 30,
        "registryHistory": "2020-05-13"
      }
    },
    {
      "model": "factures.history",
      "pk": 17,
      "fields": {
        "counter": 9,
        "consumption": 18,
        "registryHistory": "2020-04-30"
      }
    },
    {
      "model": "factures.history",
      "pk": 18,
      "fields": {
        "counter": 9,
        "consumption": 36,
        "registryHistory": "2020-05-13"
      }
    },
    {
      "model": "factures.history",
      "pk": 19,
      "fields": {
        "counter": 10,
        "consumption": 18,
        "registryHistory": "2020-04-30"
      }
    },
    {
      "model": "factures.history",
      "pk": 20,
      "fields": {
        "counter": 10,
        "consumption": 33,
        "registryHistory": "2020-05-13"
      }
    },
    {
      "model": "factures.invoiceservices",
      "pk": 1,
      "fields": {
        "consumptiondaysInvoice": 30,
        "paymentdeadlineInvoice": "2020-05-05",
        "billingdateInvoice": "2020-04-30",
        "stateInvoice": true,
        "referencecodeInvoice": "20200430(175915326153)7722039",
        "total": 130000,
        "client": 1,
        "history": 1
      }
    },
    {
      "model": "factures.invoiceservices",
      "pk": 2,
      "fields": {
        "consumptiondaysInvoice": 13,
        "paymentdeadlineInvoice": "2020-05-15",
        "billingdateInvoice": "2020-05-13",
        "stateInvoice": false,
        "referencecodeInvoice": "20200514(021715444226)6060393",
        "total": 70000,
        "client": 1,
        "history": 2
      }
    },
    {
      "model": "factures.invoiceservices",
      "pk": 3,
      "fields": {
        "consumptiondaysInvoice": 30,
        "paymentdeadlineInvoice": "2020-05-05",
        "billingdateInvoice": "2020-04-30",
        "stateInvoice": true,
        "referencecodeInvoice": "20200430(175915326153)2316956",
        "total": 130000,
        "client": 2,
        "history": 3
      }
    },
    {
      "model": "factures.invoiceservices",
      "pk": 4,
      "fields": {
        "consumptiondaysInvoice": 13,
        "paymentdeadlineInvoice": "2020-05-15",
        "billingdateInvoice": "2020-05-13",
        "stateInvoice": false,
        "referencecodeInvoice": "20200514(021715444260)3795523",
        "total": 70000,
        "client": 2,
        "history": 4
      }
    },
    {
      "model": "factures.invoiceservices",
      "pk": 5,
      "fields": {
        "consumptiondaysInvoice": 30,
        "paymentdeadlineInvoice": "2020-05-05",
        "billingdateInvoice": "2020-04-30",
        "stateInvoice": true,
        "referencecodeInvoice": "20200430(175915326153)7027395",
        "total": 130000,
        "client": 3,
        "history": 5
      }
    },
    {
      "model": "factures.invoiceservices",
      "pk": 6,
      "fields": {
        "consumptiondaysInvoice": 13,
        "paymentdeadlineInvoice": "2020-05-15",
        "billingdateInvoice": "2020-05-13",
        "stateInvoice": false,
        "referencecodeInvoice": "20200514(021715444272)1851012",
        "total": 70000,
        "client": 3,
        "history": 6
      }
    },
    {
      "model": "factures.invoiceservices",
      "pk": 7,
      "fields": {
        "consumptiondaysInvoice": 30,
        "paymentdeadlineInvoice": "2020-05-05",
        "billingdateInvoice": "2020-04-30",
        "stateInvoice": true,
        "referencecodeInvoice": "20200430(175915326153)4314159",
        "total": 130000,
        "client": 4,
        "history": 7
      }
    },
    {
      "model": "factures.invoiceservices",
      "pk": 8,
      "fields": {
        "consumptiondaysInvoice": 13,
        "paymentdeadlineInvoice": "2020-05-15",
        "billingdateInvoice": "2020-05-13",
        "stateInvoice": false,
        "referencecodeInvoice": "20200514(021715444283)6975881",
        "total": 70000,
        "client": 4,
        "history": 8
      }
    },
    {
      "model": "factures.invoiceservices",
      "pk": 9,
      "fields": {
        "consumptiondaysInvoice": 30,
        "paymentdeadlineInvoice": "2020-05-05",
        "billingdateInvoice": "2020-04-30",
        "stateInvoice": true,
        "referencecodeInvoice": "20200430(175915326153)9318473",
        "total": 130000,
        "client": 5,
        "history": 9
      }
    },
    {
      "model": "factures.invoiceservices",
      "pk": 10,
      "fields": {
        "consumptiondaysInvoice": 13,
        "paymentdeadlineInvoice": "2020-05-15",
        "billingdateInvoice": "2020-05-13",
        "stateInvoice": false,
        "referencecodeInvoice": "20200514(021715444296)3908192",
        "total": 70000,
        "client": 5,
        "history": 10
      }
    },
    {
      "model": "factures.invoiceservices",
      "pk": 11,
      "fields": {
        "consumptiondaysInvoice": 30,
        "paymentdeadlineInvoice": "2020-05-05",
        "billingdateInvoice": "2020-04-30",
        "stateInvoice": true,
        "referencecodeInvoice": "20200430(175915326153)4465293",
        "total": 130000,
        "client": 6,
        "history": 11
      }
    },
    {
      "model": "factures.invoiceservices",
      "pk": 12,
      "fields": {
        "consumptiondaysInvoice": 13,
        "paymentdeadlineInvoice": "2020-05-15",
        "billingdateInvoice": "2020-05-13",
        "stateInvoice": false,
        "referencecodeInvoice": "20200514(021715444307)2453126",
        "total": 70000,
        "client": 6,
        "history": 12
      }
    },
    {
      "model": "factures.invoiceservices",
      "pk": 13,
      "fields": {
        "consumptiondaysInvoice": 30,
        "paymentdeadlineInvoice": "2020-05-05",
        "billingdateInvoice": "2020-04-30",
        "stateInvoice": true,
        "referencecodeInvoice": "20200430(175915326153)7847940",
        "total": 130000,
        "client": 7,
        "history": 13
      }
    },
    {
      "model": "factures.invoiceservices",
      "pk": 14,
      "fields": {
        "consumptiondaysInvoice": 13,
        "paymentdeadlineInvoice": "2020-05-15",
        "billingdateInvoice": "2020-05-13",
        "stateInvoice": false,
        "referencecodeInvoice": "20200514(021715444319)5986759",
        "total": 70000,
        "client": 7,
        "history": 14
      }
    },
    {
      "model": "factures.invoiceservices",
      "pk": 15,
      "fields": {
        "consumptiondaysInvoice": 30,
        "paymentdeadlineInvoice": "2020-05-05",
        "billingdateInvoice": "2020-04-30",
        "stateInvoice": true,
        "referencecodeInvoice": "20200430(175915326153)7603610",
        "total": 130000,
        "client": 8,
        "history": 15
      }
    },
    {
      "model": "factures.invoiceservices",
      "pk": 16,
      "fields": {
        "consumptiondaysInvoice": 13,
        "paymentdeadlineInvoice": "2020-05-15",
        "billingdateInvoice": "2020-05-13",
        "stateInvoice": false,
        "referencecodeInvoice": "20200514(021715444329)7822848",
        "total": 70000,
        "client": 8,
        "history": 16
      }
    },
    {
      "model": "factures.invoiceservices",
      "pk": 17,
      "fields": {
        "consumptiondaysInvoice": 30,
        "paymentdeadlineInvoice": "2020-05-05",
        "billingdateInvoice": "2020-04-30",
        "stateInvoice": true,
        "referencecodeInvoice": "20200430(175915326153)7305606",
        "total": 130000,
        "client": 9,
        "history": 17
      }
    },
    {
      "model": "factures.invoiceservices",
      "pk": 18,
      "fields": {
        "consumptiondaysInvoice": 13,
        "paymentdeadlineInvoice": "2020-05-15",
        "billingdateInvoice": "2020-05-13",
        "stateInvoice": false,
        "referencecodeInvoice": "20200514(021715444340)1997164",
        "total": 70000,
        "client": 9,
        "history": 18
      }
    },
    {
      "model": "factures.invoiceservices",
      "pk": 19,
      "fields": {
        "consumptiondaysInvoice": 30,
        "paymentdeadlineInvoice": "2020-05-05",
        "billingdateInvoice": "2020-04-30",
        "stateInvoice": true,
        "referencecodeInvoice": "20200430(175915326153)3753741",
        "total": 130000,
        "client": 10,
        "history": 19
      }
    },
    {
      "model": "factures.invoiceservices",
      "pk": 20,
      "fields": {
        "consumptiondaysInvoice": 13,
        "paymentdeadlineInvoice": "2020-05-15",
        "billingdateInvoice": "2020-05-13",
        "stateInvoice": false,
        "referencecodeInvoice": "20200514(021715444350)3606086",
        "total": 70000,
        "client": 10,
        "history": 20
      }
    },
    {
      "model": "payments.payment",
      "pk": 1,
      "fields": {
        "valuePayment": 130000,
        "datePayment": "2020-05-01T01:53:37.426Z",
        "facturaPayment": 1
      }
    },
    {
      "model": "payments.payment",
      "pk": 2,
      "fields": {
        "valuePayment": 130000,
        "datePayment": "2020-05-01T01:53:37.426Z",
        "facturaPayment": 3
      }
    },
    {
      "model": "payments.payment",
      "pk": 3,
      "fields": {
        "valuePayment": 130000,
        "datePayment": "2020-05-01T01:53:37.426Z",
        "facturaPayment": 5
      }
    },
    {
      "model": "payments.payment",
      "pk": 4,
      "fields": {
        "valuePayment": 130000,
        "datePayment": "2020-05-01T01:53:37.426Z",
        "facturaPayment": 7
      }
    },
    {
      "model": "payments.payment",
      "pk": 5,
      "fields": {
        "valuePayment": 130000,
        "datePayment": "2020-05-01T01:53:37.426Z",
        "facturaPayment": 9
      }
    },
    {
      "model": "payments.payment",
      "pk": 6,
      "fields": {
        "valuePayment": 130000,
        "datePayment": "2020-05-01T01:53:37.426Z",
        "facturaPayment": 11
      }
    },
    {
      "model": "payments.payment",
      "pk": 7,
      "fields": {
        "valuePayment": 130000,
        "datePayment": "2020-05-01T01:53:37.426Z",
        "facturaPayment": 13
      }
    },
    {
      "model": "payments.payment",
      "pk": 8,
      "fields": {
        "valuePayment": 130000,
        "datePayment": "2020-05-01T01:53:37.426Z",
        "facturaPayment": 15
      }
    },
    {
      "model": "payments.payment",
      "pk": 9,
      "fields": {
        "valuePayment": 130000,
        "datePayment": "2020-05-01T01:53:37.426Z",
        "facturaPayment": 17
      }
    },
    {
      "model": "payments.payment",
      "pk": 10,
      "fields": {
        "valuePayment": 130000,
        "datePayment": "2020-05-01T01:53:37.426Z",
        "facturaPayment": 19
      }
    }
  ]