[
    {
      "model": "users.CustomUser",
      "pk": 1,
      "fields": {
        "id_user": "892234066",
        "name": "Cecilia Urquijo Barma",
        "email": "Cecilia@hotmail.com",
        "password": "pbkdf2_sha256$180000$RF6hNbz7K98k$NqpQ4fwNkOl59q97kB1X/qvqu+eUWYxqQaigk432LXw=",
        "phone": "4114863",
        "address": "Carrera 3A # 37 - 147",
        "neighborhood": "Los Robles",
        "is_active": true,
        "is_staff": false,
        "is_superuser": false
      }
    },
    {
      "model": "users.CustomUser",
      "pk": 2,
      "fields": {
        "id_user": "200142121",
        "name": "Teófilo Egusquiza Madariaga",
        "email": "Teofilo@gmail.com",
        "password": "pbkdf2_sha256$180000$craCd6VYwKyH$kyD26V1PArcV+06r81xgn27RDihZj2e8hnelMUu7o4E=",
        "phone": "3333754",
        "address": "Carrera 66B # 54 - 55",
        "neighborhood": "El Retiro",
        "is_active": true,
        "is_staff": false,
        "is_superuser": false
      }
    },
    {
      "model": "users.CustomUser",
      "pk": 3,
      "fields": {
        "id_user": "974165345",
        "name": "Pancracio Ispuzua Chave",
        "email": "Pancracio@gmail.com",
        "password": "pbkdf2_sha256$180000$i6MZOHQ8xRVY$dwWzEaTTT2k0iUXIbof631kN/AtteOIUGweB4BNQ4Yg=",
        "phone": "4987752",
        "address": "Calle 91D # 51 - 70",
        "neighborhood": "Belen",
        "is_active": true,
        "is_staff": false,
        "is_superuser": false
      }
    },
    {
      "model": "users.CustomUser",
      "pk": 4,
      "fields": {
        "id_user": "319815792",
        "name": "Celeste Ganzo Vicente",
        "email": "Celeste@gmail.com",
        "password": "pbkdf2_sha256$180000$nKV8EIMF44IB$8Sk4vPlH4D5PwjRpE2JG33jNmtQZz65isApenmWK5Vs=",
        "phone": "4321901",
        "address": "Diagonal 20C # 69 - 105",
        "neighborhood": "Potrero Grande",
        "is_active": true,
        "is_staff": false,
        "is_superuser": false
      }
    },
    {
      "model": "users.CustomUser",
      "pk": 5,
      "fields": {
        "id_user": "788257456",
        "name": "Luis Valino Vango",
        "email": "Luis@yahoo.com",
        "password": "pbkdf2_sha256$180000$MFYrbfGpCy0j$jqGe/tupkvnLYXKLFVuL3WuD7fRxFptxaeLm2WJEBAA=",
        "phone": "4309758",
        "address": "Diagonal 73E # 97 - 41",
        "neighborhood": "Calima",
        "is_active": true,
        "is_staff": false,
        "is_superuser": false
      }
    },
    {
      "model": "users.CustomUser",
      "pk": 6,
      "fields": {
        "id_user": "922552092",
        "name": "Florencia Cucho Ahedo",
        "email": "Florencia@yahoo.com",
        "password": "pbkdf2_sha256$180000$ZvMrQXF0deeG$Si0GSzilB1i9Z6XEXprvM4l1g87ILioLKZ9o7fNKDRs=",
        "phone": "4336174",
        "address": "Calle 37B # 73 - 108",
        "neighborhood": "Llano verde",
        "is_active": true,
        "is_staff": false,
        "is_superuser": false
      }
    },
    {
      "model": "users.CustomUser",
      "pk": 7,
      "fields": {
        "id_user": "749171521",
        "name": "Mariano Mogrovejo Gante",
        "email": "Mariano@yahoo.com",
        "password": "pbkdf2_sha256$180000$0ErAtp87Ib6I$976JQpoSBCuP1a3w1l8fPHsWdHQDcBFF2QLvA0Uk+u0=",
        "phone": "3283099",
        "address": "Diagonal 87E # 55 - 28",
        "neighborhood": "Calipso",
        "is_active": true,
        "is_staff": false,
        "is_superuser": false
      }
    },
    {
      "model": "users.CustomUser",
      "pk": 8,
      "fields": {
        "id_user": "283495603",
        "name": "Angélica Ter Tosantos",
        "email": "Angelica@gmail.com",
        "password": "pbkdf2_sha256$180000$8SvH3vcTSGDF$w2OFTPvsZQpPrMD4Odqj6LHDzp0icdcDoSzffyULlQM=",
        "phone": "4043599",
        "address": "Carrera 12A # 55 - 197",
        "neighborhood": "El vergel",
        "is_active": true,
        "is_staff": false,
        "is_superuser": false
      }
    },
    {
      "model": "users.CustomUser",
      "pk": 9,
      "fields": {
        "id_user": "168819036",
        "name": "Antonio Incera Fontoria",
        "email": "Antonio@gmail.com",
        "password": "pbkdf2_sha256$180000$CbWolOSAlMYz$ZBuXokYuLpNav4OTnLpE7J03gCzBAuZ6Gn5JrNylfaY=",
        "phone": "4784649",
        "address": "Diagonal 43B # 86 - 94",
        "neighborhood": "Potrero Grande",
        "is_active": true,
        "is_staff": false,
        "is_superuser": false
      }
    },
    {
      "model": "users.CustomUser",
      "pk": 10,
      "fields": {
        "id_user": "1099379183",
        "name": "Lupita Soret Garmendia",
        "email": "Lupita@gmail.com",
        "password": "pbkdf2_sha256$180000$yBPn9BALjtJY$SXw0QLsWvfgocoqFWvXKo5W4Srg/Ld6MiFBuBW0EP50=",
        "phone": "3493062",
        "address": "Calle 46E # 1 - 157",
        "neighborhood": "El vergel",
        "is_active": true,
        "is_staff": false,
        "is_superuser": false
      }
    },
    {
      "model": "users.CustomUser",
      "pk": 11,
      "fields": {
        "id_user": "1144189914",
        "name": "Esneider Manzano",
        "email": "esneider@gmail.com",
        "password": "pbkdf2_sha256$180000$W4DSmgbKj7dK$s6p1mSZZ7bhhcbaKuQxpXLN8QP03eGULkW9/Rd+819w=",
        "phone": "4455971",
        "address": "cra28 C # 54-123",
        "neighborhood": "sindical",
        "is_active": true,
        "is_staff": true,
        "is_superuser": false
      }
    },
    {
      "model": "users.CustomUser",
      "pk": 12,
      "fields": {
        "id_user": "1144189915",
        "name": "Luis de Huevosalva",
        "email": "luis@gmail.com",
        "password": "pbkdf2_sha256$180000$W4DSmgbKj7dK$s6p1mSZZ7bhhcbaKuQxpXLN8QP03eGULkW9/Rd+819w=",
        "phone": "4455972",
        "address": "cra28 C # 54-124",
        "neighborhood": "sindical",
        "is_active": true,
        "is_staff": true,
        "is_superuser": false
      }
    },
    {
      "model": "users.CustomUser",
      "pk": 13,
      "fields": {
        "id_user": "1144189910",
        "name": "Taborda",
        "email": "taborda@gmail.com",
        "password": "pbkdf2_sha256$180000$W4DSmgbKj7dK$s6p1mSZZ7bhhcbaKuQxpXLN8QP03eGULkW9/Rd+819w=",
        "phone": "4455970",
        "address": "cra28 C # 54-127",
        "neighborhood": "sindical",
        "is_active": true,
        "is_staff": true,
        "is_superuser": false
      }
    },
    {
      "model": "users.Worker",
      "pk": 1,
      "fields": {
        "user": 11,
        "user_type": 1
      }
    },
    {
      "model": "users.Worker",
      "pk": 2,
      "fields": {
        "user": 12,
        "user_type": 2
      }
    },
    {
      "model": "users.Worker",
      "pk": 3,
      "fields": {
        "user": 13,
        "user_type": 3
      }
    },
    {
      "model": "users.Client",
      "pk": 1,
      "fields": {
        "user": 1,
        "type_client": 1,
        "interes_mora": 0
      }
    },
    {
      "model": "users.Client",
      "pk": 2,
      "fields": {
        "user": 2,
        "type_client": 1,
        "interes_mora": 0
      }
    },
    {
      "model": "users.Client",
      "pk": 3,
      "fields": {
        "user": 3,
        "type_client": 1,
        "interes_mora": 0
      }
    },
    {
      "model": "users.Client",
      "pk": 4,
      "fields": {
        "user": 4,
        "type_client": 1,
        "interes_mora": 0
      }
    },
    {
      "model": "users.Client",
      "pk": 5,
      "fields": {
        "user": 5,
        "type_client": 1,
        "interes_mora": 0
      }
    },
    {
      "model": "users.Client",
      "pk": 6,
      "fields": {
        "user": 6,
        "type_client": 1,
        "interes_mora": 0
      }
    },
    {
      "model": "users.Client",
      "pk": 7,
      "fields": {
        "user": 7,
        "type_client": 1,
        "interes_mora": 0
      }
    },
    {
      "model": "users.Client",
      "pk": 8,
      "fields": {
        "user": 8,
        "type_client": 1,
        "interes_mora": 0
      }
    },
    {
      "model": "users.Client",
      "pk": 9,
      "fields": {
        "user": 9,
        "type_client": 1,
        "interes_mora": 0
      }
    },
    {
      "model": "users.Client",
      "pk": 10,
      "fields": {
        "user": 10,
        "type_client": 1,
        "interes_mora": 0
      }
    },
    {
      "model": "energytransfers.substation",
      "pk": 1,
      "fields": {
        "latitudeSubstation": "3.372908",
        "lengthSubstation": "-76.532479",
        "is_active": true
      }
    },
    {
      "model": "energytransfers.substation",
      "pk": 2,
      "fields": {
        "latitudeSubstation": "3.428119",
        "lengthSubstation": "-76.479726",
        "is_active": true
      }
    },
    {
      "model": "energytransfers.substation",
      "pk": 3,
      "fields": {
        "latitudeSubstation": "3.425783",
        "lengthSubstation": "-76.508505",
        "is_active": true
      }
    },
    {
      "model": "energytransfers.substation",
      "pk": 4,
      "fields": {
        "latitudeSubstation": "3.456173",
        "lengthSubstation": "-76.532861",
        "is_active": true
      }
    },
    {
      "model": "energytransfers.substation",
      "pk": 5,
      "fields": {
        "latitudeSubstation": "3.467536",
        "lengthSubstation": "-76.495797",
        "is_active": true
      }
    },
    {
      "model": "energytransfers.transformator",
      "pk": 1,
      "fields": {
        "latitudeTransformator": "3.395716",
        "lengthTransformator": "-76.54822",
        "is_active": true,
        "substationTransformator": 1
      }
    },
    {
      "model": "energytransfers.transformator",
      "pk": 2,
      "fields": {
        "latitudeTransformator": "3.380439",
        "lengthTransformator": "-76.54449",
        "is_active": true,
        "substationTransformator": 1
      }
    },
    {
      "model": "energytransfers.transformator",
      "pk": 3,
      "fields": {
        "latitudeTransformator": "3.42622",
        "lengthTransformator": "-76.480782",
        "is_active": true,
        "substationTransformator": 2
      }
    },
    {
      "model": "energytransfers.transformator",
      "pk": 4,
      "fields": {
        "latitudeTransformator": "3.418405",
        "lengthTransformator": "-76.471679",
        "is_active": true,
        "substationTransformator": 2
      }
    },
    {
      "model": "energytransfers.transformator",
      "pk": 5,
      "fields": {
        "latitudeTransformator": "3.427807",
        "lengthTransformator": "-76.50048",
        "is_active": true,
        "substationTransformator": 3
      }
    },
    {
      "model": "energytransfers.transformator",
      "pk": 6,
      "fields": {
        "latitudeTransformator": "3.433637",
        "lengthTransformator": "-76.504623",
        "is_active": true,
        "substationTransformator": 3
      }
    },
    {
      "model": "energytransfers.transformator",
      "pk": 7,
      "fields": {
        "latitudeTransformator": "3.44834",
        "lengthTransformator": "-76.538648",
        "is_active": true,
        "substationTransformator": 4
      }
    },
    {
      "model": "energytransfers.transformator",
      "pk": 8,
      "fields": {
        "latitudeTransformator": "3.448628",
        "lengthTransformator": "-76.523636",
        "is_active": true,
        "substationTransformator": 4
      }
    },
    {
      "model": "energytransfers.transformator",
      "pk": 9,
      "fields": {
        "latitudeTransformator": "3.465657",
        "lengthTransformator": "-76.500669",
        "is_active": true,
        "substationTransformator": 5
      }
    },
    {
      "model": "energytransfers.transformator",
      "pk": 10,
      "fields": {
        "latitudeTransformator": "3.484713",
        "lengthTransformator": "-76.497644",
        "is_active": true,
        "substationTransformator": 5
      }
    },
    {
      "model": "energytransfers.counter",
      "pk": 1,
      "fields": {
        "latitudeCounter": "3.4613754609402134",
        "lengthCounter": "-76.50162220001222",
        "value": 1649,
        "is_active": true,
        "addressCounter": "Carrera 5 # 14-4",
        "stratum": 1,
        "transformatorCounter": 9
      }
    },
    {
      "model": "energytransfers.counter",
      "pk": 2,
      "fields": {
        "latitudeCounter": "3.463560148219834",
        "lengthCounter": "-76.49715900421144",
        "value": 1020,
        "is_active": true,
        "addressCounter": "Carrera 5 con calle 56",
        "stratum": 3,
        "transformatorCounter": 9
      }
    },
    {
      "model": "energytransfers.counter",
      "pk": 3,
      "fields": {
        "latitudeCounter": "3.468572058805507",
        "lengthCounter": "-76.50488376617432",
        "value": 1779,
        "is_active": true,
        "addressCounter": "Carrera 2 # 45",
        "stratum": 2,
        "transformatorCounter": 9
      }
    },
    {
      "model": "energytransfers.counter",
      "pk": 4,
      "fields": {
        "latitudeCounter": "3.4810374646865485",
        "lengthCounter": "-76.49346828460695",
        "value": 1205,
        "is_active": true,
        "addressCounter": "Calle 66A #43",
        "stratum": 6,
        "transformatorCounter": 10
      }
    },
    {
      "model": "energytransfers.counter",
      "pk": 5,
      "fields": {
        "latitudeCounter": "3.488105405079248",
        "lengthCounter": "-76.49904727935792",
        "value": 1210,
        "is_active": true,
        "addressCounter": "Calle 71 #42",
        "stratum": 4,
        "transformatorCounter": 10
      }
    },
    {
      "model": "energytransfers.counter",
      "pk": 6,
      "fields": {
        "latitudeCounter": "3.4357371374880414",
        "lengthCounter": "-76.5101408958435",
        "value": 1569,
        "is_active": true,
        "addressCounter": "Carrera 24 #4B",
        "stratum": 4,
        "transformatorCounter": 6
      }
    },
    {
      "model": "energytransfers.counter",
      "pk": 7,
      "fields": {
        "latitudeCounter": "3.437086540149677",
        "lengthCounter": "-76.504282951355",
        "value": 1671,
        "is_active": true,
        "addressCounter": "Carrera 24C #10",
        "stratum": 3,
        "transformatorCounter": 6
      }
    },
    {
      "model": "energytransfers.counter",
      "pk": 8,
      "fields": {
        "latitudeCounter": "3.4278120357529867",
        "lengthCounter": "-76.4970088005066",
        "value": 1806,
        "is_active": true,
        "addressCounter": "Carrera 28B #9",
        "stratum": 3,
        "transformatorCounter": 5
      }
    },
    {
      "model": "energytransfers.counter",
      "pk": 9,
      "fields": {
        "latitudeCounter": "3.4380932361303143",
        "lengthCounter": "-76.49919748306276",
        "value": 1566,
        "is_active": true,
        "addressCounter": "Carrera 25 #33-17",
        "stratum": 5,
        "transformatorCounter": 6
      }
    },
    {
      "model": "energytransfers.counter",
      "pk": 10,
      "fields": {
        "latitudeCounter": "3.4223072642741497",
        "lengthCounter": "-76.50091409683229",
        "value": 1751,
        "is_active": true,
        "addressCounter": "Carrera 29A #12-89",
        "stratum": 4,
        "transformatorCounter": 5
      }
    },
    {
      "model": "energytransfers.history",
      "pk": 1,
      "fields": {
        "current": 362,
        "consumption": 362,
        "registryHistory": "2019-12-31",
        "counter": 1
      }
    },
    {
      "model": "energytransfers.history",
      "pk": 2,
      "fields": {
        "current": 691,
        "consumption": 329,
        "registryHistory": "2020-01-31",
        "counter": 1
      }
    },
    {
      "model": "energytransfers.history",
      "pk": 3,
      "fields": {
        "current": 1004,
        "consumption": 313,
        "registryHistory": "2020-02-29",
        "counter": 1
      }
    },
    {
      "model": "energytransfers.history",
      "pk": 4,
      "fields": {
        "current": 1399,
        "consumption": 395,
        "registryHistory": "2020-03-31",
        "counter": 1
      }
    },
    {
      "model": "energytransfers.history",
      "pk": 5,
      "fields": {
        "current": 1646,
        "consumption": 247,
        "registryHistory": "2020-04-30",
        "counter": 1
      }
    },
    {
      "model": "energytransfers.history",
      "pk": 6,
      "fields": {
        "current": 173,
        "consumption": 173,
        "registryHistory": "2019-12-31",
        "counter": 2
      }
    },
    {
      "model": "energytransfers.history",
      "pk": 7,
      "fields": {
        "current": 417,
        "consumption": 244,
        "registryHistory": "2020-01-31",
        "counter": 2
      }
    },
    {
      "model": "energytransfers.history",
      "pk": 8,
      "fields": {
        "current": 570,
        "consumption": 153,
        "registryHistory": "2020-02-29",
        "counter": 2
      }
    },
    {
      "model": "energytransfers.history",
      "pk": 9,
      "fields": {
        "current": 753,
        "consumption": 183,
        "registryHistory": "2020-03-31",
        "counter": 2
      }
    },
    {
      "model": "energytransfers.history",
      "pk": 10,
      "fields": {
        "current": 1018,
        "consumption": 265,
        "registryHistory": "2020-04-30",
        "counter": 2
      }
    },
    {
      "model": "energytransfers.history",
      "pk": 11,
      "fields": {
        "current": 338,
        "consumption": 338,
        "registryHistory": "2019-12-31",
        "counter": 3
      }
    },
    {
      "model": "energytransfers.history",
      "pk": 12,
      "fields": {
        "current": 693,
        "consumption": 355,
        "registryHistory": "2020-01-31",
        "counter": 3
      }
    },
    {
      "model": "energytransfers.history",
      "pk": 13,
      "fields": {
        "current": 1119,
        "consumption": 426,
        "registryHistory": "2020-02-29",
        "counter": 3
      }
    },
    {
      "model": "energytransfers.history",
      "pk": 14,
      "fields": {
        "current": 1385,
        "consumption": 266,
        "registryHistory": "2020-03-31",
        "counter": 3
      }
    },
    {
      "model": "energytransfers.history",
      "pk": 15,
      "fields": {
        "current": 1776,
        "consumption": 391,
        "registryHistory": "2020-04-30",
        "counter": 3
      }
    },
    {
      "model": "energytransfers.history",
      "pk": 16,
      "fields": {
        "current": 289,
        "consumption": 289,
        "registryHistory": "2019-12-31",
        "counter": 4
      }
    },
    {
      "model": "energytransfers.history",
      "pk": 17,
      "fields": {
        "current": 505,
        "consumption": 216,
        "registryHistory": "2020-01-31",
        "counter": 4
      }
    },
    {
      "model": "energytransfers.history",
      "pk": 18,
      "fields": {
        "current": 818,
        "consumption": 313,
        "registryHistory": "2020-02-29",
        "counter": 4
      }
    },
    {
      "model": "energytransfers.history",
      "pk": 19,
      "fields": {
        "current": 998,
        "consumption": 180,
        "registryHistory": "2020-03-31",
        "counter": 4
      }
    },
    {
      "model": "energytransfers.history",
      "pk": 20,
      "fields": {
        "current": 1202,
        "consumption": 204,
        "registryHistory": "2020-04-30",
        "counter": 4
      }
    },
    {
      "model": "energytransfers.history",
      "pk": 21,
      "fields": {
        "current": 290,
        "consumption": 290,
        "registryHistory": "2019-12-31",
        "counter": 5
      }
    },
    {
      "model": "energytransfers.history",
      "pk": 22,
      "fields": {
        "current": 471,
        "consumption": 181,
        "registryHistory": "2020-01-31",
        "counter": 5
      }
    },
    {
      "model": "energytransfers.history",
      "pk": 23,
      "fields": {
        "current": 713,
        "consumption": 242,
        "registryHistory": "2020-02-29",
        "counter": 5
      }
    },
    {
      "model": "energytransfers.history",
      "pk": 24,
      "fields": {
        "current": 979,
        "consumption": 266,
        "registryHistory": "2020-03-31",
        "counter": 5
      }
    },
    {
      "model": "energytransfers.history",
      "pk": 25,
      "fields": {
        "current": 1208,
        "consumption": 229,
        "registryHistory": "2020-04-30",
        "counter": 5
      }
    },
    {
      "model": "energytransfers.history",
      "pk": 26,
      "fields": {
        "current": 235,
        "consumption": 235,
        "registryHistory": "2019-12-31",
        "counter": 6
      }
    },
    {
      "model": "energytransfers.history",
      "pk": 27,
      "fields": {
        "current": 501,
        "consumption": 266,
        "registryHistory": "2020-01-31",
        "counter": 6
      }
    },
    {
      "model": "energytransfers.history",
      "pk": 28,
      "fields": {
        "current": 908,
        "consumption": 407,
        "registryHistory": "2020-02-29",
        "counter": 6
      }
    },
    {
      "model": "energytransfers.history",
      "pk": 29,
      "fields": {
        "current": 1190,
        "consumption": 282,
        "registryHistory": "2020-03-31",
        "counter": 6
      }
    },
    {
      "model": "energytransfers.history",
      "pk": 30,
      "fields": {
        "current": 1566,
        "consumption": 376,
        "registryHistory": "2020-04-30",
        "counter": 6
      }
    },
    {
      "model": "energytransfers.history",
      "pk": 31,
      "fields": {
        "current": 401,
        "consumption": 401,
        "registryHistory": "2019-12-31",
        "counter": 7
      }
    },
    {
      "model": "energytransfers.history",
      "pk": 32,
      "fields": {
        "current": 768,
        "consumption": 367,
        "registryHistory": "2020-01-31",
        "counter": 7
      }
    },
    {
      "model": "energytransfers.history",
      "pk": 33,
      "fields": {
        "current": 1085,
        "consumption": 317,
        "registryHistory": "2020-02-29",
        "counter": 7
      }
    },
    {
      "model": "energytransfers.history",
      "pk": 34,
      "fields": {
        "current": 1335,
        "consumption": 250,
        "registryHistory": "2020-03-31",
        "counter": 7
      }
    },
    {
      "model": "energytransfers.history",
      "pk": 35,
      "fields": {
        "current": 1669,
        "consumption": 334,
        "registryHistory": "2020-04-30",
        "counter": 7
      }
    },
    {
      "model": "energytransfers.history",
      "pk": 36,
      "fields": {
        "current": 325,
        "consumption": 325,
        "registryHistory": "2019-12-31",
        "counter": 8
      }
    },
    {
      "model": "energytransfers.history",
      "pk": 37,
      "fields": {
        "current": 794,
        "consumption": 469,
        "registryHistory": "2020-01-31",
        "counter": 8
      }
    },
    {
      "model": "energytransfers.history",
      "pk": 38,
      "fields": {
        "current": 1064,
        "consumption": 270,
        "registryHistory": "2020-02-29",
        "counter": 8
      }
    },
    {
      "model": "energytransfers.history",
      "pk": 39,
      "fields": {
        "current": 1497,
        "consumption": 433,
        "registryHistory": "2020-03-31",
        "counter": 8
      }
    },
    {
      "model": "energytransfers.history",
      "pk": 40,
      "fields": {
        "current": 1804,
        "consumption": 307,
        "registryHistory": "2020-04-30",
        "counter": 8
      }
    },
    {
      "model": "energytransfers.history",
      "pk": 41,
      "fields": {
        "current": 297,
        "consumption": 297,
        "registryHistory": "2019-12-31",
        "counter": 9
      }
    },
    {
      "model": "energytransfers.history",
      "pk": 42,
      "fields": {
        "current": 531,
        "consumption": 234,
        "registryHistory": "2020-01-31",
        "counter": 9
      }
    },
    {
      "model": "energytransfers.history",
      "pk": 43,
      "fields": {
        "current": 844,
        "consumption": 313,
        "registryHistory": "2020-02-29",
        "counter": 9
      }
    },
    {
      "model": "energytransfers.history",
      "pk": 44,
      "fields": {
        "current": 1188,
        "consumption": 344,
        "registryHistory": "2020-03-31",
        "counter": 9
      }
    },
    {
      "model": "energytransfers.history",
      "pk": 45,
      "fields": {
        "current": 1563,
        "consumption": 375,
        "registryHistory": "2020-04-30",
        "counter": 9
      }
    },
    {
      "model": "energytransfers.history",
      "pk": 46,
      "fields": {
        "current": 262,
        "consumption": 262,
        "registryHistory": "2019-12-31",
        "counter": 10
      }
    },
    {
      "model": "energytransfers.history",
      "pk": 47,
      "fields": {
        "current": 559,
        "consumption": 297,
        "registryHistory": "2020-01-31",
        "counter": 10
      }
    },
    {
      "model": "energytransfers.history",
      "pk": 48,
      "fields": {
        "current": 874,
        "consumption": 315,
        "registryHistory": "2020-02-29",
        "counter": 10
      }
    },
    {
      "model": "energytransfers.history",
      "pk": 49,
      "fields": {
        "current": 1329,
        "consumption": 455,
        "registryHistory": "2020-03-31",
        "counter": 10
      }
    },
    {
      "model": "energytransfers.history",
      "pk": 50,
      "fields": {
        "current": 1749,
        "consumption": 420,
        "registryHistory": "2020-04-30",
        "counter": 10
      }
    },
    {
      "model": "contract.contract",
      "pk": 20200515,
      "fields": {
        "client": 1,
        "counter": 1
      }
    },
    {
      "model": "contract.contract",
      "pk": 20200516,
      "fields": {
        "client": 2,
        "counter": 2
      }
    },
    {
      "model": "contract.contract",
      "pk": 20200517,
      "fields": {
        "client": 3,
        "counter": 3
      }
    },
    {
      "model": "contract.contract",
      "pk": 20200518,
      "fields": {
        "client": 4,
        "counter": 4
      }
    },
    {
      "model": "contract.contract",
      "pk": 20200519,
      "fields": {
        "client": 5,
        "counter": 5
      }
    },
    {
      "model": "contract.contract",
      "pk": 20200520,
      "fields": {
        "client": 6,
        "counter": 6
      }
    },
    {
      "model": "contract.contract",
      "pk": 20200521,
      "fields": {
        "client": 7,
        "counter": 7
      }
    },
    {
      "model": "contract.contract",
      "pk": 20200522,
      "fields": {
        "client": 8,
        "counter": 8
      }
    },
    {
      "model": "contract.contract",
      "pk": 20200523,
      "fields": {
        "client": 9,
        "counter": 9
      }
    },
    {
      "model": "contract.contract",
      "pk": 20200524,
      "fields": {
        "client": 10,
        "counter": 10
      }
    },
    {
      "model": "contract.Invoice",
      "pk": 2001,
      "fields": {
        "billingDate": "2019-12-31",
        "deadDatePay": "2020-01-10",
        "counter": 1,
        "address": "Carrera 5 # 14-4",
        "stratum": 1,
        "currentRecord": 362,
        "pastRecord": 0,
        "basicTake": 173,
        "remainder": 189,
        "unitaryValue": 589,
        "interestMora": 0,
        "totalMora": 0.0,
        "overdue": 0.0,
        "intakes": "12-362",
        "referencecodeInvoice": "202004301759797261533460010",
        "total": 152079.8,
        "stateInvoice": true,
        "is_active": false,
        "contract": 20200515
      }
    },
    {
      "model": "contract.Invoice",
      "pk": 2002,
      "fields": {
        "billingDate": "2020-01-31",
        "deadDatePay": "2020-02-10",
        "counter": 1,
        "address": "Carrera 5 # 14-4",
        "stratum": 1,
        "currentRecord": 691,
        "pastRecord": 362,
        "basicTake": 173,
        "remainder": 156,
        "unitaryValue": 589,
        "interestMora": 0,
        "totalMora": 0.0,
        "overdue": 0.0,
        "intakes": "1-329,12-362",
        "referencecodeInvoice": "202004301759325261533655450",
        "total": 132642.8,
        "stateInvoice": true,
        "is_active": false,
        "contract": 20200515
      }
    },
    {
      "model": "contract.Invoice",
      "pk": 2003,
      "fields": {
        "billingDate": "2020-02-29",
        "deadDatePay": "2020-03-10",
        "counter": 1,
        "address": "Carrera 5 # 14-4",
        "stratum": 1,
        "currentRecord": 1004,
        "pastRecord": 691,
        "basicTake": 173,
        "remainder": 140,
        "unitaryValue": 589,
        "interestMora": 0,
        "totalMora": 0.0,
        "overdue": 0.0,
        "intakes": "2-313,1-329,12-362",
        "referencecodeInvoice": "202004301759925261533785531",
        "total": 123218.79999999999,
        "stateInvoice": true,
        "is_active": false,
        "contract": 20200515
      }
    },
    {
      "model": "contract.Invoice",
      "pk": 2004,
      "fields": {
        "billingDate": "2020-03-31",
        "deadDatePay": "2020-04-10",
        "counter": 1,
        "address": "Carrera 5 # 14-4",
        "stratum": 1,
        "currentRecord": 1399,
        "pastRecord": 1004,
        "basicTake": 173,
        "remainder": 222,
        "unitaryValue": 589,
        "interestMora": 0,
        "totalMora": 0.0,
        "overdue": 0.0,
        "intakes": "3-395,2-313,1-329,12-362",
        "referencecodeInvoice": "202004301759126261533603133",
        "total": 171516.8,
        "stateInvoice": true,
        "is_active": false,
        "contract": 20200515
      }
    },
    {
      "model": "contract.Invoice",
      "pk": 2005,
      "fields": {
        "billingDate": "2020-04-30",
        "deadDatePay": "2020-05-10",
        "counter": 1,
        "address": "Carrera 5 # 14-4",
        "stratum": 1,
        "currentRecord": 1646,
        "pastRecord": 1399,
        "basicTake": 173,
        "remainder": 74,
        "unitaryValue": 589,
        "interestMora": 0,
        "totalMora": 0.0,
        "overdue": 0.0,
        "intakes": "4-247,3-395,2-313,1-329,12-362",
        "referencecodeInvoice": "202004301759155261538854958",
        "total": 84344.79999999999,
        "stateInvoice": true,
        "is_active": false,
        "contract": 20200515
      }
    },
    {
      "model": "contract.Invoice",
      "pk": 2006,
      "fields": {
        "billingDate": "2019-12-31",
        "deadDatePay": "2020-01-10",
        "counter": 2,
        "address": "Carrera 5 con calle 56",
        "stratum": 3,
        "currentRecord": 173,
        "pastRecord": 0,
        "basicTake": 173,
        "remainder": 0,
        "unitaryValue": 589,
        "interestMora": 0,
        "totalMora": 0.0,
        "overdue": 0.0,
        "intakes": "12-173",
        "referencecodeInvoice": "202004301759784261532506690",
        "total": 86612.45,
        "stateInvoice": true,
        "is_active": false,
        "contract": 20200516
      }
    },
    {
      "model": "contract.Invoice",
      "pk": 2007,
      "fields": {
        "billingDate": "2020-01-31",
        "deadDatePay": "2020-02-10",
        "counter": 2,
        "address": "Carrera 5 con calle 56",
        "stratum": 3,
        "currentRecord": 417,
        "pastRecord": 173,
        "basicTake": 173,
        "remainder": 71,
        "unitaryValue": 589,
        "interestMora": 0,
        "totalMora": 0.0,
        "overdue": 0.0,
        "intakes": "1-244,12-173",
        "referencecodeInvoice": "202004301759245261539345677",
        "total": 128431.45,
        "stateInvoice": true,
        "is_active": false,
        "contract": 20200516
      }
    },
    {
      "model": "contract.Invoice",
      "pk": 2008,
      "fields": {
        "billingDate": "2020-02-29",
        "deadDatePay": "2020-03-10",
        "counter": 2,
        "address": "Carrera 5 con calle 56",
        "stratum": 3,
        "currentRecord": 570,
        "pastRecord": 417,
        "basicTake": 153,
        "remainder": 0,
        "unitaryValue": 589,
        "interestMora": 0,
        "totalMora": 0.0,
        "overdue": 0.0,
        "intakes": "2-153,1-244,12-173",
        "referencecodeInvoice": "202004301759193261538292498",
        "total": 76599.45,
        "stateInvoice": true,
        "is_active": false,
        "contract": 20200516
      }
    },
    {
      "model": "contract.Invoice",
      "pk": 2009,
      "fields": {
        "billingDate": "2020-03-31",
        "deadDatePay": "2020-04-10",
        "counter": 2,
        "address": "Carrera 5 con calle 56",
        "stratum": 3,
        "currentRecord": 753,
        "pastRecord": 570,
        "basicTake": 173,
        "remainder": 10,
        "unitaryValue": 589,
        "interestMora": 0,
        "totalMora": 0.0,
        "overdue": 0.0,
        "intakes": "3-183,2-153,1-244,12-173",
        "referencecodeInvoice": "202004301759873261537570515",
        "total": 92502.45,
        "stateInvoice": true,
        "is_active": false,
        "contract": 20200516
      }
    },
    {
      "model": "contract.Invoice",
      "pk": 2010,
      "fields": {
        "billingDate": "2020-04-30",
        "deadDatePay": "2020-05-10",
        "counter": 2,
        "address": "Carrera 5 con calle 56",
        "stratum": 3,
        "currentRecord": 1018,
        "pastRecord": 753,
        "basicTake": 173,
        "remainder": 92,
        "unitaryValue": 589,
        "interestMora": 0,
        "totalMora": 0.0,
        "overdue": 0.0,
        "intakes": "4-265,3-183,2-153,1-244,12-173",
        "referencecodeInvoice": "202004301759276261539228018",
        "total": 140800.44999999998,
        "stateInvoice": true,
        "is_active": false,
        "contract": 20200516
      }
    },
    {
      "model": "contract.Invoice",
      "pk": 2011,
      "fields": {
        "billingDate": "2019-12-31",
        "deadDatePay": "2020-01-10",
        "counter": 3,
        "address": "Carrera 2 # 45",
        "stratum": 2,
        "currentRecord": 338,
        "pastRecord": 0,
        "basicTake": 173,
        "remainder": 165,
        "unitaryValue": 589,
        "interestMora": 0,
        "totalMora": 0.0,
        "overdue": 0.0,
        "intakes": "12-338",
        "referencecodeInvoice": "202004301759166261537319684",
        "total": 148133.5,
        "stateInvoice": true,
        "is_active": false,
        "contract": 20200517
      }
    },
    {
      "model": "contract.Invoice",
      "pk": 2012,
      "fields": {
        "billingDate": "2020-01-31",
        "deadDatePay": "2020-02-10",
        "counter": 3,
        "address": "Carrera 2 # 45",
        "stratum": 2,
        "currentRecord": 693,
        "pastRecord": 338,
        "basicTake": 173,
        "remainder": 182,
        "unitaryValue": 589,
        "interestMora": 0,
        "totalMora": 0.0,
        "overdue": 0.0,
        "intakes": "1-355,12-338",
        "referencecodeInvoice": "202004301759374261537536355",
        "total": 158146.5,
        "stateInvoice": true,
        "is_active": false,
        "contract": 20200517
      }
    },
    {
      "model": "contract.Invoice",
      "pk": 2013,
      "fields": {
        "billingDate": "2020-02-29",
        "deadDatePay": "2020-03-10",
        "counter": 3,
        "address": "Carrera 2 # 45",
        "stratum": 2,
        "currentRecord": 1119,
        "pastRecord": 693,
        "basicTake": 173,
        "remainder": 253,
        "unitaryValue": 589,
        "interestMora": 0,
        "totalMora": 0.0,
        "overdue": 0.0,
        "intakes": "2-426,1-355,12-338",
        "referencecodeInvoice": "202004301759331261537017290",
        "total": 199965.5,
        "stateInvoice": true,
        "is_active": false,
        "contract": 20200517
      }
    },
    {
      "model": "contract.Invoice",
      "pk": 2014,
      "fields": {
        "billingDate": "2020-03-31",
        "deadDatePay": "2020-04-10",
        "counter": 3,
        "address": "Carrera 2 # 45",
        "stratum": 2,
        "currentRecord": 1385,
        "pastRecord": 1119,
        "basicTake": 173,
        "remainder": 93,
        "unitaryValue": 589,
        "interestMora": 0,
        "totalMora": 0.0,
        "overdue": 0.0,
        "intakes": "3-266,2-426,1-355,12-338",
        "referencecodeInvoice": "202004301759673261536605783",
        "total": 105725.5,
        "stateInvoice": true,
        "is_active": false,
        "contract": 20200517
      }
    },
    {
      "model": "contract.Invoice",
      "pk": 2015,
      "fields": {
        "billingDate": "2020-04-30",
        "deadDatePay": "2020-05-10",
        "counter": 3,
        "address": "Carrera 2 # 45",
        "stratum": 2,
        "currentRecord": 1776,
        "pastRecord": 1385,
        "basicTake": 173,
        "remainder": 218,
        "unitaryValue": 589,
        "interestMora": 0,
        "totalMora": 0.0,
        "overdue": 0.0,
        "intakes": "4-391,3-266,2-426,1-355,12-338",
        "referencecodeInvoice": "202004301759401261534990098",
        "total": 179350.5,
        "stateInvoice": true,
        "is_active": false,
        "contract": 20200517
      }
    },
    {
      "model": "contract.Invoice",
      "pk": 2016,
      "fields": {
        "billingDate": "2019-12-31",
        "deadDatePay": "2020-01-10",
        "counter": 4,
        "address": "Calle 66A #43",
        "stratum": 6,
        "currentRecord": 289,
        "pastRecord": 0,
        "basicTake": 173,
        "remainder": 116,
        "unitaryValue": 589,
        "interestMora": 0,
        "totalMora": 0.0,
        "overdue": 0.0,
        "intakes": "12-289",
        "referencecodeInvoice": "202004301759176261533914658",
        "total": 170221,
        "stateInvoice": true,
        "is_active": false,
        "contract": 20200518
      }
    },
    {
      "model": "contract.Invoice",
      "pk": 2017,
      "fields": {
        "billingDate": "2020-01-31",
        "deadDatePay": "2020-02-10",
        "counter": 4,
        "address": "Calle 66A #43",
        "stratum": 6,
        "currentRecord": 505,
        "pastRecord": 289,
        "basicTake": 173,
        "remainder": 43,
        "unitaryValue": 589,
        "interestMora": 0,
        "totalMora": 0.0,
        "overdue": 0.0,
        "intakes": "1-216,12-289",
        "referencecodeInvoice": "202004301759743261538677136",
        "total": 127224,
        "stateInvoice": true,
        "is_active": false,
        "contract": 20200518
      }
    },
    {
      "model": "contract.Invoice",
      "pk": 2018,
      "fields": {
        "billingDate": "2020-02-29",
        "deadDatePay": "2020-03-10",
        "counter": 4,
        "address": "Calle 66A #43",
        "stratum": 6,
        "currentRecord": 818,
        "pastRecord": 505,
        "basicTake": 173,
        "remainder": 140,
        "unitaryValue": 589,
        "interestMora": 0,
        "totalMora": 0.0,
        "overdue": 0.0,
        "intakes": "2-313,1-216,12-289",
        "referencecodeInvoice": "202004301759937261539015633",
        "total": 184357,
        "stateInvoice": true,
        "is_active": false,
        "contract": 20200518
      }
    },
    {
      "model": "contract.Invoice",
      "pk": 2019,
      "fields": {
        "billingDate": "2020-03-31",
        "deadDatePay": "2020-04-10",
        "counter": 4,
        "address": "Calle 66A #43",
        "stratum": 6,
        "currentRecord": 998,
        "pastRecord": 818,
        "basicTake": 173,
        "remainder": 7,
        "unitaryValue": 589,
        "interestMora": 0,
        "totalMora": 0.0,
        "overdue": 0.0,
        "intakes": "3-180,2-313,1-216,12-289",
        "referencecodeInvoice": "202004301759905261538425914",
        "total": 106020,
        "stateInvoice": true,
        "is_active": false,
        "contract": 20200518
      }
    },
    {
      "model": "contract.Invoice",
      "pk": 2020,
      "fields": {
        "billingDate": "2020-04-30",
        "deadDatePay": "2020-05-10",
        "counter": 4,
        "address": "Calle 66A #43",
        "stratum": 6,
        "currentRecord": 1202,
        "pastRecord": 998,
        "basicTake": 173,
        "remainder": 31,
        "unitaryValue": 589,
        "interestMora": 0,
        "totalMora": 0.0,
        "overdue": 0.0,
        "intakes": "4-204,3-180,2-313,1-216,12-289",
        "referencecodeInvoice": "202004301759819261536887070",
        "total": 120156,
        "stateInvoice": true,
        "is_active": false,
        "contract": 20200518
      }
    },
    {
      "model": "contract.Invoice",
      "pk": 2021,
      "fields": {
        "billingDate": "2019-12-31",
        "deadDatePay": "2020-01-10",
        "counter": 5,
        "address": "Calle 71 #42",
        "stratum": 4,
        "currentRecord": 290,
        "pastRecord": 0,
        "basicTake": 173,
        "remainder": 117,
        "unitaryValue": 589,
        "interestMora": 0,
        "totalMora": 0.0,
        "overdue": 0.0,
        "intakes": "12-290",
        "referencecodeInvoice": "202004301759629261537928154",
        "total": 170810,
        "stateInvoice": true,
        "is_active": false,
        "contract": 20200519
      }
    },
    {
      "model": "contract.Invoice",
      "pk": 2022,
      "fields": {
        "billingDate": "2020-01-31",
        "deadDatePay": "2020-02-10",
        "counter": 5,
        "address": "Calle 71 #42",
        "stratum": 4,
        "currentRecord": 471,
        "pastRecord": 290,
        "basicTake": 173,
        "remainder": 8,
        "unitaryValue": 589,
        "interestMora": 0,
        "totalMora": 0.0,
        "overdue": 0.0,
        "intakes": "1-181,12-290",
        "referencecodeInvoice": "202004301759634261539533454",
        "total": 106609,
        "stateInvoice": true,
        "is_active": false,
        "contract": 20200519
      }
    },
    {
      "model": "contract.Invoice",
      "pk": 2023,
      "fields": {
        "billingDate": "2020-02-29",
        "deadDatePay": "2020-03-10",
        "counter": 5,
        "address": "Calle 71 #42",
        "stratum": 4,
        "currentRecord": 713,
        "pastRecord": 471,
        "basicTake": 173,
        "remainder": 69,
        "unitaryValue": 589,
        "interestMora": 0,
        "totalMora": 0.0,
        "overdue": 0.0,
        "intakes": "2-242,1-181,12-290",
        "referencecodeInvoice": "202004301759814261533555702",
        "total": 142538,
        "stateInvoice": true,
        "is_active": false,
        "contract": 20200519
      }
    },
    {
      "model": "contract.Invoice",
      "pk": 2024,
      "fields": {
        "billingDate": "2020-03-31",
        "deadDatePay": "2020-04-10",
        "counter": 5,
        "address": "Calle 71 #42",
        "stratum": 4,
        "currentRecord": 979,
        "pastRecord": 713,
        "basicTake": 173,
        "remainder": 93,
        "unitaryValue": 589,
        "interestMora": 0,
        "totalMora": 0.0,
        "overdue": 0.0,
        "intakes": "3-266,2-242,1-181,12-290",
        "referencecodeInvoice": "202004301759912261533570424",
        "total": 156674,
        "stateInvoice": true,
        "is_active": false,
        "contract": 20200519
      }
    },
    {
      "model": "contract.Invoice",
      "pk": 2025,
      "fields": {
        "billingDate": "2020-04-30",
        "deadDatePay": "2020-05-10",
        "counter": 5,
        "address": "Calle 71 #42",
        "stratum": 4,
        "currentRecord": 1208,
        "pastRecord": 979,
        "basicTake": 173,
        "remainder": 56,
        "unitaryValue": 589,
        "interestMora": 0,
        "totalMora": 0.0,
        "overdue": 0.0,
        "intakes": "4-229,3-266,2-242,1-181,12-290",
        "referencecodeInvoice": "202004301759306261533215544",
        "total": 134881,
        "stateInvoice": true,
        "is_active": false,
        "contract": 20200519
      }
    },
    {
      "model": "contract.Invoice",
      "pk": 2026,
      "fields": {
        "billingDate": "2019-12-31",
        "deadDatePay": "2020-01-10",
        "counter": 6,
        "address": "Carrera 24 #4B",
        "stratum": 4,
        "currentRecord": 235,
        "pastRecord": 0,
        "basicTake": 173,
        "remainder": 62,
        "unitaryValue": 589,
        "interestMora": 0,
        "totalMora": 0.0,
        "overdue": 0.0,
        "intakes": "12-235",
        "referencecodeInvoice": "202004301759417261535783189",
        "total": 138415,
        "stateInvoice": true,
        "is_active": false,
        "contract": 20200520
      }
    },
    {
      "model": "contract.Invoice",
      "pk": 2027,
      "fields": {
        "billingDate": "2020-01-31",
        "deadDatePay": "2020-02-10",
        "counter": 6,
        "address": "Carrera 24 #4B",
        "stratum": 4,
        "currentRecord": 501,
        "pastRecord": 235,
        "basicTake": 173,
        "remainder": 93,
        "unitaryValue": 589,
        "interestMora": 0,
        "totalMora": 0.0,
        "overdue": 0.0,
        "intakes": "1-266,12-235",
        "referencecodeInvoice": "202004301759300261532526681",
        "total": 156674,
        "stateInvoice": true,
        "is_active": false,
        "contract": 20200520
      }
    },
    {
      "model": "contract.Invoice",
      "pk": 2028,
      "fields": {
        "billingDate": "2020-02-29",
        "deadDatePay": "2020-03-10",
        "counter": 6,
        "address": "Carrera 24 #4B",
        "stratum": 4,
        "currentRecord": 908,
        "pastRecord": 501,
        "basicTake": 173,
        "remainder": 234,
        "unitaryValue": 589,
        "interestMora": 0,
        "totalMora": 0.0,
        "overdue": 0.0,
        "intakes": "2-407,1-266,12-235",
        "referencecodeInvoice": "202004301759914261536664632",
        "total": 239723,
        "stateInvoice": true,
        "is_active": false,
        "contract": 20200520
      }
    },
    {
      "model": "contract.Invoice",
      "pk": 2029,
      "fields": {
        "billingDate": "2020-03-31",
        "deadDatePay": "2020-04-10",
        "counter": 6,
        "address": "Carrera 24 #4B",
        "stratum": 4,
        "currentRecord": 1190,
        "pastRecord": 908,
        "basicTake": 173,
        "remainder": 109,
        "unitaryValue": 589,
        "interestMora": 0,
        "totalMora": 0.0,
        "overdue": 0.0,
        "intakes": "3-282,2-407,1-266,12-235",
        "referencecodeInvoice": "202004301759776261537471762",
        "total": 166098,
        "stateInvoice": true,
        "is_active": false,
        "contract": 20200520
      }
    },
    {
      "model": "contract.Invoice",
      "pk": 2030,
      "fields": {
        "billingDate": "2020-04-30",
        "deadDatePay": "2020-05-10",
        "counter": 6,
        "address": "Carrera 24 #4B",
        "stratum": 4,
        "currentRecord": 1566,
        "pastRecord": 1190,
        "basicTake": 173,
        "remainder": 203,
        "unitaryValue": 589,
        "interestMora": 0,
        "totalMora": 0.0,
        "overdue": 0.0,
        "intakes": "4-376,3-282,2-407,1-266,12-235",
        "referencecodeInvoice": "202004301759858261533969277",
        "total": 221464,
        "stateInvoice": true,
        "is_active": false,
        "contract": 20200520
      }
    },
    {
      "model": "contract.Invoice",
      "pk": 2031,
      "fields": {
        "billingDate": "2019-12-31",
        "deadDatePay": "2020-01-10",
        "counter": 7,
        "address": "Carrera 24C #10",
        "stratum": 3,
        "currentRecord": 401,
        "pastRecord": 0,
        "basicTake": 173,
        "remainder": 228,
        "unitaryValue": 589,
        "interestMora": 0,
        "totalMora": 0.0,
        "overdue": 0.0,
        "intakes": "12-401",
        "referencecodeInvoice": "202004301759834261535216901",
        "total": 220904.44999999998,
        "stateInvoice": true,
        "is_active": false,
        "contract": 20200521
      }
    },
    {
      "model": "contract.Invoice",
      "pk": 2032,
      "fields": {
        "billingDate": "2020-01-31",
        "deadDatePay": "2020-02-10",
        "counter": 7,
        "address": "Carrera 24C #10",
        "stratum": 3,
        "currentRecord": 768,
        "pastRecord": 401,
        "basicTake": 173,
        "remainder": 194,
        "unitaryValue": 589,
        "interestMora": 0,
        "totalMora": 0.0,
        "overdue": 0.0,
        "intakes": "1-367,12-401",
        "referencecodeInvoice": "202004301759577261532515317",
        "total": 200878.44999999998,
        "stateInvoice": true,
        "is_active": false,
        "contract": 20200521
      }
    },
    {
      "model": "contract.Invoice",
      "pk": 2033,
      "fields": {
        "billingDate": "2020-02-29",
        "deadDatePay": "2020-03-10",
        "counter": 7,
        "address": "Carrera 24C #10",
        "stratum": 3,
        "currentRecord": 1085,
        "pastRecord": 768,
        "basicTake": 173,
        "remainder": 144,
        "unitaryValue": 589,
        "interestMora": 0,
        "totalMora": 0.0,
        "overdue": 0.0,
        "intakes": "2-317,1-367,12-401",
        "referencecodeInvoice": "202004301759676261538457255",
        "total": 171428.44999999998,
        "stateInvoice": true,
        "is_active": false,
        "contract": 20200521
      }
    },
    {
      "model": "contract.Invoice",
      "pk": 2034,
      "fields": {
        "billingDate": "2020-03-31",
        "deadDatePay": "2020-04-10",
        "counter": 7,
        "address": "Carrera 24C #10",
        "stratum": 3,
        "currentRecord": 1335,
        "pastRecord": 1085,
        "basicTake": 173,
        "remainder": 77,
        "unitaryValue": 589,
        "interestMora": 0,
        "totalMora": 0.0,
        "overdue": 0.0,
        "intakes": "3-250,2-317,1-367,12-401",
        "referencecodeInvoice": "202004301759670261535866809",
        "total": 131965.44999999998,
        "stateInvoice": true,
        "is_active": false,
        "contract": 20200521
      }
    },
    {
      "model": "contract.Invoice",
      "pk": 2035,
      "fields": {
        "billingDate": "2020-04-30",
        "deadDatePay": "2020-05-10",
        "counter": 7,
        "address": "Carrera 24C #10",
        "stratum": 3,
        "currentRecord": 1669,
        "pastRecord": 1335,
        "basicTake": 173,
        "remainder": 161,
        "unitaryValue": 589,
        "interestMora": 0,
        "totalMora": 0.0,
        "overdue": 0.0,
        "intakes": "4-334,3-250,2-317,1-367,12-401",
        "referencecodeInvoice": "202004301759291261533123389",
        "total": 181441.44999999998,
        "stateInvoice": true,
        "is_active": false,
        "contract": 20200521
      }
    },
    {
      "model": "contract.Invoice",
      "pk": 2036,
      "fields": {
        "billingDate": "2019-12-31",
        "deadDatePay": "2020-01-10",
        "counter": 8,
        "address": "Carrera 28B #9",
        "stratum": 3,
        "currentRecord": 325,
        "pastRecord": 0,
        "basicTake": 173,
        "remainder": 152,
        "unitaryValue": 589,
        "interestMora": 0,
        "totalMora": 0.0,
        "overdue": 0.0,
        "intakes": "12-325",
        "referencecodeInvoice": "202004301759429261532475116",
        "total": 176140.44999999998,
        "stateInvoice": true,
        "is_active": false,
        "contract": 20200522
      }
    },
    {
      "model": "contract.Invoice",
      "pk": 2037,
      "fields": {
        "billingDate": "2020-01-31",
        "deadDatePay": "2020-02-10",
        "counter": 8,
        "address": "Carrera 28B #9",
        "stratum": 3,
        "currentRecord": 794,
        "pastRecord": 325,
        "basicTake": 173,
        "remainder": 296,
        "unitaryValue": 589,
        "interestMora": 0,
        "totalMora": 0.0,
        "overdue": 0.0,
        "intakes": "1-469,12-325",
        "referencecodeInvoice": "202004301759768261534512115",
        "total": 260956.44999999998,
        "stateInvoice": true,
        "is_active": false,
        "contract": 20200522
      }
    },
    {
      "model": "contract.Invoice",
      "pk": 2038,
      "fields": {
        "billingDate": "2020-02-29",
        "deadDatePay": "2020-03-10",
        "counter": 8,
        "address": "Carrera 28B #9",
        "stratum": 3,
        "currentRecord": 1064,
        "pastRecord": 794,
        "basicTake": 173,
        "remainder": 97,
        "unitaryValue": 589,
        "interestMora": 0,
        "totalMora": 0.0,
        "overdue": 0.0,
        "intakes": "2-270,1-469,12-325",
        "referencecodeInvoice": "202004301759165261535812685",
        "total": 143745.44999999998,
        "stateInvoice": true,
        "is_active": false,
        "contract": 20200522
      }
    },
    {
      "model": "contract.Invoice",
      "pk": 2039,
      "fields": {
        "billingDate": "2020-03-31",
        "deadDatePay": "2020-04-10",
        "counter": 8,
        "address": "Carrera 28B #9",
        "stratum": 3,
        "currentRecord": 1497,
        "pastRecord": 1064,
        "basicTake": 173,
        "remainder": 260,
        "unitaryValue": 589,
        "interestMora": 0,
        "totalMora": 0.0,
        "overdue": 0.0,
        "intakes": "3-433,2-270,1-469,12-325",
        "referencecodeInvoice": "202004301759662261535366682",
        "total": 239752.44999999998,
        "stateInvoice": true,
        "is_active": false,
        "contract": 20200522
      }
    },
    {
      "model": "contract.Invoice",
      "pk": 2040,
      "fields": {
        "billingDate": "2020-04-30",
        "deadDatePay": "2020-05-10",
        "counter": 8,
        "address": "Carrera 28B #9",
        "stratum": 3,
        "currentRecord": 1804,
        "pastRecord": 1497,
        "basicTake": 173,
        "remainder": 134,
        "unitaryValue": 589,
        "interestMora": 0,
        "totalMora": 0.0,
        "overdue": 0.0,
        "intakes": "4-307,3-433,2-270,1-469,12-325",
        "referencecodeInvoice": "202004301759871261539327768",
        "total": 165538.44999999998,
        "stateInvoice": true,
        "is_active": false,
        "contract": 20200522
      }
    },
    {
      "model": "contract.Invoice",
      "pk": 2041,
      "fields": {
        "billingDate": "2019-12-31",
        "deadDatePay": "2020-01-10",
        "counter": 9,
        "address": "Carrera 25 #33-17",
        "stratum": 5,
        "currentRecord": 297,
        "pastRecord": 0,
        "basicTake": 173,
        "remainder": 124,
        "unitaryValue": 589,
        "interestMora": 0,
        "totalMora": 0.0,
        "overdue": 0.0,
        "intakes": "12-297",
        "referencecodeInvoice": "202004301759911261535498432",
        "total": 174933,
        "stateInvoice": true,
        "is_active": false,
        "contract": 20200523
      }
    },
    {
      "model": "contract.Invoice",
      "pk": 2042,
      "fields": {
        "billingDate": "2020-01-31",
        "deadDatePay": "2020-02-10",
        "counter": 9,
        "address": "Carrera 25 #33-17",
        "stratum": 5,
        "currentRecord": 531,
        "pastRecord": 297,
        "basicTake": 173,
        "remainder": 61,
        "unitaryValue": 589,
        "interestMora": 0,
        "totalMora": 0.0,
        "overdue": 0.0,
        "intakes": "1-234,12-297",
        "referencecodeInvoice": "202004301759304261539990647",
        "total": 137826,
        "stateInvoice": true,
        "is_active": false,
        "contract": 20200523
      }
    },
    {
      "model": "contract.Invoice",
      "pk": 2043,
      "fields": {
        "billingDate": "2020-02-29",
        "deadDatePay": "2020-03-10",
        "counter": 9,
        "address": "Carrera 25 #33-17",
        "stratum": 5,
        "currentRecord": 844,
        "pastRecord": 531,
        "basicTake": 173,
        "remainder": 140,
        "unitaryValue": 589,
        "interestMora": 0,
        "totalMora": 0.0,
        "overdue": 0.0,
        "intakes": "2-313,1-234,12-297",
        "referencecodeInvoice": "202004301759661261534645084",
        "total": 184357,
        "stateInvoice": true,
        "is_active": false,
        "contract": 20200523
      }
    },
    {
      "model": "contract.Invoice",
      "pk": 2044,
      "fields": {
        "billingDate": "2020-03-31",
        "deadDatePay": "2020-04-10",
        "counter": 9,
        "address": "Carrera 25 #33-17",
        "stratum": 5,
        "currentRecord": 1188,
        "pastRecord": 844,
        "basicTake": 173,
        "remainder": 171,
        "unitaryValue": 589,
        "interestMora": 0,
        "totalMora": 0.0,
        "overdue": 0.0,
        "intakes": "3-344,2-313,1-234,12-297",
        "referencecodeInvoice": "202004301759402261539787699",
        "total": 202616,
        "stateInvoice": true,
        "is_active": false,
        "contract": 20200523
      }
    },
    {
      "model": "contract.Invoice",
      "pk": 2045,
      "fields": {
        "billingDate": "2020-04-30",
        "deadDatePay": "2020-05-10",
        "counter": 9,
        "address": "Carrera 25 #33-17",
        "stratum": 5,
        "currentRecord": 1563,
        "pastRecord": 1188,
        "basicTake": 173,
        "remainder": 202,
        "unitaryValue": 589,
        "interestMora": 0,
        "totalMora": 0.0,
        "overdue": 0.0,
        "intakes": "4-375,3-344,2-313,1-234,12-297",
        "referencecodeInvoice": "202004301759520261537316359",
        "total": 220875,
        "stateInvoice": true,
        "is_active": false,
        "contract": 20200523
      }
    },
    {
      "model": "contract.Invoice",
      "pk": 2046,
      "fields": {
        "billingDate": "2019-12-31",
        "deadDatePay": "2020-01-10",
        "counter": 10,
        "address": "Carrera 29A #12-89",
        "stratum": 4,
        "currentRecord": 262,
        "pastRecord": 0,
        "basicTake": 173,
        "remainder": 89,
        "unitaryValue": 589,
        "interestMora": 0,
        "totalMora": 0.0,
        "overdue": 0.0,
        "intakes": "12-262",
        "referencecodeInvoice": "202004301759438261532953188",
        "total": 154318,
        "stateInvoice": true,
        "is_active": false,
        "contract": 20200524
      }
    },
    {
      "model": "contract.Invoice",
      "pk": 2047,
      "fields": {
        "billingDate": "2020-01-31",
        "deadDatePay": "2020-02-10",
        "counter": 10,
        "address": "Carrera 29A #12-89",
        "stratum": 4,
        "currentRecord": 559,
        "pastRecord": 262,
        "basicTake": 173,
        "remainder": 124,
        "unitaryValue": 589,
        "interestMora": 0,
        "totalMora": 0.0,
        "overdue": 0.0,
        "intakes": "1-297,12-262",
        "referencecodeInvoice": "202004301759128261539802788",
        "total": 174933,
        "stateInvoice": true,
        "is_active": false,
        "contract": 20200524
      }
    },
    {
      "model": "contract.Invoice",
      "pk": 2048,
      "fields": {
        "billingDate": "2020-02-29",
        "deadDatePay": "2020-03-10",
        "counter": 10,
        "address": "Carrera 29A #12-89",
        "stratum": 4,
        "currentRecord": 874,
        "pastRecord": 559,
        "basicTake": 173,
        "remainder": 142,
        "unitaryValue": 589,
        "interestMora": 0,
        "totalMora": 0.0,
        "overdue": 0.0,
        "intakes": "2-315,1-297,12-262",
        "referencecodeInvoice": "202004301759571261533590846",
        "total": 185535,
        "stateInvoice": true,
        "is_active": false,
        "contract": 20200524
      }
    },
    {
      "model": "contract.Invoice",
      "pk": 2049,
      "fields": {
        "billingDate": "2020-03-31",
        "deadDatePay": "2020-04-10",
        "counter": 10,
        "address": "Carrera 29A #12-89",
        "stratum": 4,
        "currentRecord": 1329,
        "pastRecord": 874,
        "basicTake": 173,
        "remainder": 282,
        "unitaryValue": 589,
        "interestMora": 0,
        "totalMora": 0.0,
        "overdue": 0.0,
        "intakes": "3-455,2-315,1-297,12-262",
        "referencecodeInvoice": "202004301759573261533543405",
        "total": 267995,
        "stateInvoice": true,
        "is_active": false,
        "contract": 20200524
      }
    },
    {
      "model": "contract.Invoice",
      "pk": 2050,
      "fields": {
        "billingDate": "2020-04-30",
        "deadDatePay": "2020-05-10",
        "counter": 10,
        "address": "Carrera 29A #12-89",
        "stratum": 4,
        "currentRecord": 1749,
        "pastRecord": 1329,
        "basicTake": 173,
        "remainder": 247,
        "unitaryValue": 589,
        "interestMora": 0,
        "totalMora": 0.0,
        "overdue": 0.0,
        "intakes": "4-420,3-455,2-315,1-297,12-262",
        "referencecodeInvoice": "202004301759488261534435160",
        "total": 247380,
        "stateInvoice": true,
        "is_active": false,
        "contract": 20200524
      }
    },
    {
      "model": "payments.payment",
      "pk": 40051,
      "fields": {
        "valuePayment": 152079.8,
        "datePayment": "2020-01-02 00:00:00",
        "facturaPayment": 2001
      }
    },
    {
      "model": "payments.payment",
      "pk": 40052,
      "fields": {
        "valuePayment": 132642.8,
        "datePayment": "2020-02-08 00:00:00",
        "facturaPayment": 2002
      }
    },
    {
      "model": "payments.payment",
      "pk": 40053,
      "fields": {
        "valuePayment": 123218.79999999999,
        "datePayment": "2020-03-06 00:00:00",
        "facturaPayment": 2003
      }
    },
    {
      "model": "payments.payment",
      "pk": 40054,
      "fields": {
        "valuePayment": 171516.8,
        "datePayment": "2020-04-01 00:00:00",
        "facturaPayment": 2004
      }
    },
    {
      "model": "payments.payment",
      "pk": 40055,
      "fields": {
        "valuePayment": 84344.79999999999,
        "datePayment": "2020-05-06 00:00:00",
        "facturaPayment": 2005
      }
    },
    {
      "model": "payments.payment",
      "pk": 40056,
      "fields": {
        "valuePayment": 86612.45,
        "datePayment": "2020-01-02 00:00:00",
        "facturaPayment": 2006
      }
    },
    {
      "model": "payments.payment",
      "pk": 40057,
      "fields": {
        "valuePayment": 128431.45,
        "datePayment": "2020-02-08 00:00:00",
        "facturaPayment": 2007
      }
    },
    {
      "model": "payments.payment",
      "pk": 40058,
      "fields": {
        "valuePayment": 76599.45,
        "datePayment": "2020-03-06 00:00:00",
        "facturaPayment": 2008
      }
    },
    {
      "model": "payments.payment",
      "pk": 40059,
      "fields": {
        "valuePayment": 92502.45,
        "datePayment": "2020-04-01 00:00:00",
        "facturaPayment": 2009
      }
    },
    {
      "model": "payments.payment",
      "pk": 40060,
      "fields": {
        "valuePayment": 140800.44999999998,
        "datePayment": "2020-05-01 00:00:00",
        "facturaPayment": 2010
      }
    },
    {
      "model": "payments.payment",
      "pk": 40061,
      "fields": {
        "valuePayment": 148133.5,
        "datePayment": "2020-01-07 00:00:00",
        "facturaPayment": 2011
      }
    },
    {
      "model": "payments.payment",
      "pk": 40062,
      "fields": {
        "valuePayment": 158146.5,
        "datePayment": "2020-02-02 00:00:00",
        "facturaPayment": 2012
      }
    },
    {
      "model": "payments.payment",
      "pk": 40063,
      "fields": {
        "valuePayment": 199965.5,
        "datePayment": "2020-03-07 00:00:00",
        "facturaPayment": 2013
      }
    },
    {
      "model": "payments.payment",
      "pk": 40064,
      "fields": {
        "valuePayment": 105725.5,
        "datePayment": "2020-04-07 00:00:00",
        "facturaPayment": 2014
      }
    },
    {
      "model": "payments.payment",
      "pk": 40065,
      "fields": {
        "valuePayment": 179350.5,
        "datePayment": "2020-05-06 00:00:00",
        "facturaPayment": 2015
      }
    },
    {
      "model": "payments.payment",
      "pk": 40066,
      "fields": {
        "valuePayment": 170221,
        "datePayment": "2020-01-06 00:00:00",
        "facturaPayment": 2016
      }
    },
    {
      "model": "payments.payment",
      "pk": 40067,
      "fields": {
        "valuePayment": 127224,
        "datePayment": "2020-02-08 00:00:00",
        "facturaPayment": 2017
      }
    },
    {
      "model": "payments.payment",
      "pk": 40068,
      "fields": {
        "valuePayment": 184357,
        "datePayment": "2020-03-05 00:00:00",
        "facturaPayment": 2018
      }
    },
    {
      "model": "payments.payment",
      "pk": 40069,
      "fields": {
        "valuePayment": 106020,
        "datePayment": "2020-04-05 00:00:00",
        "facturaPayment": 2019
      }
    },
    {
      "model": "payments.payment",
      "pk": 40070,
      "fields": {
        "valuePayment": 120156,
        "datePayment": "2020-05-01 00:00:00",
        "facturaPayment": 2020
      }
    },
    {
      "model": "payments.payment",
      "pk": 40071,
      "fields": {
        "valuePayment": 170810,
        "datePayment": "2020-01-05 00:00:00",
        "facturaPayment": 2021
      }
    },
    {
      "model": "payments.payment",
      "pk": 40072,
      "fields": {
        "valuePayment": 106609,
        "datePayment": "2020-02-03 00:00:00",
        "facturaPayment": 2022
      }
    },
    {
      "model": "payments.payment",
      "pk": 40073,
      "fields": {
        "valuePayment": 142538,
        "datePayment": "2020-03-01 00:00:00",
        "facturaPayment": 2023
      }
    },
    {
      "model": "payments.payment",
      "pk": 40074,
      "fields": {
        "valuePayment": 156674,
        "datePayment": "2020-04-01 00:00:00",
        "facturaPayment": 2024
      }
    },
    {
      "model": "payments.payment",
      "pk": 40075,
      "fields": {
        "valuePayment": 134881,
        "datePayment": "2020-05-04 00:00:00",
        "facturaPayment": 2025
      }
    },
    {
      "model": "payments.payment",
      "pk": 40076,
      "fields": {
        "valuePayment": 138415,
        "datePayment": "2020-01-04 00:00:00",
        "facturaPayment": 2026
      }
    },
    {
      "model": "payments.payment",
      "pk": 40077,
      "fields": {
        "valuePayment": 156674,
        "datePayment": "2020-02-07 00:00:00",
        "facturaPayment": 2027
      }
    },
    {
      "model": "payments.payment",
      "pk": 40078,
      "fields": {
        "valuePayment": 239723,
        "datePayment": "2020-03-02 00:00:00",
        "facturaPayment": 2028
      }
    },
    {
      "model": "payments.payment",
      "pk": 40079,
      "fields": {
        "valuePayment": 166098,
        "datePayment": "2020-04-07 00:00:00",
        "facturaPayment": 2029
      }
    },
    {
      "model": "payments.payment",
      "pk": 40080,
      "fields": {
        "valuePayment": 221464,
        "datePayment": "2020-05-05 00:00:00",
        "facturaPayment": 2030
      }
    },
    {
      "model": "payments.payment",
      "pk": 40081,
      "fields": {
        "valuePayment": 220904.44999999998,
        "datePayment": "2020-01-09 00:00:00",
        "facturaPayment": 2031
      }
    },
    {
      "model": "payments.payment",
      "pk": 40082,
      "fields": {
        "valuePayment": 200878.44999999998,
        "datePayment": "2020-02-05 00:00:00",
        "facturaPayment": 2032
      }
    },
    {
      "model": "payments.payment",
      "pk": 40083,
      "fields": {
        "valuePayment": 171428.44999999998,
        "datePayment": "2020-03-06 00:00:00",
        "facturaPayment": 2033
      }
    },
    {
      "model": "payments.payment",
      "pk": 40084,
      "fields": {
        "valuePayment": 131965.44999999998,
        "datePayment": "2020-04-05 00:00:00",
        "facturaPayment": 2034
      }
    },
    {
      "model": "payments.payment",
      "pk": 40085,
      "fields": {
        "valuePayment": 181441.44999999998,
        "datePayment": "2020-05-06 00:00:00",
        "facturaPayment": 2035
      }
    },
    {
      "model": "payments.payment",
      "pk": 40086,
      "fields": {
        "valuePayment": 176140.44999999998,
        "datePayment": "2020-01-03 00:00:00",
        "facturaPayment": 2036
      }
    },
    {
      "model": "payments.payment",
      "pk": 40087,
      "fields": {
        "valuePayment": 260956.44999999998,
        "datePayment": "2020-02-06 00:00:00",
        "facturaPayment": 2037
      }
    },
    {
      "model": "payments.payment",
      "pk": 40088,
      "fields": {
        "valuePayment": 143745.44999999998,
        "datePayment": "2020-03-08 00:00:00",
        "facturaPayment": 2038
      }
    },
    {
      "model": "payments.payment",
      "pk": 40089,
      "fields": {
        "valuePayment": 239752.44999999998,
        "datePayment": "2020-04-08 00:00:00",
        "facturaPayment": 2039
      }
    },
    {
      "model": "payments.payment",
      "pk": 40090,
      "fields": {
        "valuePayment": 165538.44999999998,
        "datePayment": "2020-05-05 00:00:00",
        "facturaPayment": 2040
      }
    },
    {
      "model": "payments.payment",
      "pk": 40091,
      "fields": {
        "valuePayment": 174933,
        "datePayment": "2020-01-02 00:00:00",
        "facturaPayment": 2041
      }
    },
    {
      "model": "payments.payment",
      "pk": 40092,
      "fields": {
        "valuePayment": 137826,
        "datePayment": "2020-02-08 00:00:00",
        "facturaPayment": 2042
      }
    },
    {
      "model": "payments.payment",
      "pk": 40093,
      "fields": {
        "valuePayment": 184357,
        "datePayment": "2020-03-04 00:00:00",
        "facturaPayment": 2043
      }
    },
    {
      "model": "payments.payment",
      "pk": 40094,
      "fields": {
        "valuePayment": 202616,
        "datePayment": "2020-04-08 00:00:00",
        "facturaPayment": 2044
      }
    },
    {
      "model": "payments.payment",
      "pk": 40095,
      "fields": {
        "valuePayment": 220875,
        "datePayment": "2020-05-01 00:00:00",
        "facturaPayment": 2045
      }
    },
    {
      "model": "payments.payment",
      "pk": 40096,
      "fields": {
        "valuePayment": 154318,
        "datePayment": "2020-01-07 00:00:00",
        "facturaPayment": 2046
      }
    },
    {
      "model": "payments.payment",
      "pk": 40097,
      "fields": {
        "valuePayment": 174933,
        "datePayment": "2020-02-08 00:00:00",
        "facturaPayment": 2047
      }
    },
    {
      "model": "payments.payment",
      "pk": 40098,
      "fields": {
        "valuePayment": 185535,
        "datePayment": "2020-03-09 00:00:00",
        "facturaPayment": 2048
      }
    },
    {
      "model": "payments.payment",
      "pk": 40099,
      "fields": {
        "valuePayment": 267995,
        "datePayment": "2020-04-03 00:00:00",
        "facturaPayment": 2049
      }
    },
    {
      "model": "payments.payment",
      "pk": 40100,
      "fields": {
        "valuePayment": 247380,
        "datePayment": "2020-05-06 00:00:00",
        "facturaPayment": 2050
      }
    }
  ]