[{"model": "users.CustomUser", "pk": 1, "fields": {"id_user": "908914203", "name": "Cecilia Urquijo Barma", "email": "Cecilia@gmail.com", "password": "pbkdf2_sha256$180000$iE9hEkgDdx3D$1MS+KkIr2ZNdqSV8fZE+l1u5vTdzIwvyyBMeZq53HSI=", "phone": "3829938", "address": "Carrera 51B # 78 - 188", "neighborhood": "Los Robles", "is_active": true, "is_staff": false, "is_superuser": false}}, {"model": "users.CustomUser", "pk": 2, "fields": {"id_user": "251233094", "name": "Teófilo Egusquiza Madariaga", "email": "Teofilo@yahoo.com", "password": "pbkdf2_sha256$180000$XX5fLHeMTfbc$1FGXKpNXV3Y+U969HSC17hmn0MfP+waPzzgQOt5Hib4=", "phone": "3280755", "address": "Carrera 11A # 41 - 103", "neighborhood": "Marroquin", "is_active": true, "is_staff": false, "is_superuser": false}}, {"model": "users.CustomUser", "pk": 3, "fields": {"id_user": "722913268", "name": "Pancracio Ispuzua Chave", "email": "Pancracio@gmail.com", "password": "pbkdf2_sha256$180000$DE97qKLuNEGD$F98odM7dPmAp82mCZo1jFnA9mAmIBNOSV9HpoaP5PN0=", "phone": "3300311", "address": "Diagonal 21D # 9 - 134", "neighborhood": "Sindical", "is_active": true, "is_staff": false, "is_superuser": false}}, {"model": "users.CustomUser", "pk": 4, "fields": {"id_user": "1004738730", "name": "Celeste Ganzo Vicente", "email": "Celeste@gmail.com", "password": "pbkdf2_sha256$180000$M02IfD2yOYvM$GcCaSkARZc5are6pVxCBSfBR/a5A+7lUDAapNuEJH9c=", "phone": "3070206", "address": "Diagonal 24E # 17 - 180", "neighborhood": "El Retiro", "is_active": true, "is_staff": false, "is_superuser": false}}, {"model": "users.CustomUser", "pk": 5, "fields": {"id_user": "231351332", "name": "Luis Valino Vango", "email": "Luis@yahoo.com", "password": "pbkdf2_sha256$180000$MJ5TbOmdKaL5$vCCFznLon214PcAf0Z6Aq8I5SYk8w3AjsMiI9sBVXdk=", "phone": "3758966", "address": "Transversal 76B # 37 - 184", "neighborhood": "El Retiro", "is_active": true, "is_staff": false, "is_superuser": false}}, {"model": "users.CustomUser", "pk": 6, "fields": {"id_user": "609723452", "name": "Florencia Cucho Ahedo", "email": "Florencia@hotmail.com", "password": "pbkdf2_sha256$180000$dURlDlsJLPm8$of6yo0ZXo2M4+U0QvaI+W4wvRmklIZGAEz7V5p1Hguk=", "phone": "4626415", "address": "Diagonal 27A # 7 - 54", "neighborhood": "Sindical", "is_active": true, "is_staff": false, "is_superuser": false}}, {"model": "users.CustomUser", "pk": 7, "fields": {"id_user": "1035660214", "name": "Mariano Mogrovejo Gante", "email": "Mariano@gmail.com", "password": "pbkdf2_sha256$180000$CWsgBNiAqTIh$FsgGQJLqa8NaCbn7XL0xvA0kq+5HQIzEfAHQZItT6uo=", "phone": "3072096", "address": "Carrera 95D # 99 - 191", "neighborhood": "Los Robles", "is_active": true, "is_staff": false, "is_superuser": false}}, {"model": "users.CustomUser", "pk": 8, "fields": {"id_user": "626812835", "name": "Angélica Ter Tosantos", "email": "Angelica@gmail.com", "password": "pbkdf2_sha256$180000$xGqSKJQeOm4z$fqIR95iP3Y/HGWx0OJcat7dar0l2JfXm7e/rt1fcITQ=", "phone": "4539380", "address": "Carrera 74B # 6 - 151", "neighborhood": "El vallado", "is_active": true, "is_staff": false, "is_superuser": false}}, {"model": "users.CustomUser", "pk": 9, "fields": {"id_user": "1123061735", "name": "Antonio Incera Fontoria", "email": "Antonio@gmail.com", "password": "pbkdf2_sha256$180000$LyRqD7GtHDYm$x1rYDnYLdJhb4D7dOI9jTSB8GYNaBxrb87VGAJ7+3VM=", "phone": "3365114", "address": "Carrera 1D # 98 - 137", "neighborhood": "El bronx", "is_active": true, "is_staff": false, "is_superuser": false}}, {"model": "users.CustomUser", "pk": 10, "fields": {"id_user": "197727978", "name": "Lupita Soret Garmendia", "email": "Lupita@yahoo.com", "password": "pbkdf2_sha256$180000$b7tLyfZB3fOM$/MVgFzh/jFGQycuaVCgCnrec/CcGv0gFiQF2SrOtL6U=", "phone": "4609570", "address": "Calle 11E # 87 - 161", "neighborhood": "Llano verde", "is_active": true, "is_staff": false, "is_superuser": false}}, {"model": "users.CustomUser", "pk": 11, "fields": {"id_user": "1144189914", "name": "Esneider Manzano", "email": "esneider@gmail.com", "password": "pbkdf2_sha256$180000$W4DSmgbKj7dK$s6p1mSZZ7bhhcbaKuQxpXLN8QP03eGULkW9/Rd+819w=", "phone": "4455971", "address": "cra28 C # 54-123", "neighborhood": "sindical", "is_active": true, "is_staff": true, "is_superuser": false}}, {"model": "users.CustomUser", "pk": 12, "fields": {"id_user": "1144189915", "name": "Luis de Huevosalva", "email": "luis@gmail.com", "password": "pbkdf2_sha256$180000$W4DSmgbKj7dK$s6p1mSZZ7bhhcbaKuQxpXLN8QP03eGULkW9/Rd+819w=", "phone": "4455972", "address": "cra28 C # 54-124", "neighborhood": "sindical", "is_active": true, "is_staff": true, "is_superuser": false}}, {"model": "users.CustomUser", "pk": 13, "fields": {"id_user": "1144189910", "name": "Taborda", "email": "taborda@gmail.com", "password": "pbkdf2_sha256$180000$W4DSmgbKj7dK$s6p1mSZZ7bhhcbaKuQxpXLN8QP03eGULkW9/Rd+819w=", "phone": "4455970", "address": "cra28 C # 54-127", "neighborhood": "sindical", "is_active": true, "is_staff": true, "is_superuser": false}}, {"model": "users.Worker", "pk": 1, "fields": {"user": 11, "user_type": 1}}, {"model": "users.Worker", "pk": 2, "fields": {"user": 12, "user_type": 2}}, {"model": "users.Worker", "pk": 3, "fields": {"user": 13, "user_type": 3}}, {"model": "users.Client", "pk": 1, "fields": {"user": 1, "type_client": 1}}, {"model": "users.Client", "pk": 2, "fields": {"user": 2, "type_client": 1}}, {"model": "users.Client", "pk": 3, "fields": {"user": 3, "type_client": 1}}, {"model": "users.Client", "pk": 4, "fields": {"user": 4, "type_client": 1}}, {"model": "users.Client", "pk": 5, "fields": {"user": 5, "type_client": 1}}, {"model": "users.Client", "pk": 6, "fields": {"user": 6, "type_client": 1}}, {"model": "users.Client", "pk": 7, "fields": {"user": 7, "type_client": 1}}, {"model": "users.Client", "pk": 8, "fields": {"user": 8, "type_client": 1}}, {"model": "users.Client", "pk": 9, "fields": {"user": 9, "type_client": 1}}, {"model": "users.Client", "pk": 10, "fields": {"user": 10, "type_client": 1}}, {"model": "energytransfers.substation", "pk": 1, "fields": {"latitudeSubstation": "3.372908", "lengthSubstation": "-76.532479", "is_active": true}}, {"model": "energytransfers.substation", "pk": 2, "fields": {"latitudeSubstation": "3.428119", "lengthSubstation": "-76.479726", "is_active": true}}, {"model": "energytransfers.substation", "pk": 3, "fields": {"latitudeSubstation": "3.425783", "lengthSubstation": "-76.508505", "is_active": true}}, {"model": "energytransfers.substation", "pk": 4, "fields": {"latitudeSubstation": "3.456173", "lengthSubstation": "-76.532861", "is_active": true}}, {"model": "energytransfers.substation", "pk": 5, "fields": {"latitudeSubstation": "3.467536", "lengthSubstation": "-76.495797", "is_active": true}}, {"model": "energytransfers.transformator", "pk": 1, "fields": {"latitudeTransformator": "3.395716", "lengthTransformator": "-76.54822", "is_active": true, "substationTransformator": 1}}, {"model": "energytransfers.transformator", "pk": 2, "fields": {"latitudeTransformator": "3.380439", "lengthTransformator": "-76.54449", "is_active": true, "substationTransformator": 1}}, {"model": "energytransfers.transformator", "pk": 3, "fields": {"latitudeTransformator": "3.42622", "lengthTransformator": "-76.480782", "is_active": true, "substationTransformator": 2}}, {"model": "energytransfers.transformator", "pk": 4, "fields": {"latitudeTransformator": "3.418405", "lengthTransformator": "-76.471679", "is_active": true, "substationTransformator": 2}}, {"model": "energytransfers.transformator", "pk": 5, "fields": {"latitudeTransformator": "3.427807", "lengthTransformator": "-76.50048", "is_active": true, "substationTransformator": 3}}, {"model": "energytransfers.transformator", "pk": 6, "fields": {"latitudeTransformator": "3.433637", "lengthTransformator": "-76.504623", "is_active": true, "substationTransformator": 3}}, {"model": "energytransfers.transformator", "pk": 7, "fields": {"latitudeTransformator": "3.44834", "lengthTransformator": "-76.538648", "is_active": true, "substationTransformator": 4}}, {"model": "energytransfers.transformator", "pk": 8, "fields": {"latitudeTransformator": "3.448628", "lengthTransformator": "-76.523636", "is_active": true, "substationTransformator": 4}}, {"model": "energytransfers.transformator", "pk": 9, "fields": {"latitudeTransformator": "3.465657", "lengthTransformator": "-76.500669", "is_active": true, "substationTransformator": 5}}, {"model": "energytransfers.transformator", "pk": 10, "fields": {"latitudeTransformator": "3.484713", "lengthTransformator": "-76.497644", "is_active": true, "substationTransformator": 5}}, {"model": "energytransfers.counter", "pk": 1, "fields": {"latitudeCounter": "3.4613754609402134", "lengthCounter": "-76.50162220001222", "value": 1260, "is_active": true, "addressCounter": "Carrera 5 # 14-4", "stratum": 1, "transformatorCounter": 9}}, {"model": "energytransfers.counter", "pk": 2, "fields": {"latitudeCounter": "3.463560148219834", "lengthCounter": "-76.49715900421144", "value": 1383, "is_active": true, "addressCounter": "Carrera 5 con calle 56", "stratum": 3, "transformatorCounter": 9}}, {"model": "energytransfers.counter", "pk": 3, "fields": {"latitudeCounter": "3.468572058805507", "lengthCounter": "-76.50488376617432", "value": 1993, "is_active": true, "addressCounter": "Carrera 2 # 45", "stratum": 2, "transformatorCounter": 9}}, {"model": "energytransfers.counter", "pk": 4, "fields": {"latitudeCounter": "3.4810374646865485", "lengthCounter": "-76.49346828460695", "value": 1462, "is_active": true, "addressCounter": "Calle 66A #43", "stratum": 6, "transformatorCounter": 10}}, {"model": "energytransfers.counter", "pk": 5, "fields": {"latitudeCounter": "3.488105405079248", "lengthCounter": "-76.49904727935792", "value": 1354, "is_active": true, "addressCounter": "Calle 71 #42", "stratum": 4, "transformatorCounter": 10}}, {"model": "energytransfers.counter", "pk": 6, "fields": {"latitudeCounter": "3.4357371374880414", "lengthCounter": "-76.5101408958435", "value": 1492, "is_active": true, "addressCounter": "Carrera 24 #4B", "stratum": 4, "transformatorCounter": 6}}, {"model": "energytransfers.counter", "pk": 7, "fields": {"latitudeCounter": "3.437086540149677", "lengthCounter": "-76.504282951355", "value": 1050, "is_active": true, "addressCounter": "Carrera 24C #10", "stratum": 3, "transformatorCounter": 6}}, {"model": "energytransfers.counter", "pk": 8, "fields": {"latitudeCounter": "3.4278120357529867", "lengthCounter": "-76.4970088005066", "value": 1323, "is_active": true, "addressCounter": "Carrera 28B #9", "stratum": 3, "transformatorCounter": 5}}, {"model": "energytransfers.counter", "pk": 9, "fields": {"latitudeCounter": "3.4380932361303143", "lengthCounter": "-76.49919748306276", "value": 1312, "is_active": true, "addressCounter": "Carrera 25 #33-17", "stratum": 5, "transformatorCounter": 6}}, {"model": "energytransfers.counter", "pk": 10, "fields": {"latitudeCounter": "3.4223072642741497", "lengthCounter": "-76.50091409683229", "value": 1631, "is_active": false, "addressCounter": "Carrera 29A #12-89", "stratum": 4, "transformatorCounter": 5}}, {"model": "energytransfers.history", "pk": 1, "fields": {"current": 302, "consumption": 302, "registryHistory": "2019-12-31", "counter": 1}}, {"model": "energytransfers.history", "pk": 2, "fields": {"current": 579, "consumption": 277, "registryHistory": "2020-01-31", "counter": 1}}, {"model": "energytransfers.history", "pk": 3, "fields": {"current": 831, "consumption": 252, "registryHistory": "2020-02-29", "counter": 1}}, {"model": "energytransfers.history", "pk": 4, "fields": {"current": 1020, "consumption": 189, "registryHistory": "2020-03-31", "counter": 1}}, {"model": "energytransfers.history", "pk": 5, "fields": {"current": 1259, "consumption": 239, "registryHistory": "2020-04-30", "counter": 1}}, {"model": "energytransfers.history", "pk": 6, "fields": {"current": 207, "consumption": 207, "registryHistory": "2019-12-31", "counter": 2}}, {"model": "energytransfers.history", "pk": 7, "fields": {"current": 455, "consumption": 248, "registryHistory": "2020-01-31", "counter": 2}}, {"model": "energytransfers.history", "pk": 8, "fields": {"current": 814, "consumption": 359, "registryHistory": "2020-02-29", "counter": 2}}, {"model": "energytransfers.history", "pk": 9, "fields": {"current": 1049, "consumption": 235, "registryHistory": "2020-03-31", "counter": 2}}, {"model": "energytransfers.history", "pk": 10, "fields": {"current": 1380, "consumption": 331, "registryHistory": "2020-04-30", "counter": 2}}, {"model": "energytransfers.history", "pk": 11, "fields": {"current": 438, "consumption": 438, "registryHistory": "2019-12-31", "counter": 3}}, {"model": "energytransfers.history", "pk": 12, "fields": {"current": 736, "consumption": 298, "registryHistory": "2020-01-31", "counter": 3}}, {"model": "energytransfers.history", "pk": 13, "fields": {"current": 1214, "consumption": 478, "registryHistory": "2020-02-29", "counter": 3}}, {"model": "energytransfers.history", "pk": 14, "fields": {"current": 1592, "consumption": 378, "registryHistory": "2020-03-31", "counter": 3}}, {"model": "energytransfers.history", "pk": 15, "fields": {"current": 1990, "consumption": 398, "registryHistory": "2020-04-30", "counter": 3}}, {"model": "energytransfers.history", "pk": 16, "fields": {"current": 380, "consumption": 380, "registryHistory": "2019-12-31", "counter": 4}}, {"model": "energytransfers.history", "pk": 17, "fields": {"current": 628, "consumption": 248, "registryHistory": "2020-01-31", "counter": 4}}, {"model": "energytransfers.history", "pk": 18, "fields": {"current": 978, "consumption": 350, "registryHistory": "2020-02-29", "counter": 4}}, {"model": "energytransfers.history", "pk": 19, "fields": {"current": 1197, "consumption": 219, "registryHistory": "2020-03-31", "counter": 4}}, {"model": "energytransfers.history", "pk": 20, "fields": {"current": 1460, "consumption": 263, "registryHistory": "2020-04-30", "counter": 4}}, {"model": "energytransfers.history", "pk": 21, "fields": {"current": 203, "consumption": 203, "registryHistory": "2019-12-31", "counter": 5}}, {"model": "energytransfers.history", "pk": 22, "fields": {"current": 500, "consumption": 297, "registryHistory": "2020-01-31", "counter": 5}}, {"model": "energytransfers.history", "pk": 23, "fields": {"current": 757, "consumption": 257, "registryHistory": "2020-02-29", "counter": 5}}, {"model": "energytransfers.history", "pk": 24, "fields": {"current": 1027, "consumption": 270, "registryHistory": "2020-03-31", "counter": 5}}, {"model": "energytransfers.history", "pk": 25, "fields": {"current": 1351, "consumption": 324, "registryHistory": "2020-04-30", "counter": 5}}, {"model": "energytransfers.history", "pk": 26, "fields": {"current": 358, "consumption": 358, "registryHistory": "2019-12-31", "counter": 6}}, {"model": "energytransfers.history", "pk": 27, "fields": {"current": 745, "consumption": 387, "registryHistory": "2020-01-31", "counter": 6}}, {"model": "energytransfers.history", "pk": 28, "fields": {"current": 1013, "consumption": 268, "registryHistory": "2020-02-29", "counter": 6}}, {"model": "energytransfers.history", "pk": 29, "fields": {"current": 1266, "consumption": 253, "registryHistory": "2020-03-31", "counter": 6}}, {"model": "energytransfers.history", "pk": 30, "fields": {"current": 1489, "consumption": 223, "registryHistory": "2020-04-30", "counter": 6}}, {"model": "energytransfers.history", "pk": 31, "fields": {"current": 231, "consumption": 231, "registryHistory": "2019-12-31", "counter": 7}}, {"model": "energytransfers.history", "pk": 32, "fields": {"current": 430, "consumption": 199, "registryHistory": "2020-01-31", "counter": 7}}, {"model": "energytransfers.history", "pk": 33, "fields": {"current": 640, "consumption": 210, "registryHistory": "2020-02-29", "counter": 7}}, {"model": "energytransfers.history", "pk": 34, "fields": {"current": 797, "consumption": 157, "registryHistory": "2020-03-31", "counter": 7}}, {"model": "energytransfers.history", "pk": 35, "fields": {"current": 1049, "consumption": 252, "registryHistory": "2020-04-30", "counter": 7}}, {"model": "energytransfers.history", "pk": 36, "fields": {"current": 317, "consumption": 317, "registryHistory": "2019-12-31", "counter": 8}}, {"model": "energytransfers.history", "pk": 37, "fields": {"current": 555, "consumption": 238, "registryHistory": "2020-01-31", "counter": 8}}, {"model": "energytransfers.history", "pk": 38, "fields": {"current": 753, "consumption": 198, "registryHistory": "2020-02-29", "counter": 8}}, {"model": "energytransfers.history", "pk": 39, "fields": {"current": 1096, "consumption": 343, "registryHistory": "2020-03-31", "counter": 8}}, {"model": "energytransfers.history", "pk": 40, "fields": {"current": 1320, "consumption": 224, "registryHistory": "2020-04-30", "counter": 8}}, {"model": "energytransfers.history", "pk": 41, "fields": {"current": 288, "consumption": 288, "registryHistory": "2019-12-31", "counter": 9}}, {"model": "energytransfers.history", "pk": 42, "fields": {"current": 602, "consumption": 314, "registryHistory": "2020-01-31", "counter": 9}}, {"model": "energytransfers.history", "pk": 43, "fields": {"current": 798, "consumption": 196, "registryHistory": "2020-02-29", "counter": 9}}, {"model": "energytransfers.history", "pk": 44, "fields": {"current": 1047, "consumption": 249, "registryHistory": "2020-03-31", "counter": 9}}, {"model": "energytransfers.history", "pk": 45, "fields": {"current": 1309, "consumption": 262, "registryHistory": "2020-04-30", "counter": 9}}, {"model": "energytransfers.history", "pk": 46, "fields": {"current": 424, "consumption": 424, "registryHistory": "2019-12-31", "counter": 10}}, {"model": "energytransfers.history", "pk": 47, "fields": {"current": 701, "consumption": 277, "registryHistory": "2020-01-31", "counter": 10}}, {"model": "energytransfers.history", "pk": 48, "fields": {"current": 945, "consumption": 244, "registryHistory": "2020-02-29", "counter": 10}}, {"model": "energytransfers.history", "pk": 49, "fields": {"current": 1336, "consumption": 391, "registryHistory": "2020-03-31", "counter": 10}}, {"model": "energytransfers.history", "pk": 50, "fields": {"current": 1629, "consumption": 293, "registryHistory": "2020-04-30", "counter": 10}}, {"model": "contract.contract", "pk": 20200515, "fields": {"interes_mora": 0, "client": 1, "counter": 1}}, {"model": "contract.contract", "pk": 20200516, "fields": {"interes_mora": 0, "client": 2, "counter": 2}}, {"model": "contract.contract", "pk": 20200517, "fields": {"interes_mora": 0, "client": 3, "counter": 3}}, {"model": "contract.contract", "pk": 20200518, "fields": {"interes_mora": 0, "client": 4, "counter": 4}}, {"model": "contract.contract", "pk": 20200519, "fields": {"interes_mora": 0, "client": 5, "counter": 5}}, {"model": "contract.contract", "pk": 20200520, "fields": {"interes_mora": 0, "client": 6, "counter": 6}}, {"model": "contract.contract", "pk": 20200521, "fields": {"interes_mora": 0.09, "client": 7, "counter": 7}}, {"model": "contract.contract", "pk": 20200522, "fields": {"interes_mora": 0.1, "client": 8, "counter": 8}}, {"model": "contract.contract", "pk": 20200523, "fields": {"interes_mora": 0, "client": 9, "counter": 9}}, {"model": "contract.contract", "pk": 20200524, "fields": {"interes_mora": 0.3, "client": 10, "counter": 10}}, {"model": "contract.Invoice", "pk": 2001, "fields": {"billingDate": "2019-12-31", "deadDatePay": "2020-01-10", "counter": 1, "address": "Carrera 5 # 14-4", "stratum": 1, "currentRecord": 302, "pastRecord": 0, "basicTake": 173, "remainder": 129, "unitaryValue": 589, "interestMora": 0, "totalMora": 0.0, "overdue": 0.0, "intakes": "12-302", "referencecodeInvoice": "202004301759916261534871180", "total": 116739.79999999999, "stateInvoice": true, "is_active": false, "contract": 20200515}}, {"model": "contract.Invoice", "pk": 2002, "fields": {"billingDate": "2020-01-31", "deadDatePay": "2020-02-10", "counter": 1, "address": "Carrera 5 # 14-4", "stratum": 1, "currentRecord": 579, "pastRecord": 302, "basicTake": 173, "remainder": 104, "unitaryValue": 589, "interestMora": 0, "totalMora": 0.0, "overdue": 0.0, "intakes": "1-277,12-302", "referencecodeInvoice": "202004301759427261534118440", "total": 102014.79999999999, "stateInvoice": true, "is_active": false, "contract": 20200515}}, {"model": "contract.Invoice", "pk": 2003, "fields": {"billingDate": "2020-02-29", "deadDatePay": "2020-03-10", "counter": 1, "address": "Carrera 5 # 14-4", "stratum": 1, "currentRecord": 831, "pastRecord": 579, "basicTake": 173, "remainder": 79, "unitaryValue": 589, "interestMora": 0, "totalMora": 0.0, "overdue": 0.0, "intakes": "2-252,1-277,12-302", "referencecodeInvoice": "202004301759921261534830200", "total": 87289.79999999999, "stateInvoice": true, "is_active": false, "contract": 20200515}}, {"model": "contract.Invoice", "pk": 2004, "fields": {"billingDate": "2020-03-31", "deadDatePay": "2020-04-10", "counter": 1, "address": "Carrera 5 # 14-4", "stratum": 1, "currentRecord": 1020, "pastRecord": 831, "basicTake": 173, "remainder": 16, "unitaryValue": 589, "interestMora": 0, "totalMora": 0.0, "overdue": 0.0, "intakes": "3-189,2-252,1-277,12-302", "referencecodeInvoice": "202004301759675261534673693", "total": 50182.8, "stateInvoice": true, "is_active": false, "contract": 20200515}}, {"model": "contract.Invoice", "pk": 2005, "fields": {"billingDate": "2020-04-30", "deadDatePay": "2020-05-10", "counter": 1, "address": "Carrera 5 # 14-4", "stratum": 1, "currentRecord": 1259, "pastRecord": 1020, "basicTake": 173, "remainder": 66, "unitaryValue": 589, "interestMora": 0, "totalMora": 0.0, "overdue": 0.0, "intakes": "4-239,3-189,2-252,1-277,12-302", "referencecodeInvoice": "202004301759505261534942766", "total": 79632.79999999999, "stateInvoice": true, "is_active": true, "contract": 20200515}}, {"model": "contract.Invoice", "pk": 2006, "fields": {"billingDate": "2019-12-31", "deadDatePay": "2020-01-10", "counter": 2, "address": "Carrera 5 con calle 56", "stratum": 3, "currentRecord": 207, "pastRecord": 0, "basicTake": 173, "remainder": 34, "unitaryValue": 589, "interestMora": 0, "totalMora": 0.0, "overdue": 0.0, "intakes": "12-207", "referencecodeInvoice": "202004301759835261536571991", "total": 106638.45, "stateInvoice": true, "is_active": false, "contract": 20200516}}, {"model": "contract.Invoice", "pk": 2007, "fields": {"billingDate": "2020-01-31", "deadDatePay": "2020-02-10", "counter": 2, "address": "Carrera 5 con calle 56", "stratum": 3, "currentRecord": 455, "pastRecord": 207, "basicTake": 173, "remainder": 75, "unitaryValue": 589, "interestMora": 0, "totalMora": 0.0, "overdue": 0.0, "intakes": "1-248,12-207", "referencecodeInvoice": "202004301759150261539766745", "total": 130787.45, "stateInvoice": true, "is_active": false, "contract": 20200516}}, {"model": "contract.Invoice", "pk": 2008, "fields": {"billingDate": "2020-02-29", "deadDatePay": "2020-03-10", "counter": 2, "address": "Carrera 5 con calle 56", "stratum": 3, "currentRecord": 814, "pastRecord": 455, "basicTake": 173, "remainder": 186, "unitaryValue": 589, "interestMora": 0, "totalMora": 0.0, "overdue": 0.0, "intakes": "2-359,1-248,12-207", "referencecodeInvoice": "202004301759980261535947844", "total": 196166.44999999998, "stateInvoice": true, "is_active": false, "contract": 20200516}}, {"model": "contract.Invoice", "pk": 2009, "fields": {"billingDate": "2020-03-31", "deadDatePay": "2020-04-10", "counter": 2, "address": "Carrera 5 con calle 56", "stratum": 3, "currentRecord": 1049, "pastRecord": 814, "basicTake": 173, "remainder": 62, "unitaryValue": 589, "interestMora": 0, "totalMora": 0.0, "overdue": 0.0, "intakes": "3-235,2-359,1-248,12-207", "referencecodeInvoice": "202004301759724261534036274", "total": 123130.45, "stateInvoice": true, "is_active": false, "contract": 20200516}}, {"model": "contract.Invoice", "pk": 2010, "fields": {"billingDate": "2020-04-30", "deadDatePay": "2020-05-10", "counter": 2, "address": "Carrera 5 con calle 56", "stratum": 3, "currentRecord": 1380, "pastRecord": 1049, "basicTake": 173, "remainder": 158, "unitaryValue": 589, "interestMora": 0, "totalMora": 0.0, "overdue": 0.0, "intakes": "4-331,3-235,2-359,1-248,12-207", "referencecodeInvoice": "202004301759194261536548273", "total": 179674.44999999998, "stateInvoice": true, "is_active": true, "contract": 20200516}}, {"model": "contract.Invoice", "pk": 2011, "fields": {"billingDate": "2019-12-31", "deadDatePay": "2020-01-10", "counter": 3, "address": "Carrera 2 # 45", "stratum": 2, "currentRecord": 438, "pastRecord": 0, "basicTake": 173, "remainder": 265, "unitaryValue": 589, "interestMora": 0, "totalMora": 0.0, "overdue": 0.0, "intakes": "12-438", "referencecodeInvoice": "202004301759335261536773164", "total": 207033.5, "stateInvoice": true, "is_active": false, "contract": 20200517}}, {"model": "contract.Invoice", "pk": 2012, "fields": {"billingDate": "2020-01-31", "deadDatePay": "2020-02-10", "counter": 3, "address": "Carrera 2 # 45", "stratum": 2, "currentRecord": 736, "pastRecord": 438, "basicTake": 173, "remainder": 125, "unitaryValue": 589, "interestMora": 0, "totalMora": 0.0, "overdue": 0.0, "intakes": "1-298,12-438", "referencecodeInvoice": "202004301759444261531316308", "total": 124573.5, "stateInvoice": true, "is_active": false, "contract": 20200517}}, {"model": "contract.Invoice", "pk": 2013, "fields": {"billingDate": "2020-02-29", "deadDatePay": "2020-03-10", "counter": 3, "address": "Carrera 2 # 45", "stratum": 2, "currentRecord": 1214, "pastRecord": 736, "basicTake": 173, "remainder": 305, "unitaryValue": 589, "interestMora": 0, "totalMora": 0.0, "overdue": 0.0, "intakes": "2-478,1-298,12-438", "referencecodeInvoice": "202004301759589261539145848", "total": 230593.5, "stateInvoice": true, "is_active": false, "contract": 20200517}}, {"model": "contract.Invoice", "pk": 2014, "fields": {"billingDate": "2020-03-31", "deadDatePay": "2020-04-10", "counter": 3, "address": "Carrera 2 # 45", "stratum": 2, "currentRecord": 1592, "pastRecord": 1214, "basicTake": 173, "remainder": 205, "unitaryValue": 589, "interestMora": 0, "totalMora": 0.0, "overdue": 0.0, "intakes": "3-378,2-478,1-298,12-438", "referencecodeInvoice": "202004301759589261535054161", "total": 171693.5, "stateInvoice": true, "is_active": false, "contract": 20200517}}, {"model": "contract.Invoice", "pk": 2015, "fields": {"billingDate": "2020-04-30", "deadDatePay": "2020-05-10", "counter": 3, "address": "Carrera 2 # 45", "stratum": 2, "currentRecord": 1990, "pastRecord": 1592, "basicTake": 173, "remainder": 225, "unitaryValue": 589, "interestMora": 0, "totalMora": 0.0, "overdue": 0.0, "intakes": "4-398,3-378,2-478,1-298,12-438", "referencecodeInvoice": "202004301759631261535059776", "total": 183473.5, "stateInvoice": true, "is_active": true, "contract": 20200517}}, {"model": "contract.Invoice", "pk": 2016, "fields": {"billingDate": "2019-12-31", "deadDatePay": "2020-01-10", "counter": 4, "address": "Calle 66A #43", "stratum": 6, "currentRecord": 380, "pastRecord": 0, "basicTake": 173, "remainder": 207, "unitaryValue": 589, "interestMora": 0, "totalMora": 0.0, "overdue": 0.0, "intakes": "12-380", "referencecodeInvoice": "202004301759641261533871356", "total": 223820, "stateInvoice": true, "is_active": false, "contract": 20200518}}, {"model": "contract.Invoice", "pk": 2017, "fields": {"billingDate": "2020-01-31", "deadDatePay": "2020-02-10", "counter": 4, "address": "Calle 66A #43", "stratum": 6, "currentRecord": 628, "pastRecord": 380, "basicTake": 173, "remainder": 75, "unitaryValue": 589, "interestMora": 0, "totalMora": 0.0, "overdue": 0.0, "intakes": "1-248,12-380", "referencecodeInvoice": "202004301759375261535301881", "total": 146072, "stateInvoice": true, "is_active": false, "contract": 20200518}}, {"model": "contract.Invoice", "pk": 2018, "fields": {"billingDate": "2020-02-29", "deadDatePay": "2020-03-10", "counter": 4, "address": "Calle 66A #43", "stratum": 6, "currentRecord": 978, "pastRecord": 628, "basicTake": 173, "remainder": 177, "unitaryValue": 589, "interestMora": 0, "totalMora": 0.0, "overdue": 0.0, "intakes": "2-350,1-248,12-380", "referencecodeInvoice": "202004301759542261534244266", "total": 206150, "stateInvoice": true, "is_active": false, "contract": 20200518}}, {"model": "contract.Invoice", "pk": 2019, "fields": {"billingDate": "2020-03-31", "deadDatePay": "2020-04-10", "counter": 4, "address": "Calle 66A #43", "stratum": 6, "currentRecord": 1197, "pastRecord": 978, "basicTake": 173, "remainder": 46, "unitaryValue": 589, "interestMora": 0, "totalMora": 0.0, "overdue": 0.0, "intakes": "3-219,2-350,1-248,12-380", "referencecodeInvoice": "202004301759392261533184572", "total": 128991, "stateInvoice": true, "is_active": false, "contract": 20200518}}, {"model": "contract.Invoice", "pk": 2020, "fields": {"billingDate": "2020-04-30", "deadDatePay": "2020-05-10", "counter": 4, "address": "Calle 66A #43", "stratum": 6, "currentRecord": 1460, "pastRecord": 1197, "basicTake": 173, "remainder": 90, "unitaryValue": 589, "interestMora": 0, "totalMora": 0.0, "overdue": 0.0, "intakes": "4-263,3-219,2-350,1-248,12-380", "referencecodeInvoice": "202004301759255261532501450", "total": 154907, "stateInvoice": true, "is_active": true, "contract": 20200518}}, {"model": "contract.Invoice", "pk": 2021, "fields": {"billingDate": "2019-12-31", "deadDatePay": "2020-01-10", "counter": 5, "address": "Calle 71 #42", "stratum": 4, "currentRecord": 203, "pastRecord": 0, "basicTake": 173, "remainder": 30, "unitaryValue": 589, "interestMora": 0, "totalMora": 0.0, "overdue": 0.0, "intakes": "12-203", "referencecodeInvoice": "202004301759357261534939568", "total": 119567, "stateInvoice": true, "is_active": false, "contract": 20200519}}, {"model": "contract.Invoice", "pk": 2022, "fields": {"billingDate": "2020-01-31", "deadDatePay": "2020-02-10", "counter": 5, "address": "Calle 71 #42", "stratum": 4, "currentRecord": 500, "pastRecord": 203, "basicTake": 173, "remainder": 124, "unitaryValue": 589, "interestMora": 0, "totalMora": 0.0, "overdue": 0.0, "intakes": "1-297,12-203", "referencecodeInvoice": "202004301759147261536997265", "total": 174933, "stateInvoice": true, "is_active": false, "contract": 20200519}}, {"model": "contract.Invoice", "pk": 2023, "fields": {"billingDate": "2020-02-29", "deadDatePay": "2020-03-10", "counter": 5, "address": "Calle 71 #42", "stratum": 4, "currentRecord": 757, "pastRecord": 500, "basicTake": 173, "remainder": 84, "unitaryValue": 589, "interestMora": 0, "totalMora": 0.0, "overdue": 0.0, "intakes": "2-257,1-297,12-203", "referencecodeInvoice": "202004301759346261535115841", "total": 151373, "stateInvoice": true, "is_active": false, "contract": 20200519}}, {"model": "contract.Invoice", "pk": 2024, "fields": {"billingDate": "2020-03-31", "deadDatePay": "2020-04-10", "counter": 5, "address": "Calle 71 #42", "stratum": 4, "currentRecord": 1027, "pastRecord": 757, "basicTake": 173, "remainder": 97, "unitaryValue": 589, "interestMora": 0, "totalMora": 0.0, "overdue": 0.0, "intakes": "3-270,2-257,1-297,12-203", "referencecodeInvoice": "202004301759741261531267701", "total": 159030, "stateInvoice": true, "is_active": false, "contract": 20200519}}, {"model": "contract.Invoice", "pk": 2025, "fields": {"billingDate": "2020-04-30", "deadDatePay": "2020-05-10", "counter": 5, "address": "Calle 71 #42", "stratum": 4, "currentRecord": 1351, "pastRecord": 1027, "basicTake": 173, "remainder": 151, "unitaryValue": 589, "interestMora": 0, "totalMora": 0.0, "overdue": 0.0, "intakes": "4-324,3-270,2-257,1-297,12-203", "referencecodeInvoice": "202004301759586261539782213", "total": 190836, "stateInvoice": true, "is_active": true, "contract": 20200519}}, {"model": "contract.Invoice", "pk": 2026, "fields": {"billingDate": "2019-12-31", "deadDatePay": "2020-01-10", "counter": 6, "address": "Carrera 24 #4B", "stratum": 4, "currentRecord": 358, "pastRecord": 0, "basicTake": 173, "remainder": 185, "unitaryValue": 589, "interestMora": 0, "totalMora": 0.0, "overdue": 0.0, "intakes": "12-358", "referencecodeInvoice": "202004301759758261538892748", "total": 210862, "stateInvoice": true, "is_active": false, "contract": 20200520}}, {"model": "contract.Invoice", "pk": 2027, "fields": {"billingDate": "2020-01-31", "deadDatePay": "2020-02-10", "counter": 6, "address": "Carrera 24 #4B", "stratum": 4, "currentRecord": 745, "pastRecord": 358, "basicTake": 173, "remainder": 214, "unitaryValue": 589, "interestMora": 0, "totalMora": 0.0, "overdue": 0.0, "intakes": "1-387,12-358", "referencecodeInvoice": "202004301759527261534865054", "total": 227943, "stateInvoice": true, "is_active": false, "contract": 20200520}}, {"model": "contract.Invoice", "pk": 2028, "fields": {"billingDate": "2020-02-29", "deadDatePay": "2020-03-10", "counter": 6, "address": "Carrera 24 #4B", "stratum": 4, "currentRecord": 1013, "pastRecord": 745, "basicTake": 173, "remainder": 95, "unitaryValue": 589, "interestMora": 0, "totalMora": 0.0, "overdue": 0.0, "intakes": "2-268,1-387,12-358", "referencecodeInvoice": "202004301759485261537679260", "total": 157852, "stateInvoice": true, "is_active": false, "contract": 20200520}}, {"model": "contract.Invoice", "pk": 2029, "fields": {"billingDate": "2020-03-31", "deadDatePay": "2020-04-10", "counter": 6, "address": "Carrera 24 #4B", "stratum": 4, "currentRecord": 1266, "pastRecord": 1013, "basicTake": 173, "remainder": 80, "unitaryValue": 589, "interestMora": 0, "totalMora": 0.0, "overdue": 0.0, "intakes": "3-253,2-268,1-387,12-358", "referencecodeInvoice": "202004301759295261533187851", "total": 149017, "stateInvoice": true, "is_active": false, "contract": 20200520}}, {"model": "contract.Invoice", "pk": 2030, "fields": {"billingDate": "2020-04-30", "deadDatePay": "2020-05-10", "counter": 6, "address": "Carrera 24 #4B", "stratum": 4, "currentRecord": 1489, "pastRecord": 1266, "basicTake": 173, "remainder": 50, "unitaryValue": 589, "interestMora": 0, "totalMora": 0.0, "overdue": 0.0, "intakes": "4-223,3-253,2-268,1-387,12-358", "referencecodeInvoice": "202004301759551261535564320", "total": 131347, "stateInvoice": true, "is_active": true, "contract": 20200520}}, {"model": "contract.Invoice", "pk": 2031, "fields": {"billingDate": "2019-12-31", "deadDatePay": "2020-01-10", "counter": 7, "address": "Carrera 24C #10", "stratum": 3, "currentRecord": 231, "pastRecord": 0, "basicTake": 173, "remainder": 58, "unitaryValue": 589, "interestMora": 0, "totalMora": 0.0, "overdue": 0.0, "intakes": "12-231", "referencecodeInvoice": "202004301759536261534578693", "total": 120774.45, "stateInvoice": true, "is_active": false, "contract": 20200521}}, {"model": "contract.Invoice", "pk": 2032, "fields": {"billingDate": "2020-01-31", "deadDatePay": "2020-02-10", "counter": 7, "address": "Carrera 24C #10", "stratum": 3, "currentRecord": 430, "pastRecord": 231, "basicTake": 173, "remainder": 26, "unitaryValue": 589, "interestMora": 0, "totalMora": 0.0, "overdue": 0.0, "intakes": "1-199,12-231", "referencecodeInvoice": "202004301759688261539123109", "total": 101926.45, "stateInvoice": true, "is_active": false, "contract": 20200521}}, {"model": "contract.Invoice", "pk": 2033, "fields": {"billingDate": "2020-02-29", "deadDatePay": "2020-03-10", "counter": 7, "address": "Carrera 24C #10", "stratum": 3, "currentRecord": 640, "pastRecord": 430, "basicTake": 173, "remainder": 37, "unitaryValue": 589, "interestMora": 0, "totalMora": 0.0, "overdue": 0.0, "intakes": "2-210,1-199,12-231", "referencecodeInvoice": "202004301759183261535925001", "total": 108405.45, "stateInvoice": true, "is_active": false, "contract": 20200521}}, {"model": "contract.Invoice", "pk": 2034, "fields": {"billingDate": "2020-03-31", "deadDatePay": "2020-04-10", "counter": 7, "address": "Carrera 24C #10", "stratum": 3, "currentRecord": 797, "pastRecord": 640, "basicTake": 157, "remainder": 0, "unitaryValue": 589, "interestMora": 0, "totalMora": 0.0, "overdue": 0.0, "intakes": "3-157,2-210,1-199,12-231", "referencecodeInvoice": "202004301759235261532366015", "total": 78602.04999999999, "stateInvoice": true, "is_active": false, "contract": 20200521}}, {"model": "contract.Invoice", "pk": 2035, "fields": {"billingDate": "2020-04-30", "deadDatePay": "2020-05-10", "counter": 7, "address": "Carrera 24C #10", "stratum": 3, "currentRecord": 1049, "pastRecord": 797, "basicTake": 173, "remainder": 79, "unitaryValue": 589, "interestMora": 0, "totalMora": 0.0, "overdue": 0.0, "intakes": "4-252,3-157,2-210,1-199,12-231", "referencecodeInvoice": "202004301759581261532238594", "total": 133143.44999999998, "stateInvoice": true, "is_active": true, "contract": 20200521}}, {"model": "contract.Invoice", "pk": 2036, "fields": {"billingDate": "2019-12-31", "deadDatePay": "2020-01-10", "counter": 8, "address": "Carrera 28B #9", "stratum": 3, "currentRecord": 317, "pastRecord": 0, "basicTake": 173, "remainder": 144, "unitaryValue": 589, "interestMora": 0, "totalMora": 0.0, "overdue": 0.0, "intakes": "12-317", "referencecodeInvoice": "202004301759177261535636859", "total": 171428.44999999998, "stateInvoice": true, "is_active": false, "contract": 20200522}}, {"model": "contract.Invoice", "pk": 2037, "fields": {"billingDate": "2020-01-31", "deadDatePay": "2020-02-10", "counter": 8, "address": "Carrera 28B #9", "stratum": 3, "currentRecord": 555, "pastRecord": 317, "basicTake": 173, "remainder": 65, "unitaryValue": 589, "interestMora": 0, "totalMora": 0.0, "overdue": 0.0, "intakes": "1-238,12-317", "referencecodeInvoice": "202004301759114261536704679", "total": 124897.45, "stateInvoice": true, "is_active": false, "contract": 20200522}}, {"model": "contract.Invoice", "pk": 2038, "fields": {"billingDate": "2020-02-29", "deadDatePay": "2020-03-10", "counter": 8, "address": "Carrera 28B #9", "stratum": 3, "currentRecord": 753, "pastRecord": 555, "basicTake": 173, "remainder": 25, "unitaryValue": 589, "interestMora": 0, "totalMora": 0.0, "overdue": 0.0, "intakes": "2-198,1-238,12-317", "referencecodeInvoice": "202004301759439261533944484", "total": 101337.45, "stateInvoice": true, "is_active": false, "contract": 20200522}}, {"model": "contract.Invoice", "pk": 2039, "fields": {"billingDate": "2020-03-31", "deadDatePay": "2020-04-10", "counter": 8, "address": "Carrera 28B #9", "stratum": 3, "currentRecord": 1096, "pastRecord": 753, "basicTake": 173, "remainder": 170, "unitaryValue": 589, "interestMora": 0, "totalMora": 0.0, "overdue": 0.0, "intakes": "3-343,2-198,1-238,12-317", "referencecodeInvoice": "202004301759727261534444103", "total": 186742.44999999998, "stateInvoice": true, "is_active": false, "contract": 20200522}}, {"model": "contract.Invoice", "pk": 2040, "fields": {"billingDate": "2020-04-30", "deadDatePay": "2020-05-10", "counter": 8, "address": "Carrera 28B #9", "stratum": 3, "currentRecord": 1320, "pastRecord": 1096, "basicTake": 173, "remainder": 51, "unitaryValue": 589, "interestMora": 0, "totalMora": 0.0, "overdue": 0.0, "intakes": "4-224,3-343,2-198,1-238,12-317", "referencecodeInvoice": "202004301759246261536554164", "total": 116651.45, "stateInvoice": true, "is_active": true, "contract": 20200522}}, {"model": "contract.Invoice", "pk": 2041, "fields": {"billingDate": "2019-12-31", "deadDatePay": "2020-01-10", "counter": 9, "address": "Carrera 25 #33-17", "stratum": 5, "currentRecord": 288, "pastRecord": 0, "basicTake": 173, "remainder": 115, "unitaryValue": 589, "interestMora": 0, "totalMora": 0.0, "overdue": 0.0, "intakes": "12-288", "referencecodeInvoice": "202004301759548261536046658", "total": 169632, "stateInvoice": true, "is_active": false, "contract": 20200523}}, {"model": "contract.Invoice", "pk": 2042, "fields": {"billingDate": "2020-01-31", "deadDatePay": "2020-02-10", "counter": 9, "address": "Carrera 25 #33-17", "stratum": 5, "currentRecord": 602, "pastRecord": 288, "basicTake": 173, "remainder": 141, "unitaryValue": 589, "interestMora": 0, "totalMora": 0.0, "overdue": 0.0, "intakes": "1-314,12-288", "referencecodeInvoice": "202004301759862261531628965", "total": 184946, "stateInvoice": true, "is_active": false, "contract": 20200523}}, {"model": "contract.Invoice", "pk": 2043, "fields": {"billingDate": "2020-02-29", "deadDatePay": "2020-03-10", "counter": 9, "address": "Carrera 25 #33-17", "stratum": 5, "currentRecord": 798, "pastRecord": 602, "basicTake": 173, "remainder": 23, "unitaryValue": 589, "interestMora": 0, "totalMora": 0.0, "overdue": 0.0, "intakes": "2-196,1-314,12-288", "referencecodeInvoice": "202004301759995261536552091", "total": 115444, "stateInvoice": true, "is_active": false, "contract": 20200523}}, {"model": "contract.Invoice", "pk": 2044, "fields": {"billingDate": "2020-03-31", "deadDatePay": "2020-04-10", "counter": 9, "address": "Carrera 25 #33-17", "stratum": 5, "currentRecord": 1047, "pastRecord": 798, "basicTake": 173, "remainder": 76, "unitaryValue": 589, "interestMora": 0, "totalMora": 0.0, "overdue": 0.0, "intakes": "3-249,2-196,1-314,12-288", "referencecodeInvoice": "202004301759480261538222197", "total": 146661, "stateInvoice": true, "is_active": false, "contract": 20200523}}, {"model": "contract.Invoice", "pk": 2045, "fields": {"billingDate": "2020-04-30", "deadDatePay": "2020-05-10", "counter": 9, "address": "Carrera 25 #33-17", "stratum": 5, "currentRecord": 1309, "pastRecord": 1047, "basicTake": 173, "remainder": 89, "unitaryValue": 589, "interestMora": 0, "totalMora": 0.0, "overdue": 0.0, "intakes": "4-262,3-249,2-196,1-314,12-288", "referencecodeInvoice": "202004301759683261539529079", "total": 154318, "stateInvoice": false, "is_active": true, "contract": 20200523}}, {"model": "contract.Invoice", "pk": 2046, "fields": {"billingDate": "2019-12-31", "deadDatePay": "2020-01-10", "counter": 10, "address": "Carrera 29A #12-89", "stratum": 4, "currentRecord": 424, "pastRecord": 0, "basicTake": 173, "remainder": 251, "unitaryValue": 589, "interestMora": 0, "totalMora": 0.0, "overdue": 0.0, "intakes": "12-424", "referencecodeInvoice": "202004301759615261536159509", "total": 249736, "stateInvoice": true, "is_active": false, "contract": 20200524}}, {"model": "contract.Invoice", "pk": 2047, "fields": {"billingDate": "2020-01-31", "deadDatePay": "2020-02-10", "counter": 10, "address": "Carrera 29A #12-89", "stratum": 4, "currentRecord": 701, "pastRecord": 424, "basicTake": 173, "remainder": 104, "unitaryValue": 589, "interestMora": 0, "totalMora": 0.0, "overdue": 0.0, "intakes": "1-277,12-424", "referencecodeInvoice": "202004301759407261534218293", "total": 163153, "stateInvoice": true, "is_active": false, "contract": 20200524}}, {"model": "contract.Invoice", "pk": 2048, "fields": {"billingDate": "2020-02-29", "deadDatePay": "2020-03-10", "counter": 10, "address": "Carrera 29A #12-89", "stratum": 4, "currentRecord": 945, "pastRecord": 701, "basicTake": 173, "remainder": 71, "unitaryValue": 589, "interestMora": 0, "totalMora": 0.0, "overdue": 0.0, "intakes": "2-244,1-277,12-424", "referencecodeInvoice": "202004301759977261532282992", "total": 143716, "stateInvoice": false, "is_active": false, "contract": 20200524}}, {"model": "contract.Invoice", "pk": 2049, "fields": {"billingDate": "2020-03-31", "deadDatePay": "2020-04-10", "counter": 10, "address": "Carrera 29A #12-89", "stratum": 4, "currentRecord": 1336, "pastRecord": 945, "basicTake": 173, "remainder": 218, "unitaryValue": 589, "interestMora": 0, "totalMora": 0.0, "overdue": 143716, "intakes": "3-391,2-244,1-277,12-424", "referencecodeInvoice": "202004301759294261533929245", "total": 374015, "stateInvoice": false, "is_active": false, "contract": 20200524}}, {"model": "contract.Invoice", "pk": 2050, "fields": {"billingDate": "2020-04-30", "deadDatePay": "2020-05-10", "counter": 10, "address": "Carrera 29A #12-89", "stratum": 4, "currentRecord": 1629, "pastRecord": 1336, "basicTake": 173, "remainder": 120, "unitaryValue": 589, "interestMora": 0.3, "totalMora": 155319.3, "overdue": 517731, "intakes": "4-293,3-391,2-244,1-277,12-424", "referencecodeInvoice": "202004301759877261531141996", "total": 845627.3, "stateInvoice": false, "is_active": true, "contract": 20200524}}, {"model": "payments.payment", "pk": 40051, "fields": {"valuePayment": 116739.79999999999, "datePayment": "2020-01-09 00:00:00", "facturaPayment": 2001}}, {"model": "payments.payment", "pk": 40052, "fields": {"valuePayment": 102014.79999999999, "datePayment": "2020-02-07 00:00:00", "facturaPayment": 2002}}, {"model": "payments.payment", "pk": 40053, "fields": {"valuePayment": 87289.79999999999, "datePayment": "2020-03-07 00:00:00", "facturaPayment": 2003}}, {"model": "payments.payment", "pk": 40054, "fields": {"valuePayment": 50182.8, "datePayment": "2020-04-09 00:00:00", "facturaPayment": 2004}}, {"model": "payments.payment", "pk": 40055, "fields": {"valuePayment": 79632.79999999999, "datePayment": "2020-05-01 00:00:00", "facturaPayment": 2005}}, {"model": "payments.payment", "pk": 40056, "fields": {"valuePayment": 106638.45, "datePayment": "2020-01-07 00:00:00", "facturaPayment": 2006}}, {"model": "payments.payment", "pk": 40057, "fields": {"valuePayment": 130787.45, "datePayment": "2020-02-03 00:00:00", "facturaPayment": 2007}}, {"model": "payments.payment", "pk": 40058, "fields": {"valuePayment": 196166.44999999998, "datePayment": "2020-03-03 00:00:00", "facturaPayment": 2008}}, {"model": "payments.payment", "pk": 40059, "fields": {"valuePayment": 123130.45, "datePayment": "2020-04-04 00:00:00", "facturaPayment": 2009}}, {"model": "payments.payment", "pk": 40060, "fields": {"valuePayment": 179674.44999999998, "datePayment": "2020-05-08 00:00:00", "facturaPayment": 2010}}, {"model": "payments.payment", "pk": 40061, "fields": {"valuePayment": 207033.5, "datePayment": "2020-01-08 00:00:00", "facturaPayment": 2011}}, {"model": "payments.payment", "pk": 40062, "fields": {"valuePayment": 124573.5, "datePayment": "2020-02-01 00:00:00", "facturaPayment": 2012}}, {"model": "payments.payment", "pk": 40063, "fields": {"valuePayment": 230593.5, "datePayment": "2020-03-08 00:00:00", "facturaPayment": 2013}}, {"model": "payments.payment", "pk": 40064, "fields": {"valuePayment": 171693.5, "datePayment": "2020-04-03 00:00:00", "facturaPayment": 2014}}, {"model": "payments.payment", "pk": 40065, "fields": {"valuePayment": 183473.5, "datePayment": "2020-05-03 00:00:00", "facturaPayment": 2015}}, {"model": "payments.payment", "pk": 40066, "fields": {"valuePayment": 223820, "datePayment": "2020-01-05 00:00:00", "facturaPayment": 2016}}, {"model": "payments.payment", "pk": 40067, "fields": {"valuePayment": 146072, "datePayment": "2020-02-07 00:00:00", "facturaPayment": 2017}}, {"model": "payments.payment", "pk": 40068, "fields": {"valuePayment": 206150, "datePayment": "2020-03-05 00:00:00", "facturaPayment": 2018}}, {"model": "payments.payment", "pk": 40069, "fields": {"valuePayment": 128991, "datePayment": "2020-04-01 00:00:00", "facturaPayment": 2019}}, {"model": "payments.payment", "pk": 40070, "fields": {"valuePayment": 154907, "datePayment": "2020-05-03 00:00:00", "facturaPayment": 2020}}, {"model": "payments.payment", "pk": 40071, "fields": {"valuePayment": 119567, "datePayment": "2020-01-01 00:00:00", "facturaPayment": 2021}}, {"model": "payments.payment", "pk": 40072, "fields": {"valuePayment": 174933, "datePayment": "2020-02-07 00:00:00", "facturaPayment": 2022}}, {"model": "payments.payment", "pk": 40073, "fields": {"valuePayment": 151373, "datePayment": "2020-03-07 00:00:00", "facturaPayment": 2023}}, {"model": "payments.payment", "pk": 40074, "fields": {"valuePayment": 159030, "datePayment": "2020-04-01 00:00:00", "facturaPayment": 2024}}, {"model": "payments.payment", "pk": 40075, "fields": {"valuePayment": 190836, "datePayment": "2020-05-09 00:00:00", "facturaPayment": 2025}}, {"model": "payments.payment", "pk": 40076, "fields": {"valuePayment": 210862, "datePayment": "2020-01-02 00:00:00", "facturaPayment": 2026}}, {"model": "payments.payment", "pk": 40077, "fields": {"valuePayment": 227943, "datePayment": "2020-02-07 00:00:00", "facturaPayment": 2027}}, {"model": "payments.payment", "pk": 40078, "fields": {"valuePayment": 157852, "datePayment": "2020-03-02 00:00:00", "facturaPayment": 2028}}, {"model": "payments.payment", "pk": 40079, "fields": {"valuePayment": 149017, "datePayment": "2020-04-03 00:00:00", "facturaPayment": 2029}}, {"model": "payments.payment", "pk": 40080, "fields": {"valuePayment": 131347, "datePayment": "2020-05-01 00:00:00", "facturaPayment": 2030}}, {"model": "payments.payment", "pk": 40081, "fields": {"valuePayment": 120774.45, "datePayment": "2020-01-06 00:00:00", "facturaPayment": 2031}}, {"model": "payments.payment", "pk": 40082, "fields": {"valuePayment": 101926.45, "datePayment": "2020-02-07 00:00:00", "facturaPayment": 2032}}, {"model": "payments.payment", "pk": 40083, "fields": {"valuePayment": 108405.45, "datePayment": "2020-03-05 00:00:00", "facturaPayment": 2033}}, {"model": "payments.payment", "pk": 40084, "fields": {"valuePayment": 78602.04999999999, "datePayment": "2020-04-07 00:00:00", "facturaPayment": 2034}}, {"model": "payments.payment", "pk": 40085, "fields": {"valuePayment": 133143.44999999998, "datePayment": "2020-05-19", "facturaPayment": 2035}}, {"model": "payments.payment", "pk": 40086, "fields": {"valuePayment": 171428.44999999998, "datePayment": "2020-01-07 00:00:00", "facturaPayment": 2036}}, {"model": "payments.payment", "pk": 40087, "fields": {"valuePayment": 124897.45, "datePayment": "2020-02-04 00:00:00", "facturaPayment": 2037}}, {"model": "payments.payment", "pk": 40088, "fields": {"valuePayment": 101337.45, "datePayment": "2020-03-01 00:00:00", "facturaPayment": 2038}}, {"model": "payments.payment", "pk": 40089, "fields": {"valuePayment": 186742.44999999998, "datePayment": "2020-04-04 00:00:00", "facturaPayment": 2039}}, {"model": "payments.payment", "pk": 40090, "fields": {"valuePayment": 116651.45, "datePayment": "2020-05-20", "facturaPayment": 2040}}, {"model": "payments.payment", "pk": 40091, "fields": {"valuePayment": 169632, "datePayment": "2020-01-05 00:00:00", "facturaPayment": 2041}}, {"model": "payments.payment", "pk": 40092, "fields": {"valuePayment": 184946, "datePayment": "2020-02-02 00:00:00", "facturaPayment": 2042}}, {"model": "payments.payment", "pk": 40093, "fields": {"valuePayment": 115444, "datePayment": "2020-03-04 00:00:00", "facturaPayment": 2043}}, {"model": "payments.payment", "pk": 40094, "fields": {"valuePayment": 146661, "datePayment": "2020-04-05 00:00:00", "facturaPayment": 2044}}, {"model": "payments.payment", "pk": 40096, "fields": {"valuePayment": 249736, "datePayment": "2020-01-02 00:00:00", "facturaPayment": 2046}}, {"model": "payments.payment", "pk": 40097, "fields": {"valuePayment": 163153, "datePayment": "2020-02-05 00:00:00", "facturaPayment": 2047}}]
